linux	UNKNOWN STEP	﻿2026-10-05T14:00:49.4357947Z Current runner version: '2.337.0'
linux	UNKNOWN STEP	2026-10-05T14:00:49.4391082Z ##[group]Runner Image Provisioner
linux	UNKNOWN STEP	2026-10-05T14:00:49.4392246Z Hosted Compute Agent
linux	UNKNOWN STEP	2026-10-05T14:00:49.4393020Z Version: 20260901.588
linux	UNKNOWN STEP	2026-10-05T14:00:49.4394047Z Commit: f88ec8081b781fac6c440065ac7ff9e710ce3d0b
linux	UNKNOWN STEP	2026-10-05T14:00:49.4395255Z Build Date: 2026-09-01T19:56:44Z
linux	UNKNOWN STEP	2026-10-05T14:00:49.4396318Z Worker ID: {dd0e99a4-084d-4fc9-9349-88e8d99b4c4e}
linux	UNKNOWN STEP	2026-10-05T14:00:49.4397458Z Azure Region: centralus
linux	UNKNOWN STEP	2026-10-05T14:00:49.4398328Z ##[endgroup]
linux	UNKNOWN STEP	2026-10-05T14:00:49.4400281Z ##[group]Operating System
linux	UNKNOWN STEP	2026-10-05T14:00:49.4401152Z Ubuntu
linux	UNKNOWN STEP	2026-10-05T14:00:49.4402351Z 24.04.5
linux	UNKNOWN STEP	2026-10-05T14:00:49.4403087Z LTS
linux	UNKNOWN STEP	2026-10-05T14:00:49.4403781Z ##[endgroup]
linux	UNKNOWN STEP	2026-10-05T14:00:49.4404818Z ##[group]Runner Image
linux	UNKNOWN STEP	2026-10-05T14:00:49.4405682Z Image: ubuntu-24.04
linux	UNKNOWN STEP	2026-10-05T14:00:49.4406594Z Version: 20260927.320.1
linux	UNKNOWN STEP	2026-10-05T14:00:49.4408390Z Included Software: https://github.com/actions/runner-images/blob/ubuntu24/20260927.320/images/ubuntu/Ubuntu2404-Readme.md
linux	UNKNOWN STEP	2026-10-05T14:00:49.4410483Z Image Release: https://github.com/actions/runner-images/releases/tag/ubuntu24%2F20260927.320
linux	UNKNOWN STEP	2026-10-05T14:00:49.4411918Z ##[endgroup]
linux	UNKNOWN STEP	2026-10-05T14:00:49.4413524Z ##[group]GITHUB_TOKEN Permissions
linux	UNKNOWN STEP	2026-10-05T14:00:49.4416638Z Contents: read
linux	UNKNOWN STEP	2026-10-05T14:00:49.4417522Z Metadata: read
linux	UNKNOWN STEP	2026-10-05T14:00:49.4418332Z ##[endgroup]
linux	UNKNOWN STEP	2026-10-05T14:00:49.4420963Z Secret source: Actions
linux	UNKNOWN STEP	2026-10-05T14:00:49.4422214Z Cache mode: write
linux	UNKNOWN STEP	2026-10-05T14:00:49.4423504Z Prepare workflow directory
linux	UNKNOWN STEP	2026-10-05T14:00:49.4753223Z Prepare all required actions
linux	UNKNOWN STEP	2026-10-05T14:00:49.4805805Z Getting action download info
linux	UNKNOWN STEP	2026-10-05T14:00:49.8194584Z Download action repository 'actions/checkout@v4' (SHA:11d5960a326750d5838078e36cf38b85af677262)
linux	UNKNOWN STEP	2026-10-05T14:00:49.9408256Z Download action repository 'dtolnay/rust-toolchain@master' (SHA:7e38f4b43b4db5c8dd498af069a4f6196df1d067)
linux	UNKNOWN STEP	2026-10-05T14:00:50.1061925Z Download action repository 'Swatinem/rust-cache@v2' (SHA:6323deb102c322ba6fcbdcafc7e3dddab59af2b6)
linux	UNKNOWN STEP	2026-10-05T14:00:50.6949972Z Download action repository 'actions/upload-artifact@v4' (SHA:ea165f8d65b6e75b540449e92b4886f43607fa02)
linux	UNKNOWN STEP	2026-10-05T14:00:51.0498775Z Complete job name: linux
linux	UNKNOWN STEP	2026-10-05T14:00:51.1340115Z ##[group]Run actions/checkout@v4
linux	UNKNOWN STEP	2026-10-05T14:00:51.1341034Z with:
linux	UNKNOWN STEP	2026-10-05T14:00:51.1341672Z   repository: gogolumo/PlaySparse
linux	UNKNOWN STEP	2026-10-05T14:00:51.1346397Z   token: ***
linux	UNKNOWN STEP	2026-10-05T14:00:51.1346981Z   ssh-strict: true
linux	UNKNOWN STEP	2026-10-05T14:00:51.1347590Z   ssh-user: git
linux	UNKNOWN STEP	2026-10-05T14:00:51.1348152Z   persist-credentials: true
linux	UNKNOWN STEP	2026-10-05T14:00:51.1348761Z   clean: true
linux	UNKNOWN STEP	2026-10-05T14:00:51.1349337Z   sparse-checkout-cone-mode: true
linux	UNKNOWN STEP	2026-10-05T14:00:51.1350020Z   fetch-depth: 1
linux	UNKNOWN STEP	2026-10-05T14:00:51.1350612Z   fetch-tags: false
linux	UNKNOWN STEP	2026-10-05T14:00:51.1351167Z   show-progress: true
linux	UNKNOWN STEP	2026-10-05T14:00:51.1351740Z   lfs: false
linux	UNKNOWN STEP	2026-10-05T14:00:51.1352292Z   submodules: false
linux	UNKNOWN STEP	2026-10-05T14:00:51.1352874Z   set-safe-directory: true
linux	UNKNOWN STEP	2026-10-05T14:00:51.1353509Z   allow-unsafe-pr-checkout: false
linux	UNKNOWN STEP	2026-10-05T14:00:51.1354418Z ##[endgroup]
linux	UNKNOWN STEP	2026-10-05T14:00:51.2417710Z Syncing repository: gogolumo/PlaySparse
linux	UNKNOWN STEP	2026-10-05T14:00:51.2420987Z ##[group]Getting Git version info
linux	UNKNOWN STEP	2026-10-05T14:00:51.2422702Z Working directory is '/home/runner/work/PlaySparse/PlaySparse'
linux	UNKNOWN STEP	2026-10-05T14:00:51.2425434Z [command]/usr/bin/git version
linux	UNKNOWN STEP	2026-10-05T14:00:51.2529177Z git version 2.55.0
linux	UNKNOWN STEP	2026-10-05T14:00:51.2546590Z ##[endgroup]
linux	UNKNOWN STEP	2026-10-05T14:00:51.2560839Z Temporarily overriding HOME='/home/runner/work/_temp/f33e2020-973a-43e1-88d5-7a64d30ad988' before making global git config changes
linux	UNKNOWN STEP	2026-10-05T14:00:51.2564428Z Adding repository directory to the temporary git global config as a safe directory
linux	UNKNOWN STEP	2026-10-05T14:00:51.2567234Z [command]/usr/bin/git config --global --add safe.directory /home/runner/work/PlaySparse/PlaySparse
linux	UNKNOWN STEP	2026-10-05T14:00:51.2621626Z Deleting the contents of '/home/runner/work/PlaySparse/PlaySparse'
linux	UNKNOWN STEP	2026-10-05T14:00:51.2625816Z ##[group]Initializing the repository
linux	UNKNOWN STEP	2026-10-05T14:00:51.2630060Z [command]/usr/bin/git init /home/runner/work/PlaySparse/PlaySparse
linux	UNKNOWN STEP	2026-10-05T14:00:51.2863247Z hint: Using 'master' as the name for the initial branch. This default branch name
linux	UNKNOWN STEP	2026-10-05T14:00:51.2865400Z hint: will change to "main" in Git 3.0. To configure the initial branch name
linux	UNKNOWN STEP	2026-10-05T14:00:51.2866971Z hint: to use in all of your new repositories, which will suppress this warning,
linux	UNKNOWN STEP	2026-10-05T14:00:51.2868299Z hint: call:
linux	UNKNOWN STEP	2026-10-05T14:00:51.2869126Z hint:
linux	UNKNOWN STEP	2026-10-05T14:00:51.2870073Z hint: 	git config --global init.defaultBranch <name>
linux	UNKNOWN STEP	2026-10-05T14:00:51.2871124Z hint:
linux	UNKNOWN STEP	2026-10-05T14:00:51.2872147Z hint: Names commonly chosen instead of 'master' are 'main', 'trunk' and
linux	UNKNOWN STEP	2026-10-05T14:00:51.2873682Z hint: 'development'. The just-created branch can be renamed via this command:
linux	UNKNOWN STEP	2026-10-05T14:00:51.2875152Z hint:
linux	UNKNOWN STEP	2026-10-05T14:00:51.2876283Z hint: 	git branch -m <name>
linux	UNKNOWN STEP	2026-10-05T14:00:51.2877161Z hint:
linux	UNKNOWN STEP	2026-10-05T14:00:51.2878303Z hint: Disable this message with "git config set advice.defaultBranchName false"
linux	UNKNOWN STEP	2026-10-05T14:00:51.2885614Z Initialized empty Git repository in /home/runner/work/PlaySparse/PlaySparse/.git/
linux	UNKNOWN STEP	2026-10-05T14:00:51.2895389Z [command]/usr/bin/git remote add origin https://github.com/gogolumo/PlaySparse
linux	UNKNOWN STEP	2026-10-05T14:00:51.2953061Z ##[endgroup]
linux	UNKNOWN STEP	2026-10-05T14:00:51.2955177Z ##[group]Disabling automatic garbage collection
linux	UNKNOWN STEP	2026-10-05T14:00:51.2956682Z [command]/usr/bin/git config --local gc.auto 0
linux	UNKNOWN STEP	2026-10-05T14:00:51.2990412Z ##[endgroup]
linux	UNKNOWN STEP	2026-10-05T14:00:51.2992581Z ##[group]Setting up auth
linux	UNKNOWN STEP	2026-10-05T14:00:51.2994525Z [command]/usr/bin/git config --local --name-only --get-regexp core\.sshCommand
linux	UNKNOWN STEP	2026-10-05T14:00:51.3031071Z [command]/usr/bin/git submodule foreach --recursive sh -c "git config --local --name-only --get-regexp 'core\.sshCommand' && git config --local --unset-all 'core.sshCommand' || :"
linux	UNKNOWN STEP	2026-10-05T14:00:51.3384551Z [command]/usr/bin/git config --local --name-only --get-regexp http\.https\:\/\/github\.com\/\.extraheader
linux	UNKNOWN STEP	2026-10-05T14:00:51.3413765Z [command]/usr/bin/git submodule foreach --recursive sh -c "git config --local --name-only --get-regexp 'http\.https\:\/\/github\.com\/\.extraheader' && git config --local --unset-all 'http.https://github.com/.extraheader' || :"
linux	UNKNOWN STEP	2026-10-05T14:00:51.3601093Z [command]/usr/bin/git config --local --name-only --get-regexp ^includeIf\.gitdir:
linux	UNKNOWN STEP	2026-10-05T14:00:51.3632361Z [command]/usr/bin/git submodule foreach --recursive git config --local --show-origin --name-only --get-regexp remote.origin.url
linux	UNKNOWN STEP	2026-10-05T14:00:51.3818661Z [command]/usr/bin/git config --local http.https://github.com/.extraheader AUTHORIZATION: basic ***
linux	UNKNOWN STEP	2026-10-05T14:00:51.3858803Z ##[endgroup]
linux	UNKNOWN STEP	2026-10-05T14:00:51.3860647Z ##[group]Fetching the repository
linux	UNKNOWN STEP	2026-10-05T14:00:51.3870123Z [command]/usr/bin/git -c protocol.version=2 fetch --no-tags --prune --no-recurse-submodules --depth=1 origin +4952845f6546fd68f2951970c7ffd63fdf461829:refs/remotes/origin/feat/game-aware-storage
linux	UNKNOWN STEP	2026-10-05T14:00:52.4120087Z From https://github.com/gogolumo/PlaySparse
linux	UNKNOWN STEP	2026-10-05T14:00:52.4123017Z  * [new ref]         4952845f6546fd68f2951970c7ffd63fdf461829 -> origin/feat/game-aware-storage
linux	UNKNOWN STEP	2026-10-05T14:00:52.4129426Z ##[endgroup]
linux	UNKNOWN STEP	2026-10-05T14:00:52.4131728Z ##[group]Determining the checkout info
linux	UNKNOWN STEP	2026-10-05T14:00:52.4134822Z ##[endgroup]
linux	UNKNOWN STEP	2026-10-05T14:00:52.4136847Z [command]/usr/bin/git sparse-checkout disable
linux	UNKNOWN STEP	2026-10-05T14:00:52.4189932Z [command]/usr/bin/git config --local --unset-all extensions.worktreeConfig
linux	UNKNOWN STEP	2026-10-05T14:00:52.4219932Z ##[group]Checking out the ref
linux	UNKNOWN STEP	2026-10-05T14:00:52.4223512Z [command]/usr/bin/git checkout --progress --force -B feat/game-aware-storage refs/remotes/origin/feat/game-aware-storage
linux	UNKNOWN STEP	2026-10-05T14:00:52.5000072Z Switched to a new branch 'feat/game-aware-storage'
linux	UNKNOWN STEP	2026-10-05T14:00:52.5004595Z branch 'feat/game-aware-storage' set up to track 'origin/feat/game-aware-storage'.
linux	UNKNOWN STEP	2026-10-05T14:00:52.5013279Z ##[endgroup]
linux	UNKNOWN STEP	2026-10-05T14:00:52.5053910Z [command]/usr/bin/git log -1 --format=%H
linux	UNKNOWN STEP	2026-10-05T14:00:52.5076570Z 4952845f6546fd68f2951970c7ffd63fdf461829
linux	UNKNOWN STEP	2026-10-05T14:00:52.5711982Z ##[group]Run dtolnay/rust-toolchain@master
linux	UNKNOWN STEP	2026-10-05T14:00:52.5713618Z with:
linux	UNKNOWN STEP	2026-10-05T14:00:52.5714903Z   toolchain: 1.99.0
linux	UNKNOWN STEP	2026-10-05T14:00:52.5716061Z   components: rustfmt, clippy
linux	UNKNOWN STEP	2026-10-05T14:00:52.5717273Z ##[endgroup]
linux	UNKNOWN STEP	2026-10-05T14:00:52.5815461Z ##[start-action display=Parse toolchain version;id=__dtolnay_rust-toolchain.parse]
linux	UNKNOWN STEP	2026-10-05T14:00:52.5900413Z ##[group]Run if [[ -z $toolchain ]]; then
linux	UNKNOWN STEP	2026-10-05T14:00:52.5901883Z ^[[36;1mif [[ -z $toolchain ]]; then^[[0m
linux	UNKNOWN STEP	2026-10-05T14:00:52.5903910Z ^[[36;1m  # GitHub does not enforce `required: true` inputs itself. https://github.com/actions/runner/issues/1070^[[0m
linux	UNKNOWN STEP	2026-10-05T14:00:52.5906336Z ^[[36;1m  echo "'toolchain' is a required input" >&2^[[0m
linux	UNKNOWN STEP	2026-10-05T14:00:52.5907793Z ^[[36;1m  exit 1^[[0m
linux	UNKNOWN STEP	2026-10-05T14:00:52.5909264Z ^[[36;1melif [[ $toolchain =~ ^stable' '[0-9]+' '(year|month|week|day)s?' 'ago$ ]]; then^[[0m
linux	UNKNOWN STEP	2026-10-05T14:00:52.5911096Z ^[[36;1m  if [[ Linux == macOS ]]; then^[[0m
linux	UNKNOWN STEP	2026-10-05T14:00:52.5913383Z ^[[36;1m    echo "toolchain=1.$((($(date -v-$(sed 's/stable \([0-9]*\) \(.\).*/\1\2/' <<< $toolchain) +%s)/60/60/24-16569)/7/6))" >> $GITHUB_OUTPUT^[[0m
linux	UNKNOWN STEP	2026-10-05T14:00:52.5915716Z ^[[36;1m  else^[[0m
linux	UNKNOWN STEP	2026-10-05T14:00:52.5917483Z ^[[36;1m    echo "toolchain=1.$((($(date --date "${toolchain#stable }" +%s)/60/60/24-16569)/7/6))" >> $GITHUB_OUTPUT^[[0m
linux	UNKNOWN STEP	2026-10-05T14:00:52.5919473Z ^[[36;1m  fi^[[0m
linux	UNKNOWN STEP	2026-10-05T14:00:52.5920822Z ^[[36;1melif [[ $toolchain =~ ^stable' 'minus' '[0-9]+' 'releases?$ ]]; then^[[0m
linux	UNKNOWN STEP	2026-10-05T14:00:52.5923048Z ^[[36;1m  echo "toolchain=1.$((($(date +%s)/60/60/24-16569)/7/6-${toolchain//[^0-9]/}))" >> $GITHUB_OUTPUT^[[0m
linux	UNKNOWN STEP	2026-10-05T14:00:52.5925095Z ^[[36;1melif [[ $toolchain =~ ^1\.[0-9]+$ ]]; then^[[0m
linux	UNKNOWN STEP	2026-10-05T14:00:52.5927265Z ^[[36;1m  echo "toolchain=1.$((i=${toolchain#1.}, c=($(date +%s)/60/60/24-16569)/7/6, i+9*i*(10*i<=c)+90*i*(100*i<=c)))" >> $GITHUB_OUTPUT^[[0m
linux	UNKNOWN STEP	2026-10-05T14:00:52.5929350Z ^[[36;1melse^[[0m
linux	UNKNOWN STEP	2026-10-05T14:00:52.5930552Z ^[[36;1m  echo "toolchain=$toolchain" >> $GITHUB_OUTPUT^[[0m
linux	UNKNOWN STEP	2026-10-05T14:00:52.5931920Z ^[[36;1mfi^[[0m
linux	UNKNOWN STEP	2026-10-05T14:00:52.6160469Z shell: /usr/bin/bash --noprofile --norc -e -o pipefail {0}
linux	UNKNOWN STEP	2026-10-05T14:00:52.6162122Z env:
linux	UNKNOWN STEP	2026-10-05T14:00:52.6163121Z   toolchain: 1.99.0
linux	UNKNOWN STEP	2026-10-05T14:00:52.6164359Z ##[endgroup]
linux	UNKNOWN STEP	2026-10-05T14:00:52.6313774Z ##[end-action id=__dtolnay_rust-toolchain.parse;outcome=success;conclusion=success;duration_ms=49]
linux	UNKNOWN STEP	2026-10-05T14:00:52.6332943Z ##[start-action display=Construct rustup command line;id=__dtolnay_rust-toolchain.flags]
linux	UNKNOWN STEP	2026-10-05T14:00:52.6391461Z ##[group]Run echo "targets=$(for t in ${targets//,/ }; do echo -n ' --target' $t; done)" >> $GITHUB_OUTPUT
linux	UNKNOWN STEP	2026-10-05T14:00:52.6393930Z ^[[36;1mecho "targets=$(for t in ${targets//,/ }; do echo -n ' --target' $t; done)" >> $GITHUB_OUTPUT^[[0m
linux	UNKNOWN STEP	2026-10-05T14:00:52.6396700Z ^[[36;1mecho "components=$(for c in ${components//,/ }; do echo -n ' --component' $c; done)" >> $GITHUB_OUTPUT^[[0m
linux	UNKNOWN STEP	2026-10-05T14:00:52.6398643Z ^[[36;1mecho "downgrade=" >> $GITHUB_OUTPUT^[[0m
linux	UNKNOWN STEP	2026-10-05T14:00:52.6445944Z shell: /usr/bin/bash --noprofile --norc -e -o pipefail {0}
linux	UNKNOWN STEP	2026-10-05T14:00:52.6447377Z env:
linux	UNKNOWN STEP	2026-10-05T14:00:52.6448375Z   targets: 
linux	UNKNOWN STEP	2026-10-05T14:00:52.6449351Z   components: rustfmt, clippy
linux	UNKNOWN STEP	2026-10-05T14:00:52.6450477Z ##[endgroup]
linux	UNKNOWN STEP	2026-10-05T14:00:52.6555936Z ##[end-action id=__dtolnay_rust-toolchain.flags;outcome=success;conclusion=success;duration_ms=21]
linux	UNKNOWN STEP	2026-10-05T14:00:52.6562819Z ##[start-action display=Set $CARGO_HOME;id=__dtolnay_rust-toolchain.__run]
linux	UNKNOWN STEP	2026-10-05T14:00:52.6609205Z ##[group]Run echo CARGO_HOME=${CARGO_HOME:-"$HOME/.cargo"} >> $GITHUB_ENV
linux	UNKNOWN STEP	2026-10-05T14:00:52.6611068Z ^[[36;1mecho CARGO_HOME=${CARGO_HOME:-"$HOME/.cargo"} >> $GITHUB_ENV^[[0m
linux	UNKNOWN STEP	2026-10-05T14:00:52.6657787Z shell: /usr/bin/bash --noprofile --norc -e -o pipefail {0}
linux	UNKNOWN STEP	2026-10-05T14:00:52.6659235Z ##[endgroup]
linux	UNKNOWN STEP	2026-10-05T14:00:52.6755565Z ##[end-action id=__dtolnay_rust-toolchain.__run;outcome=success;conclusion=success;duration_ms=19]
linux	UNKNOWN STEP	2026-10-05T14:00:52.6762954Z ##[start-action display=Install rustup if needed;id=__dtolnay_rust-toolchain.__run_2]
linux	UNKNOWN STEP	2026-10-05T14:00:52.6820912Z ##[group]Run if ! command -v rustup &>/dev/null; then
linux	UNKNOWN STEP	2026-10-05T14:00:52.6822620Z ^[[36;1mif ! command -v rustup &>/dev/null; then^[[0m
linux	UNKNOWN STEP	2026-10-05T14:00:52.6825698Z ^[[36;1m  curl --proto '=https' --tlsv1.2 --retry 10 --retry-connrefused --location --silent --show-error --fail https://sh.rustup.rs | sh -s -- --default-toolchain none -y^[[0m
linux	UNKNOWN STEP	2026-10-05T14:00:52.6828470Z ^[[36;1m  echo "$CARGO_HOME/bin" >> $GITHUB_PATH^[[0m
linux	UNKNOWN STEP	2026-10-05T14:00:52.6829748Z ^[[36;1mfi^[[0m
linux	UNKNOWN STEP	2026-10-05T14:00:52.6873758Z shell: /usr/bin/bash --noprofile --norc -e -o pipefail {0}
linux	UNKNOWN STEP	2026-10-05T14:00:52.6875509Z env:
linux	UNKNOWN STEP	2026-10-05T14:00:52.6876880Z   CARGO_HOME: /home/runner/.cargo
linux	UNKNOWN STEP	2026-10-05T14:00:52.6878028Z ##[endgroup]
linux	UNKNOWN STEP	2026-10-05T14:00:52.6966487Z ##[end-action id=__dtolnay_rust-toolchain.__run_2;outcome=success;conclusion=success;duration_ms=20]
linux	UNKNOWN STEP	2026-10-05T14:00:52.6973627Z ##[start-action display=Install rustup if needed on windows;id=__dtolnay_rust-toolchain.__run_3]
linux	UNKNOWN STEP	2026-10-05T14:00:52.6990628Z ##[end-action id=__dtolnay_rust-toolchain.__run_3;outcome=skipped;conclusion=skipped;duration_ms=0]
linux	UNKNOWN STEP	2026-10-05T14:00:52.7007766Z ##[start-action display=rustup toolchain install 1.99.0;id=__dtolnay_rust-toolchain.__run_4]
linux	UNKNOWN STEP	2026-10-05T14:00:52.7054611Z ##[group]Run log=$(mktemp)
linux	UNKNOWN STEP	2026-10-05T14:00:52.7055787Z ^[[36;1mlog=$(mktemp)^[[0m
linux	UNKNOWN STEP	2026-10-05T14:00:52.7056867Z ^[[36;1mtrap 'rm -f "$log"' EXIT^[[0m
linux	UNKNOWN STEP	2026-10-05T14:00:52.7058083Z ^[[36;1mfor attempt in 1 2 3 4 5; do^[[0m
linux	UNKNOWN STEP	2026-10-05T14:00:52.7060633Z ^[[36;1m  if rustup toolchain install 1.99.0 --component rustfmt --component clippy --profile minimal --no-self-update --force-non-host 2>&1 | tee "$log"; then^[[0m
linux	UNKNOWN STEP	2026-10-05T14:00:52.7063118Z ^[[36;1m    break^[[0m
linux	UNKNOWN STEP	2026-10-05T14:00:52.7064131Z ^[[36;1m  else^[[0m
linux	UNKNOWN STEP	2026-10-05T14:00:52.7065383Z ^[[36;1m    status=$?^[[0m
linux	UNKNOWN STEP	2026-10-05T14:00:52.7066618Z ^[[36;1m  fi^[[0m
linux	UNKNOWN STEP	2026-10-05T14:00:52.7068080Z ^[[36;1m  if [[ $attempt == 5 ]] || ! grep -Fq 'checksum failed for ' "$log" \^[[0m
linux	UNKNOWN STEP	2026-10-05T14:00:52.7071112Z ^[[36;1m      || ! grep -Fq 'this is likely due to an ongoing update of the official release server' "$log"; then^[[0m
linux	UNKNOWN STEP	2026-10-05T14:00:52.7073568Z ^[[36;1m    exit "$status"^[[0m
linux	UNKNOWN STEP	2026-10-05T14:00:52.7075363Z ^[[36;1m  fi^[[0m
linux	UNKNOWN STEP	2026-10-05T14:00:52.7077647Z ^[[36;1m  echo "Retrying rustup toolchain install in 30 seconds (retry $attempt of 4)" >&2^[[0m
linux	UNKNOWN STEP	2026-10-05T14:00:52.7080061Z ^[[36;1m  sleep 30^[[0m
linux	UNKNOWN STEP	2026-10-05T14:00:52.7081355Z ^[[36;1mdone^[[0m
linux	UNKNOWN STEP	2026-10-05T14:00:52.7126549Z shell: /usr/bin/bash --noprofile --norc -e -o pipefail {0}
linux	UNKNOWN STEP	2026-10-05T14:00:52.7128037Z env:
linux	UNKNOWN STEP	2026-10-05T14:00:52.7129004Z   CARGO_HOME: /home/runner/.cargo
linux	UNKNOWN STEP	2026-10-05T14:00:52.7130219Z   RUSTUP_PERMIT_COPY_RENAME: 1
linux	UNKNOWN STEP	2026-10-05T14:00:52.7131351Z ##[endgroup]
linux	UNKNOWN STEP	2026-10-05T14:00:52.7687653Z info: syncing channel updates for 1.99.0-x86_64-unknown-linux-gnu
linux	UNKNOWN STEP	2026-10-05T14:00:52.9764115Z info: latest update on 2026-10-01 for version 1.99.0 (b940084d7 2026-09-28)
linux	UNKNOWN STEP	2026-10-05T14:00:52.9766100Z info: downloading 5 components
linux	UNKNOWN STEP	2026-10-05T14:01:02.2986763Z 
linux	UNKNOWN STEP	2026-10-05T14:01:02.3053605Z   1.99.0-x86_64-unknown-linux-gnu installed - rustc 1.99.0 (b940084d7 2026-09-28)
linux	UNKNOWN STEP	2026-10-05T14:01:02.3054402Z 
linux	UNKNOWN STEP	2026-10-05T14:01:02.3155484Z ##[end-action id=__dtolnay_rust-toolchain.__run_4;outcome=success;conclusion=success;duration_ms=9614]
linux	UNKNOWN STEP	2026-10-05T14:01:02.3163282Z ##[start-action display=rustup default 1.99.0;id=__dtolnay_rust-toolchain.__run_5]
linux	UNKNOWN STEP	2026-10-05T14:01:02.3186925Z ##[group]Run rustup default 1.99.0 --force-non-host
linux	UNKNOWN STEP	2026-10-05T14:01:02.3187395Z ^[[36;1mrustup default 1.99.0 --force-non-host^[[0m
linux	UNKNOWN STEP	2026-10-05T14:01:02.3227585Z shell: /usr/bin/bash --noprofile --norc -e -o pipefail {0}
linux	UNKNOWN STEP	2026-10-05T14:01:02.3228046Z env:
linux	UNKNOWN STEP	2026-10-05T14:01:02.3228414Z   CARGO_HOME: /home/runner/.cargo
linux	UNKNOWN STEP	2026-10-05T14:01:02.3228764Z ##[endgroup]
linux	UNKNOWN STEP	2026-10-05T14:01:02.3328116Z info: using existing install for 1.99.0-x86_64-unknown-linux-gnu
linux	UNKNOWN STEP	2026-10-05T14:01:02.3339144Z info: default toolchain set to 1.99.0-x86_64-unknown-linux-gnu
linux	UNKNOWN STEP	2026-10-05T14:01:02.3339802Z 
linux	UNKNOWN STEP	2026-10-05T14:01:02.3402874Z   1.99.0-x86_64-unknown-linux-gnu unchanged - rustc 1.99.0 (b940084d7 2026-09-28)
linux	UNKNOWN STEP	2026-10-05T14:01:02.3403349Z 
linux	UNKNOWN STEP	2026-10-05T14:01:02.3405243Z info: note that the toolchain '1.99.0-x86_64-unknown-linux-gnu' is currently in use (overridden by '/home/runner/work/PlaySparse/PlaySparse/rust-toolchain.toml')
linux	UNKNOWN STEP	2026-10-05T14:01:02.3415895Z ##[end-action id=__dtolnay_rust-toolchain.__run_5;outcome=success;conclusion=success;duration_ms=25]
linux	UNKNOWN STEP	2026-10-05T14:01:02.3418701Z ##[start-action display=Create cachekey;id=__dtolnay_rust-toolchain.rustc-version]
linux	UNKNOWN STEP	2026-10-05T14:01:02.3440794Z ##[group]Run DATE=$(rustc +1.99.0 --version --verbose | sed -ne 's/^commit-date: \(20[0-9][0-9]\)-\([01][0-9]\)-\([0-3][0-9]\)$/\1\2\3/p')
linux	UNKNOWN STEP	2026-10-05T14:01:02.3441623Z ^[[36;1mDATE=$(rustc +1.99.0 --version --verbose | sed -ne 's/^commit-date: \(20[0-9][0-9]\)-\([01][0-9]\)-\([0-3][0-9]\)$/\1\2\3/p')^[[0m
linux	UNKNOWN STEP	2026-10-05T14:01:02.3442319Z ^[[36;1mHASH=$(rustc +1.99.0 --version --verbose | sed -ne 's/^commit-hash: //p')^[[0m
linux	UNKNOWN STEP	2026-10-05T14:01:02.3442900Z ^[[36;1mecho "cachekey=$(echo $DATE$HASH | head -c12)" >> $GITHUB_OUTPUT^[[0m
linux	UNKNOWN STEP	2026-10-05T14:01:02.3478473Z shell: /usr/bin/bash --noprofile --norc -e -o pipefail {0}
linux	UNKNOWN STEP	2026-10-05T14:01:02.3479038Z env:
linux	UNKNOWN STEP	2026-10-05T14:01:02.3479342Z   CARGO_HOME: /home/runner/.cargo
linux	UNKNOWN STEP	2026-10-05T14:01:02.3479662Z ##[endgroup]
linux	UNKNOWN STEP	2026-10-05T14:01:02.3771964Z ##[end-action id=__dtolnay_rust-toolchain.rustc-version;outcome=success;conclusion=success;duration_ms=35]
linux	UNKNOWN STEP	2026-10-05T14:01:02.3775248Z ##[start-action display=Disable incremental compilation;id=__dtolnay_rust-toolchain.__run_6]
linux	UNKNOWN STEP	2026-10-05T14:01:02.3826251Z ##[group]Run if [ -z "${CARGO_INCREMENTAL+set}" ]; then
linux	UNKNOWN STEP	2026-10-05T14:01:02.3826748Z ^[[36;1mif [ -z "${CARGO_INCREMENTAL+set}" ]; then^[[0m
linux	UNKNOWN STEP	2026-10-05T14:01:02.3827208Z ^[[36;1m  echo CARGO_INCREMENTAL=0 >> $GITHUB_ENV^[[0m
linux	UNKNOWN STEP	2026-10-05T14:01:02.3827554Z ^[[36;1mfi^[[0m
linux	UNKNOWN STEP	2026-10-05T14:01:02.3862459Z shell: /usr/bin/bash --noprofile --norc -e -o pipefail {0}
linux	UNKNOWN STEP	2026-10-05T14:01:02.3862984Z env:
linux	UNKNOWN STEP	2026-10-05T14:01:02.3863293Z   CARGO_HOME: /home/runner/.cargo
linux	UNKNOWN STEP	2026-10-05T14:01:02.3863620Z ##[endgroup]
linux	UNKNOWN STEP	2026-10-05T14:01:02.3924898Z ##[end-action id=__dtolnay_rust-toolchain.__run_6;outcome=success;conclusion=success;duration_ms=14]
linux	UNKNOWN STEP	2026-10-05T14:01:02.3927954Z ##[start-action display=Enable colors in Cargo output;id=__dtolnay_rust-toolchain.__run_7]
linux	UNKNOWN STEP	2026-10-05T14:01:02.3947609Z ##[group]Run if [ -z "${CARGO_TERM_COLOR+set}" ]; then
linux	UNKNOWN STEP	2026-10-05T14:01:02.3948100Z ^[[36;1mif [ -z "${CARGO_TERM_COLOR+set}" ]; then^[[0m
linux	UNKNOWN STEP	2026-10-05T14:01:02.3948517Z ^[[36;1m  echo CARGO_TERM_COLOR=always >> $GITHUB_ENV^[[0m
linux	UNKNOWN STEP	2026-10-05T14:01:02.3948871Z ^[[36;1mfi^[[0m
linux	UNKNOWN STEP	2026-10-05T14:01:02.3980972Z shell: /usr/bin/bash --noprofile --norc -e -o pipefail {0}
linux	UNKNOWN STEP	2026-10-05T14:01:02.3981486Z env:
linux	UNKNOWN STEP	2026-10-05T14:01:02.3981794Z   CARGO_HOME: /home/runner/.cargo
linux	UNKNOWN STEP	2026-10-05T14:01:02.3982210Z   CARGO_INCREMENTAL: 0
linux	UNKNOWN STEP	2026-10-05T14:01:02.3982533Z ##[endgroup]
linux	UNKNOWN STEP	2026-10-05T14:01:02.4040217Z ##[end-action id=__dtolnay_rust-toolchain.__run_7;outcome=success;conclusion=success;duration_ms=11]
linux	UNKNOWN STEP	2026-10-05T14:01:02.4043091Z ##[start-action display=Enable Cargo sparse registry;id=__dtolnay_rust-toolchain.__run_8]
linux	UNKNOWN STEP	2026-10-05T14:01:02.4064692Z ##[group]Run # implemented in 1.66, stabilized in 1.68, made default in 1.70
linux	UNKNOWN STEP	2026-10-05T14:01:02.4065311Z ^[[36;1m# implemented in 1.66, stabilized in 1.68, made default in 1.70^[[0m
linux	UNKNOWN STEP	2026-10-05T14:01:02.4066072Z ^[[36;1mif [ -z "${CARGO_REGISTRIES_CRATES_IO_PROTOCOL+set}" -o -f "/home/runner/work/_temp"/.implicit_cargo_registries_crates_io_protocol ]; then^[[0m
linux	UNKNOWN STEP	2026-10-05T14:01:02.4066816Z ^[[36;1m  if rustc +1.99.0 --version --verbose | grep -q '^release: 1\.6[89]\.'; then^[[0m
linux	UNKNOWN STEP	2026-10-05T14:01:02.4067429Z ^[[36;1m    touch "/home/runner/work/_temp"/.implicit_cargo_registries_crates_io_protocol || true^[[0m
linux	UNKNOWN STEP	2026-10-05T14:01:02.4068052Z ^[[36;1m    echo CARGO_REGISTRIES_CRATES_IO_PROTOCOL=sparse >> $GITHUB_ENV^[[0m
linux	UNKNOWN STEP	2026-10-05T14:01:02.4068602Z ^[[36;1m  elif rustc +1.99.0 --version --verbose | grep -q '^release: 1\.6[67]\.'; then^[[0m
linux	UNKNOWN STEP	2026-10-05T14:01:02.4069511Z ^[[36;1m    touch "/home/runner/work/_temp"/.implicit_cargo_registries_crates_io_protocol || true^[[0m
linux	UNKNOWN STEP	2026-10-05T14:01:02.4070080Z ^[[36;1m    echo CARGO_REGISTRIES_CRATES_IO_PROTOCOL=git >> $GITHUB_ENV^[[0m
linux	UNKNOWN STEP	2026-10-05T14:01:02.4070613Z ^[[36;1m  fi^[[0m
linux	UNKNOWN STEP	2026-10-05T14:01:02.4070930Z ^[[36;1mfi^[[0m
linux	UNKNOWN STEP	2026-10-05T14:01:02.4101918Z shell: /usr/bin/bash --noprofile --norc -e -o pipefail {0}
linux	UNKNOWN STEP	2026-10-05T14:01:02.4102351Z env:
linux	UNKNOWN STEP	2026-10-05T14:01:02.4102667Z   CARGO_HOME: /home/runner/.cargo
linux	UNKNOWN STEP	2026-10-05T14:01:02.4103050Z   CARGO_INCREMENTAL: 0
linux	UNKNOWN STEP	2026-10-05T14:01:02.4103385Z   CARGO_TERM_COLOR: always
linux	UNKNOWN STEP	2026-10-05T14:01:02.4103733Z ##[endgroup]
linux	UNKNOWN STEP	2026-10-05T14:01:02.4370093Z ##[end-action id=__dtolnay_rust-toolchain.__run_8;outcome=success;conclusion=success;duration_ms=32]
linux	UNKNOWN STEP	2026-10-05T14:01:02.4372945Z ##[start-action display=Work around spurious network errors in curl 8.0;id=__dtolnay_rust-toolchain.__run_9]
linux	UNKNOWN STEP	2026-10-05T14:01:02.4394693Z ##[group]Run # https://rust-lang.zulipchat.com/#narrow/stream/246057-t-cargo/topic/timeout.20investigation
linux	UNKNOWN STEP	2026-10-05T14:01:02.4395536Z ^[[36;1m# https://rust-lang.zulipchat.com/#narrow/stream/246057-t-cargo/topic/timeout.20investigation^[[0m
linux	UNKNOWN STEP	2026-10-05T14:01:02.4396294Z ^[[36;1mif rustc +1.99.0 --version --verbose | grep -q '^release: 1\.7[01]\.'; then^[[0m
linux	UNKNOWN STEP	2026-10-05T14:01:02.4396852Z ^[[36;1m  echo CARGO_HTTP_MULTIPLEXING=false >> $GITHUB_ENV^[[0m
linux	UNKNOWN STEP	2026-10-05T14:01:02.4397244Z ^[[36;1mfi^[[0m
linux	UNKNOWN STEP	2026-10-05T14:01:02.4432095Z shell: /usr/bin/bash --noprofile --norc -e -o pipefail {0}
linux	UNKNOWN STEP	2026-10-05T14:01:02.4432644Z env:
linux	UNKNOWN STEP	2026-10-05T14:01:02.4432950Z   CARGO_HOME: /home/runner/.cargo
linux	UNKNOWN STEP	2026-10-05T14:01:02.4433312Z   CARGO_INCREMENTAL: 0
linux	UNKNOWN STEP	2026-10-05T14:01:02.4433639Z   CARGO_TERM_COLOR: always
linux	UNKNOWN STEP	2026-10-05T14:01:02.4433986Z ##[endgroup]
linux	UNKNOWN STEP	2026-10-05T14:01:02.4596609Z ##[end-action id=__dtolnay_rust-toolchain.__run_9;outcome=success;conclusion=success;duration_ms=22]
linux	UNKNOWN STEP	2026-10-05T14:01:02.4601127Z ##[start-action display=rustc +1.99.0 --version --verbose;id=__dtolnay_rust-toolchain.__run_10]
linux	UNKNOWN STEP	2026-10-05T14:01:02.4621548Z ##[group]Run rustc +1.99.0 --version --verbose
linux	UNKNOWN STEP	2026-10-05T14:01:02.4621997Z ^[[36;1mrustc +1.99.0 --version --verbose^[[0m
linux	UNKNOWN STEP	2026-10-05T14:01:02.4655049Z shell: /usr/bin/bash --noprofile --norc -e -o pipefail {0}
linux	UNKNOWN STEP	2026-10-05T14:01:02.4655570Z env:
linux	UNKNOWN STEP	2026-10-05T14:01:02.4655952Z   CARGO_HOME: /home/runner/.cargo
linux	UNKNOWN STEP	2026-10-05T14:01:02.4656299Z   CARGO_INCREMENTAL: 0
linux	UNKNOWN STEP	2026-10-05T14:01:02.4656687Z   CARGO_TERM_COLOR: always
linux	UNKNOWN STEP	2026-10-05T14:01:02.4657026Z ##[endgroup]
linux	UNKNOWN STEP	2026-10-05T14:01:02.4801951Z rustc 1.99.0 (b940084d7 2026-09-28)
linux	UNKNOWN STEP	2026-10-05T14:01:02.4803139Z binary: rustc
linux	UNKNOWN STEP	2026-10-05T14:01:02.4804429Z commit-hash: b940084d7eb6a299eb4bfeb8e34901bc051e7ac4
linux	UNKNOWN STEP	2026-10-05T14:01:02.4805088Z commit-date: 2026-09-28
linux	UNKNOWN STEP	2026-10-05T14:01:02.4805650Z host: x86_64-unknown-linux-gnu
linux	UNKNOWN STEP	2026-10-05T14:01:02.4806179Z release: 1.99.0
linux	UNKNOWN STEP	2026-10-05T14:01:02.4806601Z LLVM version: 23.1.1
linux	UNKNOWN STEP	2026-10-05T14:01:02.4818190Z ##[end-action id=__dtolnay_rust-toolchain.__run_10;outcome=success;conclusion=success;duration_ms=21]
linux	UNKNOWN STEP	2026-10-05T14:01:02.4947843Z ##[group]Run Swatinem/rust-cache@v2
linux	UNKNOWN STEP	2026-10-05T14:01:02.4948255Z with:
linux	UNKNOWN STEP	2026-10-05T14:01:02.4948617Z   prefix-key: v0-rust
linux	UNKNOWN STEP	2026-10-05T14:01:02.4948957Z   add-job-id-key: true
linux	UNKNOWN STEP	2026-10-05T14:01:02.4949333Z   add-rust-environment-hash-key: true
linux	UNKNOWN STEP	2026-10-05T14:01:02.4949727Z   cache-targets: true
linux	UNKNOWN STEP	2026-10-05T14:01:02.4950083Z   cache-all-crates: false
linux	UNKNOWN STEP	2026-10-05T14:01:02.4950478Z   cache-workspace-crates: false
linux	UNKNOWN STEP	2026-10-05T14:01:02.4950823Z   save-if: true
linux	UNKNOWN STEP	2026-10-05T14:01:02.4951142Z   cache-provider: github
linux	UNKNOWN STEP	2026-10-05T14:01:02.4951476Z   cache-bin: true
linux	UNKNOWN STEP	2026-10-05T14:01:02.4951817Z   lookup-only: false
linux	UNKNOWN STEP	2026-10-05T14:01:02.4952147Z   cmd-format: {0}
linux	UNKNOWN STEP	2026-10-05T14:01:02.4952445Z env:
linux	UNKNOWN STEP	2026-10-05T14:01:02.4952738Z   CARGO_HOME: /home/runner/.cargo
linux	UNKNOWN STEP	2026-10-05T14:01:02.4953119Z   CARGO_INCREMENTAL: 0
linux	UNKNOWN STEP	2026-10-05T14:01:02.4953472Z   CARGO_TERM_COLOR: always
linux	UNKNOWN STEP	2026-10-05T14:01:02.4953845Z ##[endgroup]
linux	UNKNOWN STEP	2026-10-05T14:01:03.0789305Z ##[group]Cache Configuration
linux	UNKNOWN STEP	2026-10-05T14:01:03.0790572Z Cache Provider:
linux	UNKNOWN STEP	2026-10-05T14:01:03.0791056Z     github
linux	UNKNOWN STEP	2026-10-05T14:01:03.0791474Z Workspaces:
linux	UNKNOWN STEP	2026-10-05T14:01:03.0791826Z     /home/runner/work/PlaySparse/PlaySparse
linux	UNKNOWN STEP	2026-10-05T14:01:03.0792269Z Cache Paths:
linux	UNKNOWN STEP	2026-10-05T14:01:03.0792960Z     /home/runner/.cargo/bin
linux	UNKNOWN STEP	2026-10-05T14:01:03.0793333Z     /home/runner/.cargo/.crates.toml
linux	UNKNOWN STEP	2026-10-05T14:01:03.0793738Z     /home/runner/.cargo/.crates2.json
linux	UNKNOWN STEP	2026-10-05T14:01:03.0794093Z     /home/runner/.cargo/registry
linux	UNKNOWN STEP	2026-10-05T14:01:03.0794655Z     /home/runner/.cargo/git
linux	UNKNOWN STEP	2026-10-05T14:01:03.0795283Z     /home/runner/work/PlaySparse/PlaySparse/target
linux	UNKNOWN STEP	2026-10-05T14:01:03.0795832Z Restore Key:
linux	UNKNOWN STEP	2026-10-05T14:01:03.0796717Z     v0-rust-linux-Linux-x64-ea977744
linux	UNKNOWN STEP	2026-10-05T14:01:03.0797202Z Cache Key:
linux	UNKNOWN STEP	2026-10-05T14:01:03.0797603Z     v0-rust-linux-Linux-x64-ea977744-55e17a5c
linux	UNKNOWN STEP	2026-10-05T14:01:03.0798142Z .. Prefix:
linux	UNKNOWN STEP	2026-10-05T14:01:03.0798575Z   - v0-rust-linux-Linux-x64
linux	UNKNOWN STEP	2026-10-05T14:01:03.0799146Z .. Environment considered:
linux	UNKNOWN STEP	2026-10-05T14:01:03.0799586Z   - Rust Versions:
linux	UNKNOWN STEP	2026-10-05T14:01:03.0800013Z     - 1.98.1 x86_64-unknown-linux-gnu 48a229ceaefd4985c50990b14116b6d856af0985
linux	UNKNOWN STEP	2026-10-05T14:01:03.0800615Z     - 1.99.0 x86_64-unknown-linux-gnu b940084d7eb6a299eb4bfeb8e34901bc051e7ac4
linux	UNKNOWN STEP	2026-10-05T14:01:03.0801107Z   - CARGO_HOME
linux	UNKNOWN STEP	2026-10-05T14:01:03.0801400Z   - CARGO_INCREMENTAL
linux	UNKNOWN STEP	2026-10-05T14:01:03.0801708Z   - CARGO_TERM_COLOR
linux	UNKNOWN STEP	2026-10-05T14:01:03.0802009Z .. Lockfiles considered:
linux	UNKNOWN STEP	2026-10-05T14:01:03.0802401Z   - /home/runner/work/PlaySparse/PlaySparse/Cargo.lock
linux	UNKNOWN STEP	2026-10-05T14:01:03.0803084Z   - /home/runner/work/PlaySparse/PlaySparse/crates/playsparse-cache/Cargo.toml
linux	UNKNOWN STEP	2026-10-05T14:01:03.0803634Z   - /home/runner/work/PlaySparse/PlaySparse/crates/playsparse-cli/Cargo.toml
linux	UNKNOWN STEP	2026-10-05T14:01:03.0804375Z   - /home/runner/work/PlaySparse/PlaySparse/crates/playsparse-core/Cargo.toml
linux	UNKNOWN STEP	2026-10-05T14:01:03.0804940Z   - /home/runner/work/PlaySparse/PlaySparse/crates/playsparse-game/Cargo.toml
linux	UNKNOWN STEP	2026-10-05T14:01:03.0805520Z   - /home/runner/work/PlaySparse/PlaySparse/crates/playsparse-overlay/Cargo.toml
linux	UNKNOWN STEP	2026-10-05T14:01:03.0806121Z   - /home/runner/work/PlaySparse/PlaySparse/crates/playsparse-policy/Cargo.toml
linux	UNKNOWN STEP	2026-10-05T14:01:03.0807026Z   - /home/runner/work/PlaySparse/PlaySparse/crates/playsparse-range/Cargo.toml
linux	UNKNOWN STEP	2026-10-05T14:01:03.0807852Z   - /home/runner/work/PlaySparse/PlaySparse/crates/playsparse-store/Cargo.toml
linux	UNKNOWN STEP	2026-10-05T14:01:03.0808725Z   - /home/runner/work/PlaySparse/PlaySparse/crates/playsparse-trace/Cargo.toml
linux	UNKNOWN STEP	2026-10-05T14:01:03.0809513Z   - /home/runner/work/PlaySparse/PlaySparse/crates/playsparse-vfs-fuse/Cargo.toml
linux	UNKNOWN STEP	2026-10-05T14:01:03.0810240Z   - /home/runner/work/PlaySparse/PlaySparse/crates/playsparse-vfs-win/Cargo.toml
linux	UNKNOWN STEP	2026-10-05T14:01:03.0810852Z   - /home/runner/work/PlaySparse/PlaySparse/rust-toolchain.toml
linux	UNKNOWN STEP	2026-10-05T14:01:03.0811456Z   - /home/runner/work/PlaySparse/PlaySparse/tools/io-probe/Cargo.toml
linux	UNKNOWN STEP	2026-10-05T14:01:03.0812286Z ##[endgroup]
linux	UNKNOWN STEP	2026-10-05T14:01:03.0812518Z 
linux	UNKNOWN STEP	2026-10-05T14:01:03.0812701Z ... Restoring cache ...
linux	UNKNOWN STEP	2026-10-05T14:01:03.2660082Z Cache hit for: v0-rust-linux-Linux-x64-ea977744-55e17a5c
linux	UNKNOWN STEP	2026-10-05T14:01:04.4416587Z Received 104857600 of 345934621 (30.3%), 99.9 MBs/sec
linux	UNKNOWN STEP	2026-10-05T14:01:05.4452541Z Received 318767104 of 345934621 (92.1%), 151.8 MBs/sec
linux	UNKNOWN STEP	2026-10-05T14:01:05.5551263Z Received 345934621 of 345934621 (100.0%), 155.9 MBs/sec
linux	UNKNOWN STEP	2026-10-05T14:01:05.5552580Z Cache Size: ~330 MB (345934621 B)
linux	UNKNOWN STEP	2026-10-05T14:01:05.5585704Z [command]/usr/bin/tar -xf /home/runner/work/_temp/1c0e5d84-2cd3-4c21-8805-bdbf3e1d63bb/cache.tzst -P -C /home/runner/work/PlaySparse/PlaySparse --use-compress-program unzstd
linux	UNKNOWN STEP	2026-10-05T14:01:07.1279944Z Cache restored successfully
linux	UNKNOWN STEP	2026-10-05T14:01:07.1403921Z Restored from cache key "v0-rust-linux-Linux-x64-ea977744-55e17a5c" full match: true.
linux	UNKNOWN STEP	2026-10-05T14:01:07.2008678Z ##[group]Run sudo apt-get update && sudo apt-get install -y fuse3
linux	UNKNOWN STEP	2026-10-05T14:01:07.2009243Z ^[[36;1msudo apt-get update && sudo apt-get install -y fuse3^[[0m
linux	UNKNOWN STEP	2026-10-05T14:01:07.2050445Z shell: /usr/bin/bash -e {0}
linux	UNKNOWN STEP	2026-10-05T14:01:07.2050941Z env:
linux	UNKNOWN STEP	2026-10-05T14:01:07.2051259Z   CARGO_HOME: /home/runner/.cargo
linux	UNKNOWN STEP	2026-10-05T14:01:07.2051599Z   CARGO_INCREMENTAL: 0
linux	UNKNOWN STEP	2026-10-05T14:01:07.2051988Z   CARGO_TERM_COLOR: always
linux	UNKNOWN STEP	2026-10-05T14:01:07.2052351Z   CACHE_ON_FAILURE: false
linux	UNKNOWN STEP	2026-10-05T14:01:07.2052845Z ##[endgroup]
linux	UNKNOWN STEP	2026-10-05T14:01:07.5391812Z Get:1 file:/etc/apt/apt-mirrors.txt Mirrorlist [144 B]
linux	UNKNOWN STEP	2026-10-05T14:01:07.6348027Z Hit:2 http://azure.archive.ubuntu.com/ubuntu noble InRelease
linux	UNKNOWN STEP	2026-10-05T14:01:07.6353542Z Get:6 https://packages.microsoft.com/ubuntu/24.04/prod noble InRelease [3600 B]
linux	UNKNOWN STEP	2026-10-05T14:01:07.6361565Z Get:3 http://azure.archive.ubuntu.com/ubuntu noble-updates InRelease [126 kB]
linux	UNKNOWN STEP	2026-10-05T14:01:07.7394939Z Get:4 http://azure.archive.ubuntu.com/ubuntu noble-backports InRelease [126 kB]
linux	UNKNOWN STEP	2026-10-05T14:01:07.8295924Z Get:5 http://azure.archive.ubuntu.com/ubuntu noble-security InRelease [126 kB]
linux	UNKNOWN STEP	2026-10-05T14:01:08.0838689Z Get:7 http://azure.archive.ubuntu.com/ubuntu noble-updates/main amd64 Packages [1366 kB]
linux	UNKNOWN STEP	2026-10-05T14:01:08.1536759Z Get:8 http://azure.archive.ubuntu.com/ubuntu noble-updates/main Translation-en [304 kB]
linux	UNKNOWN STEP	2026-10-05T14:01:08.1586333Z Get:9 http://azure.archive.ubuntu.com/ubuntu noble-updates/main amd64 Components [181 kB]
linux	UNKNOWN STEP	2026-10-05T14:01:08.1601390Z Get:16 https://packages.microsoft.com/ubuntu/24.04/prod noble/main arm64 Packages [458 kB]
linux	UNKNOWN STEP	2026-10-05T14:01:08.1887114Z Get:10 http://azure.archive.ubuntu.com/ubuntu noble-updates/universe amd64 Packages [1699 kB]
linux	UNKNOWN STEP	2026-10-05T14:01:08.2015586Z Get:11 http://azure.archive.ubuntu.com/ubuntu noble-updates/universe Translation-en [341 kB]
linux	UNKNOWN STEP	2026-10-05T14:01:08.2087739Z Get:19 https://packages.microsoft.com/ubuntu/24.04/prod noble/main armhf Packages [12.6 kB]
linux	UNKNOWN STEP	2026-10-05T14:01:08.2191721Z Get:12 http://azure.archive.ubuntu.com/ubuntu noble-updates/universe amd64 Components [388 kB]
linux	UNKNOWN STEP	2026-10-05T14:01:08.2390278Z Get:20 https://packages.microsoft.com/ubuntu/24.04/prod noble/main amd64 Packages [511 kB]
linux	UNKNOWN STEP	2026-10-05T14:01:08.2479858Z Get:13 http://azure.archive.ubuntu.com/ubuntu noble-updates/restricted amd64 Packages [1724 kB]
linux	UNKNOWN STEP	2026-10-05T14:01:08.2583443Z Get:14 http://azure.archive.ubuntu.com/ubuntu noble-updates/restricted Translation-en [394 kB]
linux	UNKNOWN STEP	2026-10-05T14:01:08.2780890Z Get:15 http://azure.archive.ubuntu.com/ubuntu noble-updates/multiverse amd64 Components [940 B]
linux	UNKNOWN STEP	2026-10-05T14:01:08.3288325Z Get:17 http://azure.archive.ubuntu.com/ubuntu noble-backports/main amd64 Components [5776 B]
linux	UNKNOWN STEP	2026-10-05T14:01:08.4000742Z Get:18 http://azure.archive.ubuntu.com/ubuntu noble-backports/universe amd64 Components [12.6 kB]
linux	UNKNOWN STEP	2026-10-05T14:01:08.4284371Z Get:21 http://azure.archive.ubuntu.com/ubuntu noble-security/main amd64 Packages [1069 kB]
linux	UNKNOWN STEP	2026-10-05T14:01:08.4381509Z Get:22 http://azure.archive.ubuntu.com/ubuntu noble-security/main Translation-en [221 kB]
linux	UNKNOWN STEP	2026-10-05T14:01:08.4405685Z Get:23 http://azure.archive.ubuntu.com/ubuntu noble-security/main amd64 Components [46.4 kB]
linux	UNKNOWN STEP	2026-10-05T14:01:08.4686299Z Get:24 http://azure.archive.ubuntu.com/ubuntu noble-security/universe amd64 Packages [1216 kB]
linux	UNKNOWN STEP	2026-10-05T14:01:08.4801742Z Get:25 http://azure.archive.ubuntu.com/ubuntu noble-security/universe Translation-en [244 kB]
linux	UNKNOWN STEP	2026-10-05T14:01:08.4992421Z Get:26 http://azure.archive.ubuntu.com/ubuntu noble-security/universe amd64 Components [76.4 kB]
linux	UNKNOWN STEP	2026-10-05T14:01:08.5286075Z Get:27 http://azure.archive.ubuntu.com/ubuntu noble-security/restricted amd64 Packages [1566 kB]
linux	UNKNOWN STEP	2026-10-05T14:01:08.5385164Z Get:28 http://azure.archive.ubuntu.com/ubuntu noble-security/restricted Translation-en [361 kB]
linux	UNKNOWN STEP	2026-10-05T14:01:13.3680271Z Fetched 12.6 MB in 2s (6158 kB/s)
linux	UNKNOWN STEP	2026-10-05T14:01:14.2656015Z Reading package lists...
linux	UNKNOWN STEP	2026-10-05T14:01:14.3099341Z Reading package lists...
linux	UNKNOWN STEP	2026-10-05T14:01:14.5102840Z Building dependency tree...
linux	UNKNOWN STEP	2026-10-05T14:01:14.5109528Z Reading state information...
linux	UNKNOWN STEP	2026-10-05T14:01:14.7112998Z fuse3 is already the newest version (3.14.0-5build1).
linux	UNKNOWN STEP	2026-10-05T14:01:14.7113614Z fuse3 set to manually installed.
linux	UNKNOWN STEP	2026-10-05T14:01:14.7114574Z 0 upgraded, 0 newly installed, 0 to remove and 25 not upgraded.
linux	UNKNOWN STEP	2026-10-05T14:01:14.7159392Z ##[group]Run cargo fmt --all -- --check
linux	UNKNOWN STEP	2026-10-05T14:01:14.7159882Z ^[[36;1mcargo fmt --all -- --check^[[0m
linux	UNKNOWN STEP	2026-10-05T14:01:14.7201040Z shell: /usr/bin/bash -e {0}
linux	UNKNOWN STEP	2026-10-05T14:01:14.7201501Z env:
linux	UNKNOWN STEP	2026-10-05T14:01:14.7201999Z   CARGO_HOME: /home/runner/.cargo
linux	UNKNOWN STEP	2026-10-05T14:01:14.7202370Z   CARGO_INCREMENTAL: 0
linux	UNKNOWN STEP	2026-10-05T14:01:14.7202722Z   CARGO_TERM_COLOR: always
linux	UNKNOWN STEP	2026-10-05T14:01:14.7203044Z   CACHE_ON_FAILURE: false
linux	UNKNOWN STEP	2026-10-05T14:01:14.7203426Z ##[endgroup]
linux	UNKNOWN STEP	2026-10-05T14:01:14.9588312Z ##[group]Run cargo clippy --locked --workspace --all-targets -- -D warnings
linux	UNKNOWN STEP	2026-10-05T14:01:14.9588910Z ^[[36;1mcargo clippy --locked --workspace --all-targets -- -D warnings^[[0m
linux	UNKNOWN STEP	2026-10-05T14:01:14.9629420Z shell: /usr/bin/bash -e {0}
linux	UNKNOWN STEP	2026-10-05T14:01:14.9629818Z env:
linux	UNKNOWN STEP	2026-10-05T14:01:14.9630154Z   CARGO_HOME: /home/runner/.cargo
linux	UNKNOWN STEP	2026-10-05T14:01:14.9630545Z   CARGO_INCREMENTAL: 0
linux	UNKNOWN STEP	2026-10-05T14:01:14.9630889Z   CARGO_TERM_COLOR: always
linux	UNKNOWN STEP	2026-10-05T14:01:14.9631219Z   CACHE_ON_FAILURE: false
linux	UNKNOWN STEP	2026-10-05T14:01:14.9631587Z ##[endgroup]
linux	UNKNOWN STEP	2026-10-05T14:01:15.0342119Z ^[[1m^[[92m    Updating^[[0m crates.io index
linux	UNKNOWN STEP	2026-10-05T14:01:15.4968968Z ^[[1m^[[92m    Checking^[[0m playsparse-core v0.1.0 (/home/runner/work/PlaySparse/PlaySparse/crates/playsparse-core)
linux	UNKNOWN STEP	2026-10-05T14:01:15.4997638Z ^[[1m^[[92m   Compiling^[[0m playsparse-vfs-win v0.1.0 (/home/runner/work/PlaySparse/PlaySparse/crates/playsparse-vfs-win)
linux	UNKNOWN STEP	2026-10-05T14:01:15.5001056Z ^[[1m^[[92m   Compiling^[[0m playsparse-cli v0.1.0 (/home/runner/work/PlaySparse/PlaySparse/crates/playsparse-cli)
linux	UNKNOWN STEP	2026-10-05T14:01:15.6501973Z ^[[1m^[[92m    Checking^[[0m playsparse-game v0.1.0 (/home/runner/work/PlaySparse/PlaySparse/crates/playsparse-game)
linux	UNKNOWN STEP	2026-10-05T14:01:15.6700582Z ^[[1m^[[92m    Checking^[[0m playsparse-trace v0.1.0 (/home/runner/work/PlaySparse/PlaySparse/crates/playsparse-trace)
linux	UNKNOWN STEP	2026-10-05T14:01:15.7826806Z ^[[1m^[[92m    Checking^[[0m playsparse-cache v0.1.0 (/home/runner/work/PlaySparse/PlaySparse/crates/playsparse-cache)
linux	UNKNOWN STEP	2026-10-05T14:01:15.7936295Z ^[[1m^[[92m    Checking^[[0m playsparse-policy v0.1.0 (/home/runner/work/PlaySparse/PlaySparse/crates/playsparse-policy)
linux	UNKNOWN STEP	2026-10-05T14:01:15.8882448Z ^[[1m^[[92m    Checking^[[0m io-probe v0.1.0 (/home/runner/work/PlaySparse/PlaySparse/tools/io-probe)
linux	UNKNOWN STEP	2026-10-05T14:01:16.1791313Z ^[[1m^[[92m    Checking^[[0m playsparse-store v0.1.0 (/home/runner/work/PlaySparse/PlaySparse/crates/playsparse-store)
linux	UNKNOWN STEP	2026-10-05T14:01:16.5204071Z ^[[1m^[[92m    Checking^[[0m playsparse-range v0.1.0 (/home/runner/work/PlaySparse/PlaySparse/crates/playsparse-range)
linux	UNKNOWN STEP	2026-10-05T14:01:16.6406902Z ^[[1m^[[92m    Checking^[[0m playsparse-overlay v0.1.0 (/home/runner/work/PlaySparse/PlaySparse/crates/playsparse-overlay)
linux	UNKNOWN STEP	2026-10-05T14:01:16.8959013Z ^[[1m^[[92m    Checking^[[0m playsparse-vfs-fuse v0.1.0 (/home/runner/work/PlaySparse/PlaySparse/crates/playsparse-vfs-fuse)
linux	UNKNOWN STEP	2026-10-05T14:01:17.4903424Z ^[[1m^[[92m    Finished^[[0m `dev` profile [unoptimized + debuginfo] target(s) in 2.48s
linux	UNKNOWN STEP	2026-10-05T14:01:17.5072984Z ##[group]Run cargo test --locked --workspace
linux	UNKNOWN STEP	2026-10-05T14:01:17.5073762Z ^[[36;1mcargo test --locked --workspace^[[0m
linux	UNKNOWN STEP	2026-10-05T14:01:17.5115433Z shell: /usr/bin/bash -e {0}
linux	UNKNOWN STEP	2026-10-05T14:01:17.5115886Z env:
linux	UNKNOWN STEP	2026-10-05T14:01:17.5116195Z   CARGO_HOME: /home/runner/.cargo
linux	UNKNOWN STEP	2026-10-05T14:01:17.5116617Z   CARGO_INCREMENTAL: 0
linux	UNKNOWN STEP	2026-10-05T14:01:17.5116968Z   CARGO_TERM_COLOR: always
linux	UNKNOWN STEP	2026-10-05T14:01:17.5117356Z   CACHE_ON_FAILURE: false
linux	UNKNOWN STEP	2026-10-05T14:01:17.5117696Z ##[endgroup]
linux	UNKNOWN STEP	2026-10-05T14:01:17.6376166Z ^[[1m^[[92m   Compiling^[[0m playsparse-core v0.1.0 (/home/runner/work/PlaySparse/PlaySparse/crates/playsparse-core)
linux	UNKNOWN STEP	2026-10-05T14:01:17.6408641Z ^[[1m^[[92m   Compiling^[[0m playsparse-vfs-win v0.1.0 (/home/runner/work/PlaySparse/PlaySparse/crates/playsparse-vfs-win)
linux	UNKNOWN STEP	2026-10-05T14:01:17.6432123Z ^[[1m^[[92m   Compiling^[[0m playsparse-cli v0.1.0 (/home/runner/work/PlaySparse/PlaySparse/crates/playsparse-cli)
linux	UNKNOWN STEP	2026-10-05T14:01:17.8276233Z ^[[1m^[[92m   Compiling^[[0m playsparse-game v0.1.0 (/home/runner/work/PlaySparse/PlaySparse/crates/playsparse-game)
linux	UNKNOWN STEP	2026-10-05T14:01:17.8278587Z ^[[1m^[[92m   Compiling^[[0m playsparse-trace v0.1.0 (/home/runner/work/PlaySparse/PlaySparse/crates/playsparse-trace)
linux	UNKNOWN STEP	2026-10-05T14:01:17.9796865Z ^[[1m^[[92m   Compiling^[[0m playsparse-cache v0.1.0 (/home/runner/work/PlaySparse/PlaySparse/crates/playsparse-cache)
linux	UNKNOWN STEP	2026-10-05T14:01:18.0375209Z ^[[1m^[[92m   Compiling^[[0m io-probe v0.1.0 (/home/runner/work/PlaySparse/PlaySparse/tools/io-probe)
linux	UNKNOWN STEP	2026-10-05T14:01:18.2326309Z ^[[1m^[[92m   Compiling^[[0m playsparse-policy v0.1.0 (/home/runner/work/PlaySparse/PlaySparse/crates/playsparse-policy)
linux	UNKNOWN STEP	2026-10-05T14:01:18.7266589Z ^[[1m^[[92m   Compiling^[[0m playsparse-store v0.1.0 (/home/runner/work/PlaySparse/PlaySparse/crates/playsparse-store)
linux	UNKNOWN STEP	2026-10-05T14:01:19.5426593Z ^[[1m^[[92m   Compiling^[[0m playsparse-range v0.1.0 (/home/runner/work/PlaySparse/PlaySparse/crates/playsparse-range)
linux	UNKNOWN STEP	2026-10-05T14:01:19.7923202Z ^[[1m^[[92m   Compiling^[[0m playsparse-overlay v0.1.0 (/home/runner/work/PlaySparse/PlaySparse/crates/playsparse-overlay)
linux	UNKNOWN STEP	2026-10-05T14:01:20.3747368Z ^[[1m^[[92m   Compiling^[[0m playsparse-vfs-fuse v0.1.0 (/home/runner/work/PlaySparse/PlaySparse/crates/playsparse-vfs-fuse)
linux	UNKNOWN STEP	2026-10-05T14:01:24.7498824Z ^[[1m^[[92m    Finished^[[0m `test` profile [unoptimized + debuginfo] target(s) in 7.20s
linux	UNKNOWN STEP	2026-10-05T14:01:24.7617018Z ^[[1m^[[92m     Running^[[0m unittests src/main.rs (target/debug/deps/io_probe-4831aadc08e19cf6)
linux	UNKNOWN STEP	2026-10-05T14:01:24.7627240Z 
linux	UNKNOWN STEP	2026-10-05T14:01:24.7628004Z running 0 tests
linux	UNKNOWN STEP	2026-10-05T14:01:24.7631068Z ^[[1m^[[92m     Running^[[0m unittests src/lib.rs (target/debug/deps/playsparse_cache-8ed655c71b5a311a)
linux	UNKNOWN STEP	2026-10-05T14:01:24.7631562Z 
linux	UNKNOWN STEP	2026-10-05T14:01:24.7631920Z test result: ok. 0 passed; 0 failed; 0 ignored; 0 measured; 0 filtered out; finished in 0.00s
linux	UNKNOWN STEP	2026-10-05T14:01:24.7632436Z 
linux	UNKNOWN STEP	2026-10-05T14:01:24.7651998Z 
linux	UNKNOWN STEP	2026-10-05T14:01:24.7654043Z running 15 tests
linux	UNKNOWN STEP	2026-10-05T14:01:24.7662166Z test tests::invalid_known_sizes_do_not_load_and_mismatched_size_fails_closed ... ok
linux	UNKNOWN STEP	2026-10-05T14:01:24.7663227Z test tests::errors_wake_waiters_and_allow_retry ... ok
linux	UNKNOWN STEP	2026-10-05T14:01:24.7664434Z test tests::adaptive_priority_changes_eviction_and_decays_under_new_traffic ... ok
linux	UNKNOWN STEP	2026-10-05T14:01:24.7667761Z test tests::admission_is_rechecked_after_racing_demand_without_evicting_protected_bytes ... ok
linux	UNKNOWN STEP	2026-10-05T14:01:24.7669644Z test tests::panicking_loader_releases_flight_and_permit ... ok
linux	UNKNOWN STEP	2026-10-05T14:01:24.7670559Z test tests::prefetch_useful_wasted_and_final_accounting_are_conserved ... ok
linux	UNKNOWN STEP	2026-10-05T14:01:24.7671565Z test tests::speculation_checks_every_variable_size_victim_without_partial_eviction ... ok
linux	UNKNOWN STEP	2026-10-05T14:01:24.7672667Z test tests::racing_demand_claims_prefetch_once_and_preserves_loaded_tier ... ok
linux	UNKNOWN STEP	2026-10-05T14:01:24.7685866Z test tests::speculation_does_not_wait_behind_saturated_demand_loads ... ok
linux	UNKNOWN STEP	2026-10-05T14:01:24.7686775Z test tests::racing_demand_makes_a_known_size_prefetch_flight_demand_admission ... ok
linux	UNKNOWN STEP	2026-10-05T14:01:24.7688064Z test tests::speculative_errors_do_not_strand_demand_or_count_loaded_bytes ... ok
linux	UNKNOWN STEP	2026-10-05T14:01:24.7688627Z test tests::weighted_lru_and_oversized_bypass ... ok
linux	UNKNOWN STEP	2026-10-05T14:01:24.7689186Z test tests::speculative_hits_do_not_age_demand_priority_or_refresh_lru_recency ... ok
linux	UNKNOWN STEP	2026-10-05T14:01:24.8674447Z test tests::sixteen_threads_share_one_load_even_with_zero_cache ... ok
linux	UNKNOWN STEP	2026-10-05T14:01:24.9665977Z test tests::speculative_entry_pressure_and_search_limits_do_not_start_loads ... ok
linux	UNKNOWN STEP	2026-10-05T14:01:24.9666618Z 
linux	UNKNOWN STEP	2026-10-05T14:01:24.9667044Z test result: ok. 15 passed; 0 failed; 0 ignored; 0 measured; 0 filtered out; finished in 0.20s
linux	UNKNOWN STEP	2026-10-05T14:01:24.9667510Z 
linux	UNKNOWN STEP	2026-10-05T14:01:24.9674712Z ^[[1m^[[92m     Running^[[0m unittests src/main.rs (target/debug/deps/playsparse-3c29f6df0b241274)
linux	UNKNOWN STEP	2026-10-05T14:01:24.9687639Z 
linux	UNKNOWN STEP	2026-10-05T14:01:24.9688012Z running 6 tests
linux	UNKNOWN STEP	2026-10-05T14:01:24.9691743Z test diagnostics::tests::blocked_probe_never_runs_when_prerequisites_are_missing ... ok
linux	UNKNOWN STEP	2026-10-05T14:01:24.9693296Z test diagnostics::tests::passive_diagnostics_do_not_claim_mount_approval ... ok
linux	UNKNOWN STEP	2026-10-05T14:01:24.9695022Z test game::tests::artifact_limit_includes_exact_pretty_bytes_and_newline ... ok
linux	UNKNOWN STEP	2026-10-05T14:01:24.9695800Z test game::tests::refuse_nested_output_without_mutating_source ... ok
linux	UNKNOWN STEP	2026-10-05T14:01:24.9696444Z test diagnostics::tests::exact_bytes_on_an_ordinary_directory_cannot_pass_mount_probe ... ok
linux	UNKNOWN STEP	2026-10-05T14:01:24.9707958Z test diagnostics::tests::probe_requires_exact_bytes_and_refuses_longer_or_shorter_content ... ok
linux	UNKNOWN STEP	2026-10-05T14:01:24.9708380Z 
linux	UNKNOWN STEP	2026-10-05T14:01:24.9708735Z test result: ok. 6 passed; 0 failed; 0 ignored; 0 measured; 0 filtered out; finished in 0.00s
linux	UNKNOWN STEP	2026-10-05T14:01:24.9709088Z 
linux	UNKNOWN STEP	2026-10-05T14:01:24.9710750Z ^[[1m^[[92m     Running^[[0m unittests src/lib.rs (target/debug/deps/playsparse_core-22cab2ab2f91d909)
linux	UNKNOWN STEP	2026-10-05T14:01:24.9719520Z 
linux	UNKNOWN STEP	2026-10-05T14:01:24.9719679Z running 4 tests
linux	UNKNOWN STEP	2026-10-05T14:01:24.9725589Z test tests::official_blake3_vectors ... ok
linux	UNKNOWN STEP	2026-10-05T14:01:24.9744903Z test tests::reject_unsafe_paths ... ok
linux	UNKNOWN STEP	2026-10-05T14:01:24.9856465Z test resources::tests::native_process_measurements_are_present_and_monotonic ... ok
linux	UNKNOWN STEP	2026-10-05T14:01:24.9916896Z test tests::large_offsets ... ok
linux	UNKNOWN STEP	2026-10-05T14:01:24.9917225Z 
linux	UNKNOWN STEP	2026-10-05T14:01:24.9917836Z test result: ok. 4 passed; 0 failed; 0 ignored; 0 measured; 0 filtered out; finished in 0.02s
linux	UNKNOWN STEP	2026-10-05T14:01:24.9918407Z 
linux	UNKNOWN STEP	2026-10-05T14:01:24.9919917Z ^[[1m^[[92m     Running^[[0m unittests src/lib.rs (target/debug/deps/playsparse_game-44233469356b376d)
linux	UNKNOWN STEP	2026-10-05T14:01:24.9930490Z 
linux	UNKNOWN STEP	2026-10-05T14:01:24.9930976Z running 11 tests
linux	UNKNOWN STEP	2026-10-05T14:01:24.9965321Z test tests::bounded_artifact_read ... ok
linux	UNKNOWN STEP	2026-10-05T14:01:25.0004866Z test tests::extension_is_not_compression_proof ... ok
linux	UNKNOWN STEP	2026-10-05T14:01:25.0245797Z test tests::absent_scanner_falls_back_without_changing_plan ... ok
linux	UNKNOWN STEP	2026-10-05T14:01:25.0260395Z test tests::forged_decision_is_remeasured ... ok
linux	UNKNOWN STEP	2026-10-05T14:01:25.0295813Z test tests::deterministic_measurement_and_plan ... ok
linux	UNKNOWN STEP	2026-10-05T14:01:25.0324996Z test tests::scanner_literal_argv ... ok
linux	UNKNOWN STEP	2026-10-05T14:01:25.0397963Z test tests::artifact_validation_and_source_mismatch ... ok
linux	UNKNOWN STEP	2026-10-05T14:01:25.0543576Z test tests::scanner_malformed_oversized_and_wrong_source ... ok
linux	UNKNOWN STEP	2026-10-05T14:01:25.0560190Z test tests::scanner_unknown_and_multiple_signals_no_path_leak ... ok
linux	UNKNOWN STEP	2026-10-05T14:01:25.0924465Z test tests::zip_valid_boundaries_and_malformed_count_offset_flags ... ok
linux	UNKNOWN STEP	2026-10-05T14:01:26.1916686Z test tests::scanner_deadline_and_bounded_streams ... ok
linux	UNKNOWN STEP	2026-10-05T14:01:26.1917306Z 
linux	UNKNOWN STEP	2026-10-05T14:01:26.1917898Z test result: ok. 11 passed; 0 failed; 0 ignored; 0 measured; 0 filtered out; finished in 1.20s
linux	UNKNOWN STEP	2026-10-05T14:01:26.1918397Z 
linux	UNKNOWN STEP	2026-10-05T14:01:26.1924687Z ^[[1m^[[92m     Running^[[0m unittests src/lib.rs (target/debug/deps/playsparse_overlay-e22c6aef32cdbeed)
linux	UNKNOWN STEP	2026-10-05T14:01:26.1937300Z 
linux	UNKNOWN STEP	2026-10-05T14:01:26.1937553Z running 15 tests
linux	UNKNOWN STEP	2026-10-05T14:01:26.2305860Z test tests::interrupted_metadata_and_copy_up_orphans_are_collected_without_data_loss ... ok
linux	UNKNOWN STEP	2026-10-05T14:01:26.2397780Z test tests::exclusive_lock_is_retained_by_handles_and_discard_preserves_base ... ok
linux	UNKNOWN STEP	2026-10-05T14:01:26.2469903Z test tests::handle_delete_preserves_replacements_and_follows_live_renames ... ok
linux	UNKNOWN STEP	2026-10-05T14:01:26.2599289Z test tests::metadata_corruption_missing_objects_and_wrong_base_fail_closed ... ok
linux	UNKNOWN STEP	2026-10-05T14:01:26.2664756Z test tests::per_file_serialization_shared_reads_and_atomic_append ... ok
linux	UNKNOWN STEP	2026-10-05T14:01:26.2743656Z test tests::refuses_overlap_unrecognized_roots_and_foreign_handles ... ok
linux	UNKNOWN STEP	2026-10-05T14:01:26.2832628Z test tests::create_partial_append_truncate_modes_and_remount ... ok
linux	UNKNOWN STEP	2026-10-05T14:01:26.2908780Z test tests::rename_empty_directory_replace_and_file_replace_remount ... ok
linux	UNKNOWN STEP	2026-10-05T14:01:26.2986321Z test tests::renamed_base_tree_directory_handles_and_tombstones_persist ... ok
linux	UNKNOWN STEP	2026-10-05T14:01:26.2999411Z test tests::retained_directory_identity_prevents_storage_redirect_after_open ... ok
linux	UNKNOWN STEP	2026-10-05T14:01:26.3055593Z test tests::strict_paths_read_permissions_limits_and_wrong_types ... ok
linux	UNKNOWN STEP	2026-10-05T14:01:26.3080127Z test tests::stable_file_handles_survive_rename_replace_and_unlink ... ok
linux	UNKNOWN STEP	2026-10-05T14:01:26.3157546Z test tests::symlink_root_ancestor_data_metadata_and_object_escapes_are_rejected ... ok
linux	UNKNOWN STEP	2026-10-05T14:01:26.3199867Z test tests::truncate_zero_skips_copy_and_large_sparse_offsets_stay_u64 ... ok
linux	UNKNOWN STEP	2026-10-05T14:01:26.3247690Z test tests::syntactically_valid_corrupt_metadata_is_rejected ... ok
linux	UNKNOWN STEP	2026-10-05T14:01:26.3248192Z 
linux	UNKNOWN STEP	2026-10-05T14:01:26.3248623Z test result: ok. 15 passed; 0 failed; 0 ignored; 0 measured; 0 filtered out; finished in 0.13s
linux	UNKNOWN STEP	2026-10-05T14:01:26.3249076Z 
linux	UNKNOWN STEP	2026-10-05T14:01:26.3252217Z ^[[1m^[[92m     Running^[[0m unittests src/lib.rs (target/debug/deps/playsparse_policy-88a91ce083051efb)
linux	UNKNOWN STEP	2026-10-05T14:01:26.3262068Z 
linux	UNKNOWN STEP	2026-10-05T14:01:26.3262495Z running 6 tests
linux	UNKNOWN STEP	2026-10-05T14:01:26.3267729Z test tests::forward_coverage_counts_unique_bytes_and_resets_for_tiny_bursts_and_gaps ... ok
linux	UNKNOWN STEP	2026-10-05T14:01:26.3268996Z test tests::migrating_dispatch_workers_and_forward_overlap_are_sequential ... ok
linux	UNKNOWN STEP	2026-10-05T14:01:26.3272453Z test tests::sequence_confidence_random_rejection_and_expiry ... ok
linux	UNKNOWN STEP	2026-10-05T14:01:26.3275810Z test tests::strict_invalid_configuration_and_roundtrip ... ok
linux	UNKNOWN STEP	2026-10-05T14:01:26.3289975Z test tests::optimizer_uses_forward_overlap_confidence_and_rejects_random_stream ... ok
linux	UNKNOWN STEP	2026-10-05T14:01:26.3462162Z test tests::hotness_decays_and_tracking_is_bounded ... ok
linux	UNKNOWN STEP	2026-10-05T14:01:26.3462657Z 
linux	UNKNOWN STEP	2026-10-05T14:01:26.3463159Z test result: ok. 6 passed; 0 failed; 0 ignored; 0 measured; 0 filtered out; finished in 0.02s
linux	UNKNOWN STEP	2026-10-05T14:01:26.3463628Z 
linux	UNKNOWN STEP	2026-10-05T14:01:26.3466817Z ^[[1m^[[92m     Running^[[0m unittests src/lib.rs (target/debug/deps/playsparse_range-8684d87b0f305538)
linux	UNKNOWN STEP	2026-10-05T14:01:26.3479208Z 
linux	UNKNOWN STEP	2026-10-05T14:01:26.3479798Z running 10 tests
linux	UNKNOWN STEP	2026-10-05T14:01:26.3493530Z test prefetch::tests::expired_requests_never_execute_loader ... ok
linux	UNKNOWN STEP	2026-10-05T14:01:26.3501921Z test prefetch::tests::reservations_dedup_queue_and_cancellation_stay_bounded ... ok
linux	UNKNOWN STEP	2026-10-05T14:01:26.3511420Z test prefetch::tests::failed_objects_are_not_requeued_by_repeated_subchunk_predictions ... ok
linux	UNKNOWN STEP	2026-10-05T14:01:26.3512672Z test prefetch::tests::worker_rechecks_queued_admission_after_demand_changes_the_cache ... ok
linux	UNKNOWN STEP	2026-10-05T14:01:26.3610694Z test tests::loads_only_intersecting_chunks_and_handles_overflow ... ok
linux	UNKNOWN STEP	2026-10-05T14:01:26.3690817Z test tests::tiny_sequential_burst_does_not_predict_whole_chunks_until_chunk_coverage ... ok
linux	UNKNOWN STEP	2026-10-05T14:01:26.3774629Z test prefetch::tests::rejected_admission_history_is_bounded_without_source_io ... ok
linux	UNKNOWN STEP	2026-10-05T14:01:26.3785934Z test tests::traced_reads_preserve_bytes_and_record_failure ... ok
linux	UNKNOWN STEP	2026-10-05T14:01:26.4313822Z test replay::tests::deterministic_replay_and_prefetch_accounting ... ok
linux	UNKNOWN STEP	2026-10-05T14:01:27.3267376Z test tests::ranges_equal_source ... ok
linux	UNKNOWN STEP	2026-10-05T14:01:27.3267701Z 
linux	UNKNOWN STEP	2026-10-05T14:01:27.3268174Z test result: ok. 10 passed; 0 failed; 0 ignored; 0 measured; 0 filtered out; finished in 0.98s
linux	UNKNOWN STEP	2026-10-05T14:01:27.3268584Z 
linux	UNKNOWN STEP	2026-10-05T14:01:27.3273784Z ^[[1m^[[92m     Running^[[0m unittests src/lib.rs (target/debug/deps/playsparse_store-61de72b55fb21740)
linux	UNKNOWN STEP	2026-10-05T14:01:27.3287107Z 
linux	UNKNOWN STEP	2026-10-05T14:01:27.3287451Z running 24 tests
linux	UNKNOWN STEP	2026-10-05T14:01:27.3317171Z test publication_tests::rejects_alias_into_source_before_creating_destination_parents ... ok
linux	UNKNOWN STEP	2026-10-05T14:01:27.3318999Z test publication_tests::rejects_nested_destination_without_mutating_the_source ... ok
linux	UNKNOWN STEP	2026-10-05T14:01:27.3352310Z test game_tests::forged_plan_refused_before_creating_destination_parent ... ok
linux	UNKNOWN STEP	2026-10-05T14:01:27.3389887Z test publication_tests::creates_nested_destination_only_outside_the_source ... ok
linux	UNKNOWN STEP	2026-10-05T14:01:27.3425522Z test tests::corrupt_missing_and_partial_are_errors ... ok
linux	UNKNOWN STEP	2026-10-05T14:01:27.3427546Z test tests::exclusive_publish_never_replaces_existing_empty_directory ... ok
linux	UNKNOWN STEP	2026-10-05T14:01:27.3428498Z test tests::index_rejects_length_codec_reserved_and_duplicate ... ok
linux	UNKNOWN STEP	2026-10-05T14:01:27.3512635Z test tests::object_corruption_detected ... ok
linux	UNKNOWN STEP	2026-10-05T14:01:27.3704372Z test tests::deterministic_chunker_index_manifest_and_pack ... ok
linux	UNKNOWN STEP	2026-10-05T14:01:27.3831117Z test tiers::tests::concurrent_atomic_promotion_is_single_object_and_never_replaces_peer_data ... ok
linux	UNKNOWN STEP	2026-10-05T14:01:27.3982521Z test tiers::tests::config_versions_fields_bounds_relative_paths_and_credentials_are_checked ... ok
linux	UNKNOWN STEP	2026-10-05T14:01:27.4288641Z test tests::pack_verify_dedup_both_layouts ... ok
linux	UNKNOWN STEP	2026-10-05T14:01:27.4540941Z test tiers::tests::local_corruption_is_hard_error_and_missing_secondary_identity_falls_remote ... ok
linux	UNKNOWN STEP	2026-10-05T14:01:27.4616214Z test tiers::tests::metadata_only_open_retains_seal_index_and_available_pack_checks ... ok
linux	UNKNOWN STEP	2026-10-05T14:01:27.5058112Z test tiers::tests::primary_and_metadata_only_remote_ranges_preserve_identity_and_bounds ... ok
linux	UNKNOWN STEP	2026-10-05T14:01:27.5122836Z test tiers::tests::promotion_rejects_symlink_escapes_overlap_and_destination_links ... ok
linux	UNKNOWN STEP	2026-10-05T14:01:27.5359577Z test tests::arbitrary_index_never_panics ... ok
linux	UNKNOWN STEP	2026-10-05T14:01:27.5693239Z test tiers::tests::remote_promotion_is_persistent_verified_and_offline_readable ... ok
linux	UNKNOWN STEP	2026-10-05T14:01:27.6167008Z test game_tests::measured_codec_byte_identity_and_generic_regression ... ok
linux	UNKNOWN STEP	2026-10-05T14:01:27.6330124Z test tiers::tests::secondary_own_locator_promotion_and_reopen_without_upstream ... ok
linux	UNKNOWN STEP	2026-10-05T14:01:27.6412681Z test tiers::tests::unreachable_remote_is_sanitized_and_local_fallback_avoids_http ... ok
linux	UNKNOWN STEP	2026-10-05T14:01:27.6418442Z test tiers::tests::remote_protocol_and_integrity_failures_never_return_unverified_bytes ... ok
linux	UNKNOWN STEP	2026-10-05T14:01:27.7306871Z test tiers::tests::promotion_startup_never_follows_a_concurrently_substituted_ancestor ... ok
linux	UNKNOWN STEP	2026-10-05T14:01:28.0615037Z test tiers::tests::header_and_body_timeouts_have_bounded_retry_and_metrics ... ok
linux	UNKNOWN STEP	2026-10-05T14:01:28.0615449Z 
linux	UNKNOWN STEP	2026-10-05T14:01:28.0615959Z test result: ok. 24 passed; 0 failed; 0 ignored; 0 measured; 0 filtered out; finished in 0.73s
linux	UNKNOWN STEP	2026-10-05T14:01:28.0616322Z 
linux	UNKNOWN STEP	2026-10-05T14:01:28.0621831Z ^[[1m^[[92m     Running^[[0m unittests src/lib.rs (target/debug/deps/playsparse_trace-65b2c07730de0f37)
linux	UNKNOWN STEP	2026-10-05T14:01:28.0631601Z 
linux	UNKNOWN STEP	2026-10-05T14:01:28.0631767Z running 10 tests
linux	UNKNOWN STEP	2026-10-05T14:01:28.0647728Z test tests::full_queue_drops_without_blocking_producer ... ok
linux	UNKNOWN STEP	2026-10-05T14:01:28.0650279Z test tests::failed_writer_and_invalid_destination_are_safe ... ok
linux	UNKNOWN STEP	2026-10-05T14:01:28.0651797Z test tests::preserves_operation_specific_request_and_return_values ... ok
linux	UNKNOWN STEP	2026-10-05T14:01:28.0655424Z test tests::rejects_overflowing_read_and_write_totals ... ok
linux	UNKNOWN STEP	2026-10-05T14:01:28.0698440Z test tests::rejects_oversized_imported_fields_in_all_event_consumers ... ok
linux	UNKNOWN STEP	2026-10-05T14:01:28.0715646Z test tests::concurrent_schema_shutdown_and_summary ... ok
linux	UNKNOWN STEP	2026-10-05T14:01:28.0720053Z test tests::rejects_unknown_schema_and_oversized_line ... ok
linux	UNKNOWN STEP	2026-10-05T14:01:28.0870536Z test tests::shutdown_racing_producers_accounts_every_event ... ok
linux	UNKNOWN STEP	2026-10-05T14:01:29.7902537Z test tests::rejects_unbounded_distinct_read_workers ... ok
linux	UNKNOWN STEP	2026-10-05T14:01:32.1003407Z test tests::rejects_retained_string_keys_before_identity_limit ... ok
linux	UNKNOWN STEP	2026-10-05T14:01:32.1004321Z 
linux	UNKNOWN STEP	2026-10-05T14:01:32.1004854Z test result: ok. 10 passed; 0 failed; 0 ignored; 0 measured; 0 filtered out; finished in 4.04s
linux	UNKNOWN STEP	2026-10-05T14:01:32.1005251Z 
linux	UNKNOWN STEP	2026-10-05T14:01:32.1007319Z ^[[1m^[[92m     Running^[[0m unittests src/lib.rs (target/debug/deps/playsparse_vfs_fuse-e06ac2789514ef6c)
linux	UNKNOWN STEP	2026-10-05T14:01:32.1021930Z 
linux	UNKNOWN STEP	2026-10-05T14:01:32.1023131Z running 12 tests
linux	UNKNOWN STEP	2026-10-05T14:01:32.1035157Z test fuse::tests::real_mount_random_concurrent_mmap_and_native_execution ... ignored, requires real /dev/fuse or installed macFUSE, mount permission, and cc
linux	UNKNOWN STEP	2026-10-05T14:01:32.1036742Z test fuse::tests::namespace_preserves_empty_directories_and_large_sizes ... ok
linux	UNKNOWN STEP	2026-10-05T14:01:32.1038085Z test fuse::tests::namespace_rejects_path_collisions_and_unsupported_names ... ok
linux	UNKNOWN STEP	2026-10-05T14:01:32.1039121Z test macos_diagnostic::tests::installation_and_feature_are_independent_gates ... ok
linux	UNKNOWN STEP	2026-10-05T14:01:32.1040177Z test macos_diagnostic::tests::reports_all_missing_prerequisites_without_inventing_approval ... ok
linux	UNKNOWN STEP	2026-10-05T14:01:32.1041439Z test macos_diagnostic::tests::unsupported_transition_releases_and_future_major_are_blocked ... ok
linux	UNKNOWN STEP	2026-10-05T14:01:32.1042528Z test writable::tests::overlay_errors_preserve_useful_posix_statuses ... ok
linux	UNKNOWN STEP	2026-10-05T14:01:32.1044524Z test writable::tests::real_writable_mount_update_remount_mmap_and_immutable_base ... ignored, requires /dev/fuse or approved macFUSE and mount permission
linux	UNKNOWN STEP	2026-10-05T14:01:32.1045885Z test fuse::tests::rejects_nonempty_and_overlapping_mountpoints ... ok
linux	UNKNOWN STEP	2026-10-05T14:01:32.6443814Z test fuse::tests::callbacks_resolve_only_requested_chunks_and_report_corruption ... ok
linux	UNKNOWN STEP	2026-10-05T14:01:33.0358544Z test writable::tests::writable_namespace_rejects_escape_names_and_overlapping_storage ... ok
linux	UNKNOWN STEP	2026-10-05T14:01:33.6067122Z test writable::tests::open_handles_retain_inode_and_data_across_rename_replace_unlink ... ok
linux	UNKNOWN STEP	2026-10-05T14:01:33.6067595Z 
linux	UNKNOWN STEP	2026-10-05T14:01:33.6067940Z test result: ok. 10 passed; 0 failed; 2 ignored; 0 measured; 0 filtered out; finished in 1.50s
linux	UNKNOWN STEP	2026-10-05T14:01:33.6068276Z 
linux	UNKNOWN STEP	2026-10-05T14:01:33.6070722Z ^[[1m^[[92m     Running^[[0m unittests src/lib.rs (target/debug/deps/playsparse_vfs_win-03d460f47fb0449f)
linux	UNKNOWN STEP	2026-10-05T14:01:33.6081244Z 
linux	UNKNOWN STEP	2026-10-05T14:01:33.6081700Z running 0 tests
linux	UNKNOWN STEP	2026-10-05T14:01:33.6081957Z 
linux	UNKNOWN STEP	2026-10-05T14:01:33.6082300Z test result: ok. 0 passed; 0 failed; 0 ignored; 0 measured; 0 filtered out; finished in 0.00s
linux	UNKNOWN STEP	2026-10-05T14:01:33.6082740Z 
linux	UNKNOWN STEP	2026-10-05T14:01:33.6083019Z ^[[1m^[[92m   Doc-tests^[[0m playsparse_cache
linux	UNKNOWN STEP	2026-10-05T14:01:33.6289552Z 
linux	UNKNOWN STEP	2026-10-05T14:01:33.6289989Z running 0 tests
linux	UNKNOWN STEP	2026-10-05T14:01:33.6290221Z 
linux	UNKNOWN STEP	2026-10-05T14:01:33.6290541Z test result: ok. 0 passed; 0 failed; 0 ignored; 0 measured; 0 filtered out; finished in 0.00s
linux	UNKNOWN STEP	2026-10-05T14:01:33.6290895Z 
linux	UNKNOWN STEP	2026-10-05T14:01:33.6296610Z ^[[1m^[[92m   Doc-tests^[[0m playsparse_core
linux	UNKNOWN STEP	2026-10-05T14:01:33.6642566Z 
linux	UNKNOWN STEP	2026-10-05T14:01:33.6643077Z running 0 tests
linux	UNKNOWN STEP	2026-10-05T14:01:33.6643297Z 
linux	UNKNOWN STEP	2026-10-05T14:01:33.6643670Z test result: ok. 0 passed; 0 failed; 0 ignored; 0 measured; 0 filtered out; finished in 0.00s
linux	UNKNOWN STEP	2026-10-05T14:01:33.6644030Z 
linux	UNKNOWN STEP	2026-10-05T14:01:33.6650083Z ^[[1m^[[92m   Doc-tests^[[0m playsparse_game
linux	UNKNOWN STEP	2026-10-05T14:01:33.7364553Z 
linux	UNKNOWN STEP	2026-10-05T14:01:33.7364998Z running 0 tests
linux	UNKNOWN STEP	2026-10-05T14:01:33.7365197Z 
linux	UNKNOWN STEP	2026-10-05T14:01:33.7365501Z test result: ok. 0 passed; 0 failed; 0 ignored; 0 measured; 0 filtered out; finished in 0.00s
linux	UNKNOWN STEP	2026-10-05T14:01:33.7365837Z 
linux	UNKNOWN STEP	2026-10-05T14:01:33.7374014Z ^[[1m^[[92m   Doc-tests^[[0m playsparse_overlay
linux	UNKNOWN STEP	2026-10-05T14:01:33.7827370Z 
linux	UNKNOWN STEP	2026-10-05T14:01:33.7827821Z running 0 tests
linux	UNKNOWN STEP	2026-10-05T14:01:33.7828056Z 
linux	UNKNOWN STEP	2026-10-05T14:01:33.7828376Z test result: ok. 0 passed; 0 failed; 0 ignored; 0 measured; 0 filtered out; finished in 0.00s
linux	UNKNOWN STEP	2026-10-05T14:01:33.7828742Z 
linux	UNKNOWN STEP	2026-10-05T14:01:33.7836945Z ^[[1m^[[92m   Doc-tests^[[0m playsparse_policy
linux	UNKNOWN STEP	2026-10-05T14:01:33.8092940Z 
linux	UNKNOWN STEP	2026-10-05T14:01:33.8093471Z running 0 tests
linux	UNKNOWN STEP	2026-10-05T14:01:33.8093713Z 
linux	UNKNOWN STEP	2026-10-05T14:01:33.8094529Z test result: ok. 0 passed; 0 failed; 0 ignored; 0 measured; 0 filtered out; finished in 0.00s
linux	UNKNOWN STEP	2026-10-05T14:01:33.8094881Z 
linux	UNKNOWN STEP	2026-10-05T14:01:33.8100485Z ^[[1m^[[92m   Doc-tests^[[0m playsparse_range
linux	UNKNOWN STEP	2026-10-05T14:01:33.8353792Z 
linux	UNKNOWN STEP	2026-10-05T14:01:33.8354898Z running 0 tests
linux	UNKNOWN STEP	2026-10-05T14:01:33.8355159Z 
linux	UNKNOWN STEP	2026-10-05T14:01:33.8355539Z test result: ok. 0 passed; 0 failed; 0 ignored; 0 measured; 0 filtered out; finished in 0.00s
linux	UNKNOWN STEP	2026-10-05T14:01:33.8356039Z 
linux	UNKNOWN STEP	2026-10-05T14:01:33.8361646Z ^[[1m^[[92m   Doc-tests^[[0m playsparse_store
linux	UNKNOWN STEP	2026-10-05T14:01:33.8844034Z 
linux	UNKNOWN STEP	2026-10-05T14:01:33.8844783Z running 0 tests
linux	UNKNOWN STEP	2026-10-05T14:01:33.8845325Z 
linux	UNKNOWN STEP	2026-10-05T14:01:33.8845856Z test result: ok. 0 passed; 0 failed; 0 ignored; 0 measured; 0 filtered out; finished in 0.00s
linux	UNKNOWN STEP	2026-10-05T14:01:33.8846340Z 
linux	UNKNOWN STEP	2026-10-05T14:01:33.8855541Z ^[[1m^[[92m   Doc-tests^[[0m playsparse_trace
linux	UNKNOWN STEP	2026-10-05T14:01:33.9138957Z 
linux	UNKNOWN STEP	2026-10-05T14:01:33.9139718Z running 0 tests
linux	UNKNOWN STEP	2026-10-05T14:01:33.9140071Z 
linux	UNKNOWN STEP	2026-10-05T14:01:33.9140446Z test result: ok. 0 passed; 0 failed; 0 ignored; 0 measured; 0 filtered out; finished in 0.00s
linux	UNKNOWN STEP	2026-10-05T14:01:33.9140807Z 
linux	UNKNOWN STEP	2026-10-05T14:01:33.9148036Z ^[[1m^[[92m   Doc-tests^[[0m playsparse_vfs_fuse
linux	UNKNOWN STEP	2026-10-05T14:01:33.9547249Z 
linux	UNKNOWN STEP	2026-10-05T14:01:33.9547794Z running 0 tests
linux	UNKNOWN STEP	2026-10-05T14:01:33.9548079Z 
linux	UNKNOWN STEP	2026-10-05T14:01:33.9548396Z test result: ok. 0 passed; 0 failed; 0 ignored; 0 measured; 0 filtered out; finished in 0.00s
linux	UNKNOWN STEP	2026-10-05T14:01:33.9549095Z 
linux	UNKNOWN STEP	2026-10-05T14:01:33.9557776Z ^[[1m^[[92m   Doc-tests^[[0m playsparse_vfs_win
linux	UNKNOWN STEP	2026-10-05T14:01:33.9730539Z 
linux	UNKNOWN STEP	2026-10-05T14:01:33.9731057Z running 0 tests
linux	UNKNOWN STEP	2026-10-05T14:01:33.9731341Z 
linux	UNKNOWN STEP	2026-10-05T14:01:33.9731666Z test result: ok. 0 passed; 0 failed; 0 ignored; 0 measured; 0 filtered out; finished in 0.00s
linux	UNKNOWN STEP	2026-10-05T14:01:33.9732042Z 
linux	UNKNOWN STEP	2026-10-05T14:01:34.0761849Z ##[group]Run cargo build --locked --release --workspace
linux	UNKNOWN STEP	2026-10-05T14:01:34.0762270Z ^[[36;1mcargo build --locked --release --workspace^[[0m
linux	UNKNOWN STEP	2026-10-05T14:01:34.0802681Z shell: /usr/bin/bash -e {0}
linux	UNKNOWN STEP	2026-10-05T14:01:34.0802991Z env:
linux	UNKNOWN STEP	2026-10-05T14:01:34.0803254Z   CARGO_HOME: /home/runner/.cargo
linux	UNKNOWN STEP	2026-10-05T14:01:34.0803549Z   CARGO_INCREMENTAL: 0
linux	UNKNOWN STEP	2026-10-05T14:01:34.0803805Z   CARGO_TERM_COLOR: always
linux	UNKNOWN STEP	2026-10-05T14:01:34.0804063Z   CACHE_ON_FAILURE: false
linux	UNKNOWN STEP	2026-10-05T14:01:34.0804426Z ##[endgroup]
linux	UNKNOWN STEP	2026-10-05T14:01:34.2316147Z ^[[1m^[[92m   Compiling^[[0m playsparse-core v0.1.0 (/home/runner/work/PlaySparse/PlaySparse/crates/playsparse-core)
linux	UNKNOWN STEP	2026-10-05T14:01:34.2345936Z ^[[1m^[[92m   Compiling^[[0m playsparse-vfs-win v0.1.0 (/home/runner/work/PlaySparse/PlaySparse/crates/playsparse-vfs-win)
linux	UNKNOWN STEP	2026-10-05T14:01:34.2347722Z ^[[1m^[[92m   Compiling^[[0m playsparse-cli v0.1.0 (/home/runner/work/PlaySparse/PlaySparse/crates/playsparse-cli)
linux	UNKNOWN STEP	2026-10-05T14:01:34.4293413Z ^[[1m^[[92m   Compiling^[[0m playsparse-game v0.1.0 (/home/runner/work/PlaySparse/PlaySparse/crates/playsparse-game)
linux	UNKNOWN STEP	2026-10-05T14:01:34.4295412Z ^[[1m^[[92m   Compiling^[[0m playsparse-trace v0.1.0 (/home/runner/work/PlaySparse/PlaySparse/crates/playsparse-trace)
linux	UNKNOWN STEP	2026-10-05T14:01:34.4304761Z ^[[1m^[[92m   Compiling^[[0m playsparse-cache v0.1.0 (/home/runner/work/PlaySparse/PlaySparse/crates/playsparse-cache)
linux	UNKNOWN STEP	2026-10-05T14:01:34.6966110Z ^[[1m^[[92m   Compiling^[[0m io-probe v0.1.0 (/home/runner/work/PlaySparse/PlaySparse/tools/io-probe)
linux	UNKNOWN STEP	2026-10-05T14:01:34.7929601Z ^[[1m^[[92m   Compiling^[[0m playsparse-policy v0.1.0 (/home/runner/work/PlaySparse/PlaySparse/crates/playsparse-policy)
linux	UNKNOWN STEP	2026-10-05T14:01:36.1866109Z ^[[1m^[[92m   Compiling^[[0m playsparse-store v0.1.0 (/home/runner/work/PlaySparse/PlaySparse/crates/playsparse-store)
linux	UNKNOWN STEP	2026-10-05T14:01:36.8436325Z ^[[1m^[[92m   Compiling^[[0m playsparse-range v0.1.0 (/home/runner/work/PlaySparse/PlaySparse/crates/playsparse-range)
linux	UNKNOWN STEP	2026-10-05T14:01:39.2867101Z ^[[1m^[[92m   Compiling^[[0m playsparse-overlay v0.1.0 (/home/runner/work/PlaySparse/PlaySparse/crates/playsparse-overlay)
linux	UNKNOWN STEP	2026-10-05T14:01:39.9706622Z ^[[1m^[[92m   Compiling^[[0m playsparse-vfs-fuse v0.1.0 (/home/runner/work/PlaySparse/PlaySparse/crates/playsparse-vfs-fuse)
linux	UNKNOWN STEP	2026-10-05T14:02:02.2344704Z ^[[1m^[[92m    Finished^[[0m `release` profile [optimized] target(s) in 28.07s
linux	UNKNOWN STEP	2026-10-05T14:02:02.2487323Z ##[group]Run PLAYSPARSE_GAME_TEST_BINARY=target/release/playsparse python3 -m unittest discover -s tests -p test_game_awareness.py -v
linux	UNKNOWN STEP	2026-10-05T14:02:02.2488215Z ^[[36;1mPLAYSPARSE_GAME_TEST_BINARY=target/release/playsparse python3 -m unittest discover -s tests -p test_game_awareness.py -v^[[0m
linux	UNKNOWN STEP	2026-10-05T14:02:02.2527909Z shell: /usr/bin/bash -e {0}
linux	UNKNOWN STEP	2026-10-05T14:02:02.2528211Z env:
linux	UNKNOWN STEP	2026-10-05T14:02:02.2528454Z   CARGO_HOME: /home/runner/.cargo
linux	UNKNOWN STEP	2026-10-05T14:02:02.2528728Z   CARGO_INCREMENTAL: 0
linux	UNKNOWN STEP	2026-10-05T14:02:02.2528974Z   CARGO_TERM_COLOR: always
linux	UNKNOWN STEP	2026-10-05T14:02:02.2529219Z   CACHE_ON_FAILURE: false
linux	UNKNOWN STEP	2026-10-05T14:02:02.2529470Z ##[endgroup]
linux	UNKNOWN STEP	2026-10-05T14:02:02.5411156Z test_analyze_profile_retains_generic_baseline (test_game_awareness.CliTests.test_analyze_profile_retains_generic_baseline) ... ok
linux	UNKNOWN STEP	2026-10-05T14:02:02.7259808Z test_generic_absent_fallback_and_byte_identity (test_game_awareness.CliTests.test_generic_absent_fallback_and_byte_identity) ... ok
linux	UNKNOWN STEP	2026-10-05T14:02:02.8581572Z test_profile_version_paths_source_mismatch_and_nested_output (test_game_awareness.CliTests.test_profile_version_paths_source_mismatch_and_nested_output) ... ok
linux	UNKNOWN STEP	2026-10-05T14:02:03.0269432Z test_zip_original_bytes_and_plan_tampering (test_game_awareness.CliTests.test_zip_original_bytes_and_plan_tampering) ... ok
linux	UNKNOWN STEP	2026-10-05T14:02:03.2708997Z test_generation_reproducible_and_keeps_stable_records (test_game_awareness.FixtureTests.test_generation_reproducible_and_keeps_stable_records) ... ok
linux	UNKNOWN STEP	2026-10-05T14:02:03.2710412Z test_summary_uses_every_trial_and_missing_stays_null (test_game_awareness.FixtureTests.test_summary_uses_every_trial_and_missing_stays_null) ... ok
linux	UNKNOWN STEP	2026-10-05T14:02:03.2710971Z 
linux	UNKNOWN STEP	2026-10-05T14:02:03.2711156Z ----------------------------------------------------------------------
linux	UNKNOWN STEP	2026-10-05T14:02:03.2711561Z Ran 6 tests in 0.938s
linux	UNKNOWN STEP	2026-10-05T14:02:03.2711726Z 
linux	UNKNOWN STEP	2026-10-05T14:02:03.2711828Z OK
linux	UNKNOWN STEP	2026-10-05T14:02:03.2831471Z ##[group]Run python3 experiments/05-game-aware-packing/run_benchmark.py --work /tmp/playsparse-experiment05-ci --repetitions 2 --iterations 64 --size-mib 4
linux	UNKNOWN STEP	2026-10-05T14:02:03.2832480Z ^[[36;1mpython3 experiments/05-game-aware-packing/run_benchmark.py --work /tmp/playsparse-experiment05-ci --repetitions 2 --iterations 64 --size-mib 4^[[0m
linux	UNKNOWN STEP	2026-10-05T14:02:03.2872796Z shell: /usr/bin/bash -e {0}
linux	UNKNOWN STEP	2026-10-05T14:02:03.2873106Z env:
linux	UNKNOWN STEP	2026-10-05T14:02:03.2873331Z   CARGO_HOME: /home/runner/.cargo
linux	UNKNOWN STEP	2026-10-05T14:02:03.2873750Z   CARGO_INCREMENTAL: 0
linux	UNKNOWN STEP	2026-10-05T14:02:03.2873990Z   CARGO_TERM_COLOR: always
linux	UNKNOWN STEP	2026-10-05T14:02:03.2874413Z   CACHE_ON_FAILURE: false
linux	UNKNOWN STEP	2026-10-05T14:02:03.2874798Z ##[endgroup]
linux	UNKNOWN STEP	2026-10-05T14:02:06.6541651Z {
linux	UNKNOWN STEP	2026-10-05T14:02:06.6542086Z   "status": "PASS",
linux	UNKNOWN STEP	2026-10-05T14:02:06.6542485Z   "evidence": "/tmp/playsparse-experiment05-ci/evidence",
linux	UNKNOWN STEP	2026-10-05T14:02:06.6542963Z   "error": null,
linux	UNKNOWN STEP	2026-10-05T14:02:06.6543241Z   "summary": {
linux	UNKNOWN STEP	2026-10-05T14:02:06.6543644Z     "generic-cdc": {
linux	UNKNOWN STEP	2026-10-05T14:02:06.6543971Z       "physical_bytes": {
linux	UNKNOWN STEP	2026-10-05T14:02:06.6544435Z         "median": 6647635.0,
linux	UNKNOWN STEP	2026-10-05T14:02:06.6544762Z         "variance": 0,
linux	UNKNOWN STEP	2026-10-05T14:02:06.6545101Z         "min": 6647635,
linux	UNKNOWN STEP	2026-10-05T14:02:06.6545431Z         "max": 6647635,
linux	UNKNOWN STEP	2026-10-05T14:02:06.6545755Z         "trials": 2
linux	UNKNOWN STEP	2026-10-05T14:02:06.6546070Z       },
linux	UNKNOWN STEP	2026-10-05T14:02:06.6546312Z       "object_bytes": {
linux	UNKNOWN STEP	2026-10-05T14:02:06.6546752Z         "median": 6643581.0,
linux	UNKNOWN STEP	2026-10-05T14:02:06.6547025Z         "variance": 0,
linux	UNKNOWN STEP	2026-10-05T14:02:06.6547260Z         "min": 6643581,
linux	UNKNOWN STEP	2026-10-05T14:02:06.6547502Z         "max": 6643581,
linux	UNKNOWN STEP	2026-10-05T14:02:06.6547716Z         "trials": 2
linux	UNKNOWN STEP	2026-10-05T14:02:06.6547937Z       },
linux	UNKNOWN STEP	2026-10-05T14:02:06.6548145Z       "metadata_bytes": {
linux	UNKNOWN STEP	2026-10-05T14:02:06.6548390Z         "median": 4054.0,
linux	UNKNOWN STEP	2026-10-05T14:02:06.6548624Z         "variance": 0,
linux	UNKNOWN STEP	2026-10-05T14:02:06.6548839Z         "min": 4054,
linux	UNKNOWN STEP	2026-10-05T14:02:06.6549050Z         "max": 4054,
linux	UNKNOWN STEP	2026-10-05T14:02:06.6549264Z         "trials": 2
linux	UNKNOWN STEP	2026-10-05T14:02:06.6549490Z       },
linux	UNKNOWN STEP	2026-10-05T14:02:06.6549715Z       "allocated_bytes": {
linux	UNKNOWN STEP	2026-10-05T14:02:06.6549978Z         "median": 6672384.0,
linux	UNKNOWN STEP	2026-10-05T14:02:06.6550238Z         "variance": 0,
linux	UNKNOWN STEP	2026-10-05T14:02:06.6550456Z         "min": 6672384,
linux	UNKNOWN STEP	2026-10-05T14:02:06.6550680Z         "max": 6672384,
linux	UNKNOWN STEP	2026-10-05T14:02:06.6550896Z         "trials": 2
linux	UNKNOWN STEP	2026-10-05T14:02:06.6551111Z       },
linux	UNKNOWN STEP	2026-10-05T14:02:06.6551347Z       "pack_wall_seconds": {
linux	UNKNOWN STEP	2026-10-05T14:02:06.6551629Z         "median": 0.0638412849999952,
linux	UNKNOWN STEP	2026-10-05T14:02:06.6551919Z         "variance": 2.1022100106925097e-10,
linux	UNKNOWN STEP	2026-10-05T14:02:06.6552213Z         "min": 0.06382678599999281,
linux	UNKNOWN STEP	2026-10-05T14:02:06.6552483Z         "max": 0.06385578399999758,
linux	UNKNOWN STEP	2026-10-05T14:02:06.6552740Z         "trials": 2
linux	UNKNOWN STEP	2026-10-05T14:02:06.6552956Z       },
linux	UNKNOWN STEP	2026-10-05T14:02:06.6553182Z       "pack_cpu_seconds": {
linux	UNKNOWN STEP	2026-10-05T14:02:06.6553441Z         "median": 0.021438499999999958,
linux	UNKNOWN STEP	2026-10-05T14:02:06.6553707Z         "variance": 1.2939062500001254e-06,
linux	UNKNOWN STEP	2026-10-05T14:02:06.6553992Z         "min": 0.020300999999999902,
linux	UNKNOWN STEP	2026-10-05T14:02:06.6554515Z         "max": 0.022576000000000013,
linux	UNKNOWN STEP	2026-10-05T14:02:06.6554776Z         "trials": 2
linux	UNKNOWN STEP	2026-10-05T14:02:06.6554995Z       },
linux	UNKNOWN STEP	2026-10-05T14:02:06.6555218Z       "inspect_plan_wall_seconds": {
linux	UNKNOWN STEP	2026-10-05T14:02:06.6555477Z         "median": 0.0,
linux	UNKNOWN STEP	2026-10-05T14:02:06.6555710Z         "variance": 0.0,
linux	UNKNOWN STEP	2026-10-05T14:02:06.6556227Z         "min": 0.0,
linux	UNKNOWN STEP	2026-10-05T14:02:06.6556441Z         "max": 0.0,
linux	UNKNOWN STEP	2026-10-05T14:02:06.6556657Z         "trials": 2
linux	UNKNOWN STEP	2026-10-05T14:02:06.6556863Z       },
linux	UNKNOWN STEP	2026-10-05T14:02:06.6557083Z       "inspect_plan_cpu_seconds": {
linux	UNKNOWN STEP	2026-10-05T14:02:06.6557343Z         "median": 0.0,
linux	UNKNOWN STEP	2026-10-05T14:02:06.6557557Z         "variance": 0.0,
linux	UNKNOWN STEP	2026-10-05T14:02:06.6557777Z         "min": 0.0,
linux	UNKNOWN STEP	2026-10-05T14:02:06.6557974Z         "max": 0.0,
linux	UNKNOWN STEP	2026-10-05T14:02:06.6558170Z         "trials": 2
linux	UNKNOWN STEP	2026-10-05T14:02:06.6558365Z       },
linux	UNKNOWN STEP	2026-10-05T14:02:06.6558565Z       "end_to_end_wall_seconds": {
linux	UNKNOWN STEP	2026-10-05T14:02:06.6558972Z         "median": 0.0638412849999952,
linux	UNKNOWN STEP	2026-10-05T14:02:06.6559232Z         "variance": 2.1022100106925097e-10,
linux	UNKNOWN STEP	2026-10-05T14:02:06.6559493Z         "min": 0.06382678599999281,
linux	UNKNOWN STEP	2026-10-05T14:02:06.6559732Z         "max": 0.06385578399999758,
linux	UNKNOWN STEP	2026-10-05T14:02:06.6559974Z         "trials": 2
linux	UNKNOWN STEP	2026-10-05T14:02:06.6560170Z       },
linux	UNKNOWN STEP	2026-10-05T14:02:06.6560374Z       "end_to_end_cpu_seconds": {
linux	UNKNOWN STEP	2026-10-05T14:02:06.6560629Z         "median": 0.021438499999999958,
linux	UNKNOWN STEP	2026-10-05T14:02:06.6560893Z         "variance": 1.2939062500001254e-06,
linux	UNKNOWN STEP	2026-10-05T14:02:06.6561150Z         "min": 0.020300999999999902,
linux	UNKNOWN STEP	2026-10-05T14:02:06.6561390Z         "max": 0.022576000000000013,
linux	UNKNOWN STEP	2026-10-05T14:02:06.6561624Z         "trials": 2
linux	UNKNOWN STEP	2026-10-05T14:02:06.6561821Z       },
linux	UNKNOWN STEP	2026-10-05T14:02:06.6562027Z       "unique_objects": {
linux	UNKNOWN STEP	2026-10-05T14:02:06.6562254Z         "median": 20.0,
linux	UNKNOWN STEP	2026-10-05T14:02:06.6562469Z         "variance": 0,
linux	UNKNOWN STEP	2026-10-05T14:02:06.6562680Z         "min": 20,
linux	UNKNOWN STEP	2026-10-05T14:02:06.6562888Z         "max": 20,
linux	UNKNOWN STEP	2026-10-05T14:02:06.6563095Z         "trials": 2
linux	UNKNOWN STEP	2026-10-05T14:02:06.6563290Z       },
linux	UNKNOWN STEP	2026-10-05T14:02:06.6563487Z       "reused_chunks_within_v2": {
linux	UNKNOWN STEP	2026-10-05T14:02:06.6563741Z         "median": 0.0,
linux	UNKNOWN STEP	2026-10-05T14:02:06.6563960Z         "variance": 0,
linux	UNKNOWN STEP	2026-10-05T14:02:06.6564573Z         "min": 0,
linux	UNKNOWN STEP	2026-10-05T14:02:06.6564801Z         "max": 0,
linux	UNKNOWN STEP	2026-10-05T14:02:06.6565008Z         "trials": 2
linux	UNKNOWN STEP	2026-10-05T14:02:06.6565228Z       },
linux	UNKNOWN STEP	2026-10-05T14:02:06.6565435Z       "update_new_physical_bytes": {
linux	UNKNOWN STEP	2026-10-05T14:02:06.6565699Z         "median": 2442906.0,
linux	UNKNOWN STEP	2026-10-05T14:02:06.6565927Z         "variance": 0,
linux	UNKNOWN STEP	2026-10-05T14:02:06.6566139Z         "min": 2442906,
linux	UNKNOWN STEP	2026-10-05T14:02:06.6566362Z         "max": 2442906,
linux	UNKNOWN STEP	2026-10-05T14:02:06.6566572Z         "trials": 2
linux	UNKNOWN STEP	2026-10-05T14:02:06.6566768Z       },
linux	UNKNOWN STEP	2026-10-05T14:02:06.6566970Z       "cross_version_reused_bytes": {
linux	UNKNOWN STEP	2026-10-05T14:02:06.6567231Z         "median": 4908635.0,
linux	UNKNOWN STEP	2026-10-05T14:02:06.6567455Z         "variance": 0,
linux	UNKNOWN STEP	2026-10-05T14:02:06.6567661Z         "min": 4908635,
linux	UNKNOWN STEP	2026-10-05T14:02:06.6567893Z         "max": 4908635,
linux	UNKNOWN STEP	2026-10-05T14:02:06.6568109Z         "trials": 2
linux	UNKNOWN STEP	2026-10-05T14:02:06.6568306Z       },
linux	UNKNOWN STEP	2026-10-05T14:02:06.6568493Z       "cold_p50_ms": {
linux	UNKNOWN STEP	2026-10-05T14:02:06.6569137Z         "median": 0.16522599999999998,
linux	UNKNOWN STEP	2026-10-05T14:02:06.6569557Z         "variance": 2.4980003999999887e-05,
linux	UNKNOWN STEP	2026-10-05T14:02:06.6569815Z         "min": 0.160228,
linux	UNKNOWN STEP	2026-10-05T14:02:06.6570047Z         "max": 0.170224,
linux	UNKNOWN STEP	2026-10-05T14:02:06.6570264Z         "trials": 2
linux	UNKNOWN STEP	2026-10-05T14:02:06.6570472Z       },
linux	UNKNOWN STEP	2026-10-05T14:02:06.6570663Z       "cold_p95_ms": {
linux	UNKNOWN STEP	2026-10-05T14:02:06.6570881Z         "median": 0.329587,
linux	UNKNOWN STEP	2026-10-05T14:02:06.6571116Z         "variance": 3.4515625000000224e-05,
linux	UNKNOWN STEP	2026-10-05T14:02:06.6571362Z         "min": 0.323712,
linux	UNKNOWN STEP	2026-10-05T14:02:06.6571590Z         "max": 0.33546200000000004,
linux	UNKNOWN STEP	2026-10-05T14:02:06.6571825Z         "trials": 2
linux	UNKNOWN STEP	2026-10-05T14:02:06.6572022Z       },
linux	UNKNOWN STEP	2026-10-05T14:02:06.6572205Z       "cold_p99_ms": {
linux	UNKNOWN STEP	2026-10-05T14:02:06.6572425Z         "median": 0.4927235,
linux	UNKNOWN STEP	2026-10-05T14:02:06.6572662Z         "variance": 3.356464225000008e-05,
linux	UNKNOWN STEP	2026-10-05T14:02:06.6572912Z         "min": 0.48693,
linux	UNKNOWN STEP	2026-10-05T14:02:06.6573122Z         "max": 0.498517,
linux	UNKNOWN STEP	2026-10-05T14:02:06.6573331Z         "trials": 2
linux	UNKNOWN STEP	2026-10-05T14:02:06.6573535Z       },
linux	UNKNOWN STEP	2026-10-05T14:02:06.6573719Z       "warm_p50_ms": {
linux	UNKNOWN STEP	2026-10-05T14:02:06.6573932Z         "median": 0.0007815,
linux	UNKNOWN STEP	2026-10-05T14:02:06.6574315Z         "variance": 7.224999999999891e-11,
linux	UNKNOWN STEP	2026-10-05T14:02:06.6574828Z         "min": 0.000773,
linux	UNKNOWN STEP	2026-10-05T14:02:06.6575222Z         "max": 0.0007899999999999999,
linux	UNKNOWN STEP	2026-10-05T14:02:06.6575510Z         "trials": 2
linux	UNKNOWN STEP	2026-10-05T14:02:06.6575713Z       },
linux	UNKNOWN STEP	2026-10-05T14:02:06.6575906Z       "warm_p95_ms": {
linux	UNKNOWN STEP	2026-10-05T14:02:06.6576127Z         "median": 0.001016,
linux	UNKNOWN STEP	2026-10-05T14:02:06.6576379Z         "variance": 4.7609999999999996e-09,
linux	UNKNOWN STEP	2026-10-05T14:02:06.6576636Z         "min": 0.000947,
linux	UNKNOWN STEP	2026-10-05T14:02:06.6576852Z         "max": 0.001085,
linux	UNKNOWN STEP	2026-10-05T14:02:06.6577063Z         "trials": 2
linux	UNKNOWN STEP	2026-10-05T14:02:06.6577353Z       },
linux	UNKNOWN STEP	2026-10-05T14:02:06.6577553Z       "warm_p99_ms": {
linux	UNKNOWN STEP	2026-10-05T14:02:06.6577775Z         "median": 0.0054269999999999995,
linux	UNKNOWN STEP	2026-10-05T14:02:06.6578037Z         "variance": 1.73056e-05,
linux	UNKNOWN STEP	2026-10-05T14:02:06.6578276Z         "min": 0.001267,
linux	UNKNOWN STEP	2026-10-05T14:02:06.6578499Z         "max": 0.009587,
linux	UNKNOWN STEP	2026-10-05T14:02:06.6578925Z         "trials": 2
linux	UNKNOWN STEP	2026-10-05T14:02:06.6579156Z       },
linux	UNKNOWN STEP	2026-10-05T14:02:06.6579392Z       "sequential_mib_s": {
linux	UNKNOWN STEP	2026-10-05T14:02:06.6579672Z         "median": 1672.9114611944656,
linux	UNKNOWN STEP	2026-10-05T14:02:06.6579986Z         "variance": 85.7065992007108,
linux	UNKNOWN STEP	2026-10-05T14:02:06.6580295Z         "min": 1663.6536753252249,
linux	UNKNOWN STEP	2026-10-05T14:02:06.6580592Z         "max": 1682.169247063706,
linux	UNKNOWN STEP	2026-10-05T14:02:06.6580877Z         "trials": 2
linux	UNKNOWN STEP	2026-10-05T14:02:06.6581118Z       },
linux	UNKNOWN STEP	2026-10-05T14:02:06.6581383Z       "read_benchmark_cpu_seconds": {
linux	UNKNOWN STEP	2026-10-05T14:02:06.6581719Z         "median": 0.12502950000000002,
linux	UNKNOWN STEP	2026-10-05T14:02:06.6582037Z         "variance": 8.383920250000013e-06,
linux	UNKNOWN STEP	2026-10-05T14:02:06.6582372Z         "min": 0.122134,
linux	UNKNOWN STEP	2026-10-05T14:02:06.6582627Z         "max": 0.127925,
linux	UNKNOWN STEP	2026-10-05T14:02:06.6582870Z         "trials": 2
linux	UNKNOWN STEP	2026-10-05T14:02:06.6583101Z       },
linux	UNKNOWN STEP	2026-10-05T14:02:06.6583410Z       "peak_rss_bytes": {
linux	UNKNOWN STEP	2026-10-05T14:02:06.6583654Z         "median": 33411072.0,
linux	UNKNOWN STEP	2026-10-05T14:02:06.6583890Z         "variance": 0,
linux	UNKNOWN STEP	2026-10-05T14:02:06.6584103Z         "min": 33411072,
linux	UNKNOWN STEP	2026-10-05T14:02:06.6584550Z         "max": 33411072,
linux	UNKNOWN STEP	2026-10-05T14:02:06.6584779Z         "trials": 2
linux	UNKNOWN STEP	2026-10-05T14:02:06.6584978Z       },
linux	UNKNOWN STEP	2026-10-05T14:02:06.6585192Z       "cold_raw_read_amplification_4k": {
linux	UNKNOWN STEP	2026-10-05T14:02:06.6585465Z         "median": 125.96236038208008,
linux	UNKNOWN STEP	2026-10-05T14:02:06.6585761Z         "variance": 0.0,
linux	UNKNOWN STEP	2026-10-05T14:02:06.6585986Z         "min": 125.96236038208008,
linux	UNKNOWN STEP	2026-10-05T14:02:06.6586228Z         "max": 125.96236038208008,
linux	UNKNOWN STEP	2026-10-05T14:02:06.6586461Z         "trials": 2
linux	UNKNOWN STEP	2026-10-05T14:02:06.6586658Z       },
linux	UNKNOWN STEP	2026-10-05T14:02:06.6586862Z       "warm_cache_hit_ratio": {
linux	UNKNOWN STEP	2026-10-05T14:02:06.6587108Z         "median": 0.9676375404530745,
linux	UNKNOWN STEP	2026-10-05T14:02:06.6587352Z         "variance": 0.0,
linux	UNKNOWN STEP	2026-10-05T14:02:06.6587571Z         "min": 0.9676375404530745,
linux	UNKNOWN STEP	2026-10-05T14:02:06.6587812Z         "max": 0.9676375404530745,
linux	UNKNOWN STEP	2026-10-05T14:02:06.6588041Z         "trials": 2
linux	UNKNOWN STEP	2026-10-05T14:02:06.6588244Z       }
linux	UNKNOWN STEP	2026-10-05T14:02:06.6588429Z     },
linux	UNKNOWN STEP	2026-10-05T14:02:06.6588630Z     "measured-codec": {
linux	UNKNOWN STEP	2026-10-05T14:02:06.6588876Z       "physical_bytes": {
linux	UNKNOWN STEP	2026-10-05T14:02:06.6589111Z         "median": 6647635.0,
linux	UNKNOWN STEP	2026-10-05T14:02:06.6589343Z         "variance": 0,
linux	UNKNOWN STEP	2026-10-05T14:02:06.6589559Z         "min": 6647635,
linux	UNKNOWN STEP	2026-10-05T14:02:06.6589786Z         "max": 6647635,
linux	UNKNOWN STEP	2026-10-05T14:02:06.6589994Z         "trials": 2
linux	UNKNOWN STEP	2026-10-05T14:02:06.6590196Z       },
linux	UNKNOWN STEP	2026-10-05T14:02:06.6590387Z       "object_bytes": {
linux	UNKNOWN STEP	2026-10-05T14:02:06.6590607Z         "median": 6643581.0,
linux	UNKNOWN STEP	2026-10-05T14:02:06.6590838Z         "variance": 0,
linux	UNKNOWN STEP	2026-10-05T14:02:06.6591047Z         "min": 6643581,
linux	UNKNOWN STEP	2026-10-05T14:02:06.6591252Z         "max": 6643581,
linux	UNKNOWN STEP	2026-10-05T14:02:06.6591464Z         "trials": 2
linux	UNKNOWN STEP	2026-10-05T14:02:06.6591666Z       },
linux	UNKNOWN STEP	2026-10-05T14:02:06.6591858Z       "metadata_bytes": {
linux	UNKNOWN STEP	2026-10-05T14:02:06.6592080Z         "median": 4054.0,
linux	UNKNOWN STEP	2026-10-05T14:02:06.6592298Z         "variance": 0,
linux	UNKNOWN STEP	2026-10-05T14:02:06.6592516Z         "min": 4054,
linux	UNKNOWN STEP	2026-10-05T14:02:06.6592725Z         "max": 4054,
linux	UNKNOWN STEP	2026-10-05T14:02:06.6592929Z         "trials": 2
linux	UNKNOWN STEP	2026-10-05T14:02:06.6593321Z       },
linux	UNKNOWN STEP	2026-10-05T14:02:06.6593519Z       "allocated_bytes": {
linux	UNKNOWN STEP	2026-10-05T14:02:06.6593759Z         "median": 6672384.0,
linux	UNKNOWN STEP	2026-10-05T14:02:06.6593987Z         "variance": 0,
linux	UNKNOWN STEP	2026-10-05T14:02:06.6594331Z         "min": 6672384,
linux	UNKNOWN STEP	2026-10-05T14:02:06.6594558Z         "max": 6672384,
linux	UNKNOWN STEP	2026-10-05T14:02:06.6594777Z         "trials": 2
linux	UNKNOWN STEP	2026-10-05T14:02:06.6594979Z       },
linux	UNKNOWN STEP	2026-10-05T14:02:06.6595182Z       "pack_wall_seconds": {
linux	UNKNOWN STEP	2026-10-05T14:02:06.6595426Z         "median": 0.06374342249999643,
linux	UNKNOWN STEP	2026-10-05T14:02:06.6595694Z         "variance": 5.552856608028307e-10,
linux	UNKNOWN STEP	2026-10-05T14:02:06.6596047Z         "min": 0.0637198579999847,
linux	UNKNOWN STEP	2026-10-05T14:02:06.6596293Z         "max": 0.06376698700000816,
linux	UNKNOWN STEP	2026-10-05T14:02:06.6596537Z         "trials": 2
linux	UNKNOWN STEP	2026-10-05T14:02:06.6596739Z       },
linux	UNKNOWN STEP	2026-10-05T14:02:06.6596942Z       "pack_cpu_seconds": {
linux	UNKNOWN STEP	2026-10-05T14:02:06.6597184Z         "median": 0.019313000000000025,
linux	UNKNOWN STEP	2026-10-05T14:02:06.6597445Z         "variance": 1.537600000000322e-08,
linux	UNKNOWN STEP	2026-10-05T14:02:06.6597708Z         "min": 0.01918900000000001,
linux	UNKNOWN STEP	2026-10-05T14:02:06.6597970Z         "max": 0.019437000000000038,
linux	UNKNOWN STEP	2026-10-05T14:02:06.6598206Z         "trials": 2
linux	UNKNOWN STEP	2026-10-05T14:02:06.6598408Z       },
linux	UNKNOWN STEP	2026-10-05T14:02:06.6598610Z       "inspect_plan_wall_seconds": {
linux	UNKNOWN STEP	2026-10-05T14:02:06.6598863Z         "median": 0.007552266999994117,
linux	UNKNOWN STEP	2026-10-05T14:02:06.6599126Z         "variance": 3.023900096358821e-11,
linux	UNKNOWN STEP	2026-10-05T14:02:06.6599377Z         "min": 0.007546767999997428,
linux	UNKNOWN STEP	2026-10-05T14:02:06.6599619Z         "max": 0.0075577659999908064,
linux	UNKNOWN STEP	2026-10-05T14:02:06.6599861Z         "trials": 2
linux	UNKNOWN STEP	2026-10-05T14:02:06.6600068Z       },
linux	UNKNOWN STEP	2026-10-05T14:02:06.6600263Z       "inspect_plan_cpu_seconds": {
linux	UNKNOWN STEP	2026-10-05T14:02:06.6600514Z         "median": 0.005450499999999969,
linux	UNKNOWN STEP	2026-10-05T14:02:06.6600765Z         "variance": 6.806250000006744e-09,
linux	UNKNOWN STEP	2026-10-05T14:02:06.6601019Z         "min": 0.005367999999999928,
linux	UNKNOWN STEP	2026-10-05T14:02:06.6601256Z         "max": 0.00553300000000001,
linux	UNKNOWN STEP	2026-10-05T14:02:06.6601488Z         "trials": 2
linux	UNKNOWN STEP	2026-10-05T14:02:06.6601689Z       },
linux	UNKNOWN STEP	2026-10-05T14:02:06.6601884Z       "end_to_end_wall_seconds": {
linux	UNKNOWN STEP	2026-10-05T14:02:06.6602139Z         "median": 0.07129568949999054,
linux	UNKNOWN STEP	2026-10-05T14:02:06.6602450Z         "variance": 8.446870327393942e-10,
linux	UNKNOWN STEP	2026-10-05T14:02:06.6602736Z         "min": 0.07126662599998212,
linux	UNKNOWN STEP	2026-10-05T14:02:06.6602974Z         "max": 0.07132475299999896,
linux	UNKNOWN STEP	2026-10-05T14:02:06.6603218Z         "trials": 2
linux	UNKNOWN STEP	2026-10-05T14:02:06.6603420Z       },
linux	UNKNOWN STEP	2026-10-05T14:02:06.6603621Z       "end_to_end_cpu_seconds": {
linux	UNKNOWN STEP	2026-10-05T14:02:06.6603923Z         "median": 0.024763499999999994,
linux	UNKNOWN STEP	2026-10-05T14:02:06.6604394Z         "variance": 1.7222499999976855e-09,
linux	UNKNOWN STEP	2026-10-05T14:02:06.6604669Z         "min": 0.024722000000000022,
linux	UNKNOWN STEP	2026-10-05T14:02:06.6604908Z         "max": 0.024804999999999966,
linux	UNKNOWN STEP	2026-10-05T14:02:06.6605149Z         "trials": 2
linux	UNKNOWN STEP	2026-10-05T14:02:06.6605352Z       },
linux	UNKNOWN STEP	2026-10-05T14:02:06.6605558Z       "unique_objects": {
linux	UNKNOWN STEP	2026-10-05T14:02:06.6605789Z         "median": 20.0,
linux	UNKNOWN STEP	2026-10-05T14:02:06.6606008Z         "variance": 0,
linux	UNKNOWN STEP	2026-10-05T14:02:06.6606227Z         "min": 20,
linux	UNKNOWN STEP	2026-10-05T14:02:06.6606442Z         "max": 20,
linux	UNKNOWN STEP	2026-10-05T14:02:06.6606646Z         "trials": 2
linux	UNKNOWN STEP	2026-10-05T14:02:06.6606860Z       },
linux	UNKNOWN STEP	2026-10-05T14:02:06.6607061Z       "reused_chunks_within_v2": {
linux	UNKNOWN STEP	2026-10-05T14:02:06.6607318Z         "median": 0.0,
linux	UNKNOWN STEP	2026-10-05T14:02:06.6607531Z         "variance": 0,
linux	UNKNOWN STEP	2026-10-05T14:02:06.6607741Z         "min": 0,
linux	UNKNOWN STEP	2026-10-05T14:02:06.6607945Z         "max": 0,
linux	UNKNOWN STEP	2026-10-05T14:02:06.6608143Z         "trials": 2
linux	UNKNOWN STEP	2026-10-05T14:02:06.6608352Z       },
linux	UNKNOWN STEP	2026-10-05T14:02:06.6608555Z       "update_new_physical_bytes": {
linux	UNKNOWN STEP	2026-10-05T14:02:06.6608813Z         "median": 2442906.0,
linux	UNKNOWN STEP	2026-10-05T14:02:06.6609040Z         "variance": 0,
linux	UNKNOWN STEP	2026-10-05T14:02:06.6609258Z         "min": 2442906,
linux	UNKNOWN STEP	2026-10-05T14:02:06.6609471Z         "max": 2442906,
linux	UNKNOWN STEP	2026-10-05T14:02:06.6609676Z         "trials": 2
linux	UNKNOWN STEP	2026-10-05T14:02:06.6609873Z       },
linux	UNKNOWN STEP	2026-10-05T14:02:06.6610075Z       "cross_version_reused_bytes": {
linux	UNKNOWN STEP	2026-10-05T14:02:06.6610334Z         "median": 4908635.0,
linux	UNKNOWN STEP	2026-10-05T14:02:06.6610681Z         "variance": 0,
linux	UNKNOWN STEP	2026-10-05T14:02:06.6610921Z         "min": 4908635,
linux	UNKNOWN STEP	2026-10-05T14:02:06.6611158Z         "max": 4908635,
linux	UNKNOWN STEP	2026-10-05T14:02:06.6611376Z         "trials": 2
linux	UNKNOWN STEP	2026-10-05T14:02:06.6611575Z       },
linux	UNKNOWN STEP	2026-10-05T14:02:06.6611766Z       "cold_p50_ms": {
linux	UNKNOWN STEP	2026-10-05T14:02:06.6611984Z         "median": 0.1569675,
linux	UNKNOWN STEP	2026-10-05T14:02:06.6612217Z         "variance": 1.9492225000001e-07,
linux	UNKNOWN STEP	2026-10-05T14:02:06.6612482Z         "min": 0.156526,
linux	UNKNOWN STEP	2026-10-05T14:02:06.6612713Z         "max": 0.15740900000000002,
linux	UNKNOWN STEP	2026-10-05T14:02:06.6612950Z         "trials": 2
linux	UNKNOWN STEP	2026-10-05T14:02:06.6613233Z       },
linux	UNKNOWN STEP	2026-10-05T14:02:06.6613437Z       "cold_p95_ms": {
linux	UNKNOWN STEP	2026-10-05T14:02:06.6613658Z         "median": 0.3265015,
linux	UNKNOWN STEP	2026-10-05T14:02:06.6613900Z         "variance": 2.5346190249999973e-05,
linux	UNKNOWN STEP	2026-10-05T14:02:06.6614299Z         "min": 0.321467,
linux	UNKNOWN STEP	2026-10-05T14:02:06.6614564Z         "max": 0.331536,
linux	UNKNOWN STEP	2026-10-05T14:02:06.6614783Z         "trials": 2
linux	UNKNOWN STEP	2026-10-05T14:02:06.6614986Z       },
linux	UNKNOWN STEP	2026-10-05T14:02:06.6615181Z       "cold_p99_ms": {
linux	UNKNOWN STEP	2026-10-05T14:02:06.6615402Z         "median": 0.4763255,
linux	UNKNOWN STEP	2026-10-05T14:02:06.6615647Z         "variance": 8.877420250000142e-06,
linux	UNKNOWN STEP	2026-10-05T14:02:06.6615899Z         "min": 0.473346,
linux	UNKNOWN STEP	2026-10-05T14:02:06.6616126Z         "max": 0.47930500000000004,
linux	UNKNOWN STEP	2026-10-05T14:02:06.6616362Z         "trials": 2
linux	UNKNOWN STEP	2026-10-05T14:02:06.6616566Z       },
linux	UNKNOWN STEP	2026-10-05T14:02:06.6616757Z       "warm_p50_ms": {
linux	UNKNOWN STEP	2026-10-05T14:02:06.6616973Z         "median": 0.0007375,
linux	UNKNOWN STEP	2026-10-05T14:02:06.6617209Z         "variance": 1.2250000000000216e-11,
linux	UNKNOWN STEP	2026-10-05T14:02:06.6617462Z         "min": 0.000734,
linux	UNKNOWN STEP	2026-10-05T14:02:06.6617691Z         "max": 0.000741,
linux	UNKNOWN STEP	2026-10-05T14:02:06.6617903Z         "trials": 2
linux	UNKNOWN STEP	2026-10-05T14:02:06.6618102Z       },
linux	UNKNOWN STEP	2026-10-05T14:02:06.6618289Z       "warm_p95_ms": {
linux	UNKNOWN STEP	2026-10-05T14:02:06.6618507Z         "median": 0.0010075,
linux	UNKNOWN STEP	2026-10-05T14:02:06.6618740Z         "variance": 1.8062499999999957e-09,
linux	UNKNOWN STEP	2026-10-05T14:02:06.6619064Z         "min": 0.000965,
linux	UNKNOWN STEP	2026-10-05T14:02:06.6619283Z         "max": 0.00105,
linux	UNKNOWN STEP	2026-10-05T14:02:06.6619508Z         "trials": 2
linux	UNKNOWN STEP	2026-10-05T14:02:06.6619704Z       },
linux	UNKNOWN STEP	2026-10-05T14:02:06.6619946Z       "warm_p99_ms": {
linux	UNKNOWN STEP	2026-10-05T14:02:06.6620169Z         "median": 0.0015730000000000002,
linux	UNKNOWN STEP	2026-10-05T14:02:06.6620476Z         "variance": 1.6402500000000007e-07,
linux	UNKNOWN STEP	2026-10-05T14:02:06.6621136Z         "min": 0.001168,
linux	UNKNOWN STEP	2026-10-05T14:02:06.6621420Z         "max": 0.001978,
linux	UNKNOWN STEP	2026-10-05T14:02:06.6621797Z         "trials": 2
linux	UNKNOWN STEP	2026-10-05T14:02:06.6622060Z       },
linux	UNKNOWN STEP	2026-10-05T14:02:06.6622328Z       "sequential_mib_s": {
linux	UNKNOWN STEP	2026-10-05T14:02:06.6622628Z         "median": 1649.0864157154433,
linux	UNKNOWN STEP	2026-10-05T14:02:06.6622894Z         "variance": 1171.5053911146786,
linux	UNKNOWN STEP	2026-10-05T14:02:06.6623157Z         "min": 1614.8591547804126,
linux	UNKNOWN STEP	2026-10-05T14:02:06.6623417Z         "max": 1683.313676650474,
linux	UNKNOWN STEP	2026-10-05T14:02:06.6623671Z         "trials": 2
linux	UNKNOWN STEP	2026-10-05T14:02:06.6623877Z       },
linux	UNKNOWN STEP	2026-10-05T14:02:06.6624089Z       "read_benchmark_cpu_seconds": {
linux	UNKNOWN STEP	2026-10-05T14:02:06.6624513Z         "median": 0.1227715,
linux	UNKNOWN STEP	2026-10-05T14:02:06.6624777Z         "variance": 1.1545502500000278e-06,
linux	UNKNOWN STEP	2026-10-05T14:02:06.6625043Z         "min": 0.12169699999999999,
linux	UNKNOWN STEP	2026-10-05T14:02:06.6625295Z         "max": 0.12384600000000001,
linux	UNKNOWN STEP	2026-10-05T14:02:06.6625545Z         "trials": 2
linux	UNKNOWN STEP	2026-10-05T14:02:06.6625756Z       },
linux	UNKNOWN STEP	2026-10-05T14:02:06.6625954Z       "peak_rss_bytes": {
linux	UNKNOWN STEP	2026-10-05T14:02:06.6626189Z         "median": 33411072.0,
linux	UNKNOWN STEP	2026-10-05T14:02:06.6626423Z         "variance": 0,
linux	UNKNOWN STEP	2026-10-05T14:02:06.6626636Z         "min": 33411072,
linux	UNKNOWN STEP	2026-10-05T14:02:06.6626860Z         "max": 33411072,
linux	UNKNOWN STEP	2026-10-05T14:02:06.6627077Z         "trials": 2
linux	UNKNOWN STEP	2026-10-05T14:02:06.6627276Z       },
linux	UNKNOWN STEP	2026-10-05T14:02:06.6627486Z       "cold_raw_read_amplification_4k": {
linux	UNKNOWN STEP	2026-10-05T14:02:06.6627757Z         "median": 125.96236038208008,
linux	UNKNOWN STEP	2026-10-05T14:02:06.6627998Z         "variance": 0.0,
linux	UNKNOWN STEP	2026-10-05T14:02:06.6628222Z         "min": 125.96236038208008,
linux	UNKNOWN STEP	2026-10-05T14:02:06.6628455Z         "max": 125.96236038208008,
linux	UNKNOWN STEP	2026-10-05T14:02:06.6628688Z         "trials": 2
linux	UNKNOWN STEP	2026-10-05T14:02:06.6629140Z       },
linux	UNKNOWN STEP	2026-10-05T14:02:06.6629344Z       "warm_cache_hit_ratio": {
linux	UNKNOWN STEP	2026-10-05T14:02:06.6629594Z         "median": 0.9676375404530745,
linux	UNKNOWN STEP	2026-10-05T14:02:06.6629845Z         "variance": 0.0,
linux	UNKNOWN STEP	2026-10-05T14:02:06.6630083Z         "min": 0.9676375404530745,
linux	UNKNOWN STEP	2026-10-05T14:02:06.6630323Z         "max": 0.9676375404530745,
linux	UNKNOWN STEP	2026-10-05T14:02:06.6630560Z         "trials": 2
linux	UNKNOWN STEP	2026-10-05T14:02:06.6630766Z       }
linux	UNKNOWN STEP	2026-10-05T14:02:06.6630966Z     },
linux	UNKNOWN STEP	2026-10-05T14:02:06.6631167Z     "zip-records": {
linux	UNKNOWN STEP	2026-10-05T14:02:06.6631394Z       "physical_bytes": {
linux	UNKNOWN STEP	2026-10-05T14:02:06.6631717Z         "median": 6648111.0,
linux	UNKNOWN STEP	2026-10-05T14:02:06.6631952Z         "variance": 0,
linux	UNKNOWN STEP	2026-10-05T14:02:06.6632180Z         "min": 6648111,
linux	UNKNOWN STEP	2026-10-05T14:02:06.6632404Z         "max": 6648111,
linux	UNKNOWN STEP	2026-10-05T14:02:06.6632623Z         "trials": 2
linux	UNKNOWN STEP	2026-10-05T14:02:06.6632829Z       },
linux	UNKNOWN STEP	2026-10-05T14:02:06.6633039Z       "object_bytes": {
linux	UNKNOWN STEP	2026-10-05T14:02:06.6633267Z         "median": 6643396.0,
linux	UNKNOWN STEP	2026-10-05T14:02:06.6633503Z         "variance": 0,
linux	UNKNOWN STEP	2026-10-05T14:02:06.6633721Z         "min": 6643396,
linux	UNKNOWN STEP	2026-10-05T14:02:06.6633943Z         "max": 6643396,
linux	UNKNOWN STEP	2026-10-05T14:02:06.6634276Z         "trials": 2
linux	UNKNOWN STEP	2026-10-05T14:02:06.6634509Z       },
linux	UNKNOWN STEP	2026-10-05T14:02:06.6634715Z       "metadata_bytes": {
linux	UNKNOWN STEP	2026-10-05T14:02:06.6634967Z         "median": 4715.0,
linux	UNKNOWN STEP	2026-10-05T14:02:06.6635218Z         "variance": 0,
linux	UNKNOWN STEP	2026-10-05T14:02:06.6635442Z         "min": 4715,
linux	UNKNOWN STEP	2026-10-05T14:02:06.6635667Z         "max": 4715,
linux	UNKNOWN STEP	2026-10-05T14:02:06.6635886Z         "trials": 2
linux	UNKNOWN STEP	2026-10-05T14:02:06.6636105Z       },
linux	UNKNOWN STEP	2026-10-05T14:02:06.6636305Z       "allocated_bytes": {
linux	UNKNOWN STEP	2026-10-05T14:02:06.6636554Z         "median": 6672384.0,
linux	UNKNOWN STEP	2026-10-05T14:02:06.6636814Z         "variance": 0,
linux	UNKNOWN STEP	2026-10-05T14:02:06.6637030Z         "min": 6672384,
linux	UNKNOWN STEP	2026-10-05T14:02:06.6637289Z         "max": 6672384,
linux	UNKNOWN STEP	2026-10-05T14:02:06.6637506Z         "trials": 2
linux	UNKNOWN STEP	2026-10-05T14:02:06.6637710Z       },
linux	UNKNOWN STEP	2026-10-05T14:02:06.6637915Z       "pack_wall_seconds": {
linux	UNKNOWN STEP	2026-10-05T14:02:06.6638175Z         "median": 0.06378328800001043,
linux	UNKNOWN STEP	2026-10-05T14:02:06.6638442Z         "variance": 1.93362472809463e-09,
linux	UNKNOWN STEP	2026-10-05T14:02:06.6638707Z         "min": 0.06373931500002072,
linux	UNKNOWN STEP	2026-10-05T14:02:06.6638961Z         "max": 0.06382726100000014,
linux	UNKNOWN STEP	2026-10-05T14:02:06.6639212Z         "trials": 2
linux	UNKNOWN STEP	2026-10-05T14:02:06.6639417Z       },
linux	UNKNOWN STEP	2026-10-05T14:02:06.6639626Z       "pack_cpu_seconds": {
linux	UNKNOWN STEP	2026-10-05T14:02:06.6639875Z         "median": 0.026943999999999968,
linux	UNKNOWN STEP	2026-10-05T14:02:06.6640141Z         "variance": 7.225000000000296e-09,
linux	UNKNOWN STEP	2026-10-05T14:02:06.6640416Z         "min": 0.026858999999999966,
linux	UNKNOWN STEP	2026-10-05T14:02:06.6640671Z         "max": 0.02702899999999997,
linux	UNKNOWN STEP	2026-10-05T14:02:06.6640913Z         "trials": 2
linux	UNKNOWN STEP	2026-10-05T14:02:06.6641118Z       },
linux	UNKNOWN STEP	2026-10-05T14:02:06.6641335Z       "inspect_plan_wall_seconds": {
linux	UNKNOWN STEP	2026-10-05T14:02:06.6641596Z         "median": 0.0075326165000006995,
linux	UNKNOWN STEP	2026-10-05T14:02:06.6641868Z         "variance": 1.8067392230192915e-10,
linux	UNKNOWN STEP	2026-10-05T14:02:06.6642138Z         "min": 0.007519174999998768,
linux	UNKNOWN STEP	2026-10-05T14:02:06.6642402Z         "max": 0.007546058000002631,
linux	UNKNOWN STEP	2026-10-05T14:02:06.6642649Z         "trials": 2
linux	UNKNOWN STEP	2026-10-05T14:02:06.6642858Z       },
linux	UNKNOWN STEP	2026-10-05T14:02:06.6643070Z       "inspect_plan_cpu_seconds": {
linux	UNKNOWN STEP	2026-10-05T14:02:06.6643331Z         "median": 0.00546350000000001,
linux	UNKNOWN STEP	2026-10-05T14:02:06.6643601Z         "variance": 5.062499999991391e-10,
linux	UNKNOWN STEP	2026-10-05T14:02:06.6643864Z         "min": 0.005441000000000029,
linux	UNKNOWN STEP	2026-10-05T14:02:06.6644111Z         "max": 0.005485999999999991,
linux	UNKNOWN STEP	2026-10-05T14:02:06.6644629Z         "trials": 2
linux	UNKNOWN STEP	2026-10-05T14:02:06.6644864Z       },
linux	UNKNOWN STEP	2026-10-05T14:02:06.6645078Z       "end_to_end_wall_seconds": {
linux	UNKNOWN STEP	2026-10-05T14:02:06.6645351Z         "median": 0.07131590450001113,
linux	UNKNOWN STEP	2026-10-05T14:02:06.6645611Z         "variance": 9.321724915034262e-10,
linux	UNKNOWN STEP	2026-10-05T14:02:06.6645886Z         "min": 0.07128537300002336,
linux	UNKNOWN STEP	2026-10-05T14:02:06.6646139Z         "max": 0.0713464359999989,
linux	UNKNOWN STEP	2026-10-05T14:02:06.6646381Z         "trials": 2
linux	UNKNOWN STEP	2026-10-05T14:02:06.6646585Z       },
linux	UNKNOWN STEP	2026-10-05T14:02:06.6646791Z       "end_to_end_cpu_seconds": {
linux	UNKNOWN STEP	2026-10-05T14:02:06.6647156Z         "median": 0.03240749999999998,
linux	UNKNOWN STEP	2026-10-05T14:02:06.6647419Z         "variance": 1.155624999999626e-08,
linux	UNKNOWN STEP	2026-10-05T14:02:06.6647679Z         "min": 0.032299999999999995,
linux	UNKNOWN STEP	2026-10-05T14:02:06.6647928Z         "max": 0.03251499999999996,
linux	UNKNOWN STEP	2026-10-05T14:02:06.6648174Z         "trials": 2
linux	UNKNOWN STEP	2026-10-05T14:02:06.6648380Z       },
linux	UNKNOWN STEP	2026-10-05T14:02:06.6648578Z       "unique_objects": {
linux	UNKNOWN STEP	2026-10-05T14:02:06.6648812Z         "median": 24.0,
linux	UNKNOWN STEP	2026-10-05T14:02:06.6649038Z         "variance": 0,
linux	UNKNOWN STEP	2026-10-05T14:02:06.6649255Z         "min": 24,
linux	UNKNOWN STEP	2026-10-05T14:02:06.6649537Z         "max": 24,
linux	UNKNOWN STEP	2026-10-05T14:02:06.6649754Z         "trials": 2
linux	UNKNOWN STEP	2026-10-05T14:02:06.6649969Z       },
linux	UNKNOWN STEP	2026-10-05T14:02:06.6650207Z       "reused_chunks_within_v2": {
linux	UNKNOWN STEP	2026-10-05T14:02:06.6650469Z         "median": 0.0,
linux	UNKNOWN STEP	2026-10-05T14:02:06.6650692Z         "variance": 0,
linux	UNKNOWN STEP	2026-10-05T14:02:06.6650916Z         "min": 0,
linux	UNKNOWN STEP	2026-10-05T14:02:06.6651145Z         "max": 0,
linux	UNKNOWN STEP	2026-10-05T14:02:06.6651367Z         "trials": 2
linux	UNKNOWN STEP	2026-10-05T14:02:06.6651594Z       },
linux	UNKNOWN STEP	2026-10-05T14:02:06.6651828Z       "update_new_physical_bytes": {
linux	UNKNOWN STEP	2026-10-05T14:02:06.6652114Z         "median": 1403515.0,
linux	UNKNOWN STEP	2026-10-05T14:02:06.6652373Z         "variance": 0,
linux	UNKNOWN STEP	2026-10-05T14:02:06.6652605Z         "min": 1403515,
linux	UNKNOWN STEP	2026-10-05T14:02:06.6652833Z         "max": 1403515,
linux	UNKNOWN STEP	2026-10-05T14:02:06.6653058Z         "trials": 2
linux	UNKNOWN STEP	2026-10-05T14:02:06.6653280Z       },
linux	UNKNOWN STEP	2026-10-05T14:02:06.6653513Z       "cross_version_reused_bytes": {
linux	UNKNOWN STEP	2026-10-05T14:02:06.6653911Z         "median": 5948502.0,
linux	UNKNOWN STEP	2026-10-05T14:02:06.6654335Z         "variance": 0,
linux	UNKNOWN STEP	2026-10-05T14:02:06.6654615Z         "min": 5948502,
linux	UNKNOWN STEP	2026-10-05T14:02:06.6654863Z         "max": 5948502,
linux	UNKNOWN STEP	2026-10-05T14:02:06.6655100Z         "trials": 2
linux	UNKNOWN STEP	2026-10-05T14:02:06.6655324Z       },
linux	UNKNOWN STEP	2026-10-05T14:02:06.6655545Z       "cold_p50_ms": {
linux	UNKNOWN STEP	2026-10-05T14:02:06.6655795Z         "median": 0.144857,
linux	UNKNOWN STEP	2026-10-05T14:02:06.6656060Z         "variance": 2.2800999999999924e-06,
linux	UNKNOWN STEP	2026-10-05T14:02:06.6656341Z         "min": 0.143347,
linux	UNKNOWN STEP	2026-10-05T14:02:06.6656587Z         "max": 0.146367,
linux	UNKNOWN STEP	2026-10-05T14:02:06.6656827Z         "trials": 2
linux	UNKNOWN STEP	2026-10-05T14:02:06.6657048Z       },
linux	UNKNOWN STEP	2026-10-05T14:02:06.6657263Z       "cold_p95_ms": {
linux	UNKNOWN STEP	2026-10-05T14:02:06.6657494Z         "median": 0.330047,
linux	UNKNOWN STEP	2026-10-05T14:02:06.6657734Z         "variance": 0.0001347456639999995,
linux	UNKNOWN STEP	2026-10-05T14:02:06.6658021Z         "min": 0.318439,
linux	UNKNOWN STEP	2026-10-05T14:02:06.6658252Z         "max": 0.341655,
linux	UNKNOWN STEP	2026-10-05T14:02:06.6658479Z         "trials": 2
linux	UNKNOWN STEP	2026-10-05T14:02:06.6658693Z       },
linux	UNKNOWN STEP	2026-10-05T14:02:06.6658914Z       "cold_p99_ms": {
linux	UNKNOWN STEP	2026-10-05T14:02:06.6659148Z         "median": 0.4675,
linux	UNKNOWN STEP	2026-10-05T14:02:06.6659398Z         "variance": 0.0003944593209999996,
linux	UNKNOWN STEP	2026-10-05T14:02:06.6659679Z         "min": 0.447639,
linux	UNKNOWN STEP	2026-10-05T14:02:06.6659911Z         "max": 0.487361,
linux	UNKNOWN STEP	2026-10-05T14:02:06.6660147Z         "trials": 2
linux	UNKNOWN STEP	2026-10-05T14:02:06.6660360Z       },
linux	UNKNOWN STEP	2026-10-05T14:02:06.6660553Z       "warm_p50_ms": {
linux	UNKNOWN STEP	2026-10-05T14:02:06.6660774Z         "median": 0.000749,
linux	UNKNOWN STEP	2026-10-05T14:02:06.6661024Z         "variance": 2.889999999999993e-10,
linux	UNKNOWN STEP	2026-10-05T14:02:06.6661293Z         "min": 0.000732,
linux	UNKNOWN STEP	2026-10-05T14:02:06.6661531Z         "max": 0.000766,
linux	UNKNOWN STEP	2026-10-05T14:02:06.6661752Z         "trials": 2
linux	UNKNOWN STEP	2026-10-05T14:02:06.6661971Z       },
linux	UNKNOWN STEP	2026-10-05T14:02:06.6662176Z       "warm_p95_ms": {
linux	UNKNOWN STEP	2026-10-05T14:02:06.6662400Z         "median": 0.001015,
linux	UNKNOWN STEP	2026-10-05T14:02:06.6662643Z         "variance": 3.4810000000000028e-09,
linux	UNKNOWN STEP	2026-10-05T14:02:06.6662904Z         "min": 0.000956,
linux	UNKNOWN STEP	2026-10-05T14:02:06.6663131Z         "max": 0.001074,
linux	UNKNOWN STEP	2026-10-05T14:02:06.6663362Z         "trials": 2
linux	UNKNOWN STEP	2026-10-05T14:02:06.6663565Z       },
linux	UNKNOWN STEP	2026-10-05T14:02:06.6663766Z       "warm_p99_ms": {
linux	UNKNOWN STEP	2026-10-05T14:02:06.6664006Z         "median": 0.0011245,
linux	UNKNOWN STEP	2026-10-05T14:02:06.6664339Z         "variance": 1.2656249999999993e-08,
linux	UNKNOWN STEP	2026-10-05T14:02:06.6664602Z         "min": 0.001012,
linux	UNKNOWN STEP	2026-10-05T14:02:06.6664826Z         "max": 0.001237,
linux	UNKNOWN STEP	2026-10-05T14:02:06.6665056Z         "trials": 2
linux	UNKNOWN STEP	2026-10-05T14:02:06.6665269Z       },
linux	UNKNOWN STEP	2026-10-05T14:02:06.6665510Z       "sequential_mib_s": {
linux	UNKNOWN STEP	2026-10-05T14:02:06.6665926Z         "median": 1687.1520946367664,
linux	UNKNOWN STEP	2026-10-05T14:02:06.6666198Z         "variance": 2505.538761772389,
linux	UNKNOWN STEP	2026-10-05T14:02:06.6666475Z         "min": 1637.0967376629878,
linux	UNKNOWN STEP	2026-10-05T14:02:06.6666741Z         "max": 1737.2074516105447,
linux	UNKNOWN STEP	2026-10-05T14:02:06.6666988Z         "trials": 2
linux	UNKNOWN STEP	2026-10-05T14:02:06.6667196Z       },
linux	UNKNOWN STEP	2026-10-05T14:02:06.6667420Z       "read_benchmark_cpu_seconds": {
linux	UNKNOWN STEP	2026-10-05T14:02:06.6667680Z         "median": 0.12075,
linux	UNKNOWN STEP	2026-10-05T14:02:06.6667922Z         "variance": 2.900208999999987e-06,
linux	UNKNOWN STEP	2026-10-05T14:02:06.6668242Z         "min": 0.119047,
linux	UNKNOWN STEP	2026-10-05T14:02:06.6668466Z         "max": 0.12245299999999999,
linux	UNKNOWN STEP	2026-10-05T14:02:06.6668705Z         "trials": 2
linux	UNKNOWN STEP	2026-10-05T14:02:06.6668901Z       },
linux	UNKNOWN STEP	2026-10-05T14:02:06.6669093Z       "peak_rss_bytes": {
linux	UNKNOWN STEP	2026-10-05T14:02:06.6669324Z         "median": 33411072.0,
linux	UNKNOWN STEP	2026-10-05T14:02:06.6669565Z         "variance": 0,
linux	UNKNOWN STEP	2026-10-05T14:02:06.6669781Z         "min": 33411072,
linux	UNKNOWN STEP	2026-10-05T14:02:06.6670000Z         "max": 33411072,
linux	UNKNOWN STEP	2026-10-05T14:02:06.6670219Z         "trials": 2
linux	UNKNOWN STEP	2026-10-05T14:02:06.6670418Z       },
linux	UNKNOWN STEP	2026-10-05T14:02:06.6670634Z       "cold_raw_read_amplification_4k": {
linux	UNKNOWN STEP	2026-10-05T14:02:06.6670902Z         "median": 123.52020645141602,
linux	UNKNOWN STEP	2026-10-05T14:02:06.6671148Z         "variance": 0.0,
linux	UNKNOWN STEP	2026-10-05T14:02:06.6671371Z         "min": 123.52020645141602,
linux	UNKNOWN STEP	2026-10-05T14:02:06.6671616Z         "max": 123.52020645141602,
linux	UNKNOWN STEP	2026-10-05T14:02:06.6671847Z         "trials": 2
linux	UNKNOWN STEP	2026-10-05T14:02:06.6672047Z       },
linux	UNKNOWN STEP	2026-10-05T14:02:06.6672245Z       "warm_cache_hit_ratio": {
linux	UNKNOWN STEP	2026-10-05T14:02:06.6672499Z         "median": 0.9637462235649547,
linux	UNKNOWN STEP	2026-10-05T14:02:06.6672740Z         "variance": 0.0,
linux	UNKNOWN STEP	2026-10-05T14:02:06.6672959Z         "min": 0.9637462235649547,
linux	UNKNOWN STEP	2026-10-05T14:02:06.6673191Z         "max": 0.9637462235649547,
linux	UNKNOWN STEP	2026-10-05T14:02:06.6673418Z         "trials": 2
linux	UNKNOWN STEP	2026-10-05T14:02:06.6673623Z       }
linux	UNKNOWN STEP	2026-10-05T14:02:06.6673808Z     },
linux	UNKNOWN STEP	2026-10-05T14:02:06.6674003Z     "generic-fixed": {
linux	UNKNOWN STEP	2026-10-05T14:02:06.6674320Z       "physical_bytes": {
linux	UNKNOWN STEP	2026-10-05T14:02:06.6674602Z         "median": 6648884.0,
linux	UNKNOWN STEP	2026-10-05T14:02:06.6674915Z         "variance": 0,
linux	UNKNOWN STEP	2026-10-05T14:02:06.6675134Z         "min": 6648884,
linux	UNKNOWN STEP	2026-10-05T14:02:06.6675347Z         "max": 6648884,
linux	UNKNOWN STEP	2026-10-05T14:02:06.6675561Z         "trials": 2
linux	UNKNOWN STEP	2026-10-05T14:02:06.6675773Z       },
linux	UNKNOWN STEP	2026-10-05T14:02:06.6675967Z       "object_bytes": {
linux	UNKNOWN STEP	2026-10-05T14:02:06.6676189Z         "median": 6643330.0,
linux	UNKNOWN STEP	2026-10-05T14:02:06.6676420Z         "variance": 0,
linux	UNKNOWN STEP	2026-10-05T14:02:06.6676642Z         "min": 6643330,
linux	UNKNOWN STEP	2026-10-05T14:02:06.6676852Z         "max": 6643330,
linux	UNKNOWN STEP	2026-10-05T14:02:06.6677069Z         "trials": 2
linux	UNKNOWN STEP	2026-10-05T14:02:06.6677271Z       },
linux	UNKNOWN STEP	2026-10-05T14:02:06.6677465Z       "metadata_bytes": {
linux	UNKNOWN STEP	2026-10-05T14:02:06.6677704Z         "median": 5554.0,
linux	UNKNOWN STEP	2026-10-05T14:02:06.6677926Z         "variance": 0,
linux	UNKNOWN STEP	2026-10-05T14:02:06.6678141Z         "min": 5554,
linux	UNKNOWN STEP	2026-10-05T14:02:06.6678349Z         "max": 5554,
linux	UNKNOWN STEP	2026-10-05T14:02:06.6678563Z         "trials": 2
linux	UNKNOWN STEP	2026-10-05T14:02:06.6678772Z       },
linux	UNKNOWN STEP	2026-10-05T14:02:06.6678974Z       "allocated_bytes": {
linux	UNKNOWN STEP	2026-10-05T14:02:06.6679212Z         "median": 6672384.0,
linux	UNKNOWN STEP	2026-10-05T14:02:06.6679459Z         "variance": 0,
linux	UNKNOWN STEP	2026-10-05T14:02:06.6679680Z         "min": 6672384,
linux	UNKNOWN STEP	2026-10-05T14:02:06.6679899Z         "max": 6672384,
linux	UNKNOWN STEP	2026-10-05T14:02:06.6680118Z         "trials": 2
linux	UNKNOWN STEP	2026-10-05T14:02:06.6680324Z       },
linux	UNKNOWN STEP	2026-10-05T14:02:06.6680537Z       "pack_wall_seconds": {
linux	UNKNOWN STEP	2026-10-05T14:02:06.6680788Z         "median": 0.06377333299998611,
linux	UNKNOWN STEP	2026-10-05T14:02:06.6681060Z         "variance": 1.4447601041127277e-11,
linux	UNKNOWN STEP	2026-10-05T14:02:06.6681333Z         "min": 0.0637695319999807,
linux	UNKNOWN STEP	2026-10-05T14:02:06.6681593Z         "max": 0.06377713399999152,
linux	UNKNOWN STEP	2026-10-05T14:02:06.6681836Z         "trials": 2
linux	UNKNOWN STEP	2026-10-05T14:02:06.6682045Z       },
linux	UNKNOWN STEP	2026-10-05T14:02:06.6682249Z       "pack_cpu_seconds": {
linux	UNKNOWN STEP	2026-10-05T14:02:06.6682498Z         "median": 0.013148999999999966,
linux	UNKNOWN STEP	2026-10-05T14:02:06.6682789Z         "variance": 1.4439999999902318e-09,
linux	UNKNOWN STEP	2026-10-05T14:02:06.6683061Z         "min": 0.013111000000000095,
linux	UNKNOWN STEP	2026-10-05T14:02:06.6683417Z         "max": 0.013186999999999838,
linux	UNKNOWN STEP	2026-10-05T14:02:06.6683672Z         "trials": 2
linux	UNKNOWN STEP	2026-10-05T14:02:06.6683893Z       },
linux	UNKNOWN STEP	2026-10-05T14:02:06.6684104Z       "inspect_plan_wall_seconds": {
linux	UNKNOWN STEP	2026-10-05T14:02:06.6684488Z         "median": 0.0,
linux	UNKNOWN STEP	2026-10-05T14:02:06.6684716Z         "variance": 0.0,
linux	UNKNOWN STEP	2026-10-05T14:02:06.6684953Z         "min": 0.0,
linux	UNKNOWN STEP	2026-10-05T14:02:06.6685164Z         "max": 0.0,
linux	UNKNOWN STEP	2026-10-05T14:02:06.6685373Z         "trials": 2
linux	UNKNOWN STEP	2026-10-05T14:02:06.6685625Z       },
linux	UNKNOWN STEP	2026-10-05T14:02:06.6685839Z       "inspect_plan_cpu_seconds": {
linux	UNKNOWN STEP	2026-10-05T14:02:06.6686166Z         "median": 0.0,
linux	UNKNOWN STEP	2026-10-05T14:02:06.6686391Z         "variance": 0.0,
linux	UNKNOWN STEP	2026-10-05T14:02:06.6686612Z         "min": 0.0,
linux	UNKNOWN STEP	2026-10-05T14:02:06.6686813Z         "max": 0.0,
linux	UNKNOWN STEP	2026-10-05T14:02:06.6687021Z         "trials": 2
linux	UNKNOWN STEP	2026-10-05T14:02:06.6687223Z       },
linux	UNKNOWN STEP	2026-10-05T14:02:06.6687425Z       "end_to_end_wall_seconds": {
linux	UNKNOWN STEP	2026-10-05T14:02:06.6687678Z         "median": 0.06377333299998611,
linux	UNKNOWN STEP	2026-10-05T14:02:06.6687943Z         "variance": 1.4447601041127277e-11,
linux	UNKNOWN STEP	2026-10-05T14:02:06.6688213Z         "min": 0.0637695319999807,
linux	UNKNOWN STEP	2026-10-05T14:02:06.6688458Z         "max": 0.06377713399999152,
linux	UNKNOWN STEP	2026-10-05T14:02:06.6688701Z         "trials": 2
linux	UNKNOWN STEP	2026-10-05T14:02:06.6688901Z       },
linux	UNKNOWN STEP	2026-10-05T14:02:06.6689115Z       "end_to_end_cpu_seconds": {
linux	UNKNOWN STEP	2026-10-05T14:02:06.6689369Z         "median": 0.013148999999999966,
linux	UNKNOWN STEP	2026-10-05T14:02:06.6689632Z         "variance": 1.4439999999902318e-09,
linux	UNKNOWN STEP	2026-10-05T14:02:06.6689893Z         "min": 0.013111000000000095,
linux	UNKNOWN STEP	2026-10-05T14:02:06.6690153Z         "max": 0.013186999999999838,
linux	UNKNOWN STEP	2026-10-05T14:02:06.6690391Z         "trials": 2
linux	UNKNOWN STEP	2026-10-05T14:02:06.6690594Z       },
linux	UNKNOWN STEP	2026-10-05T14:02:06.6690792Z       "unique_objects": {
linux	UNKNOWN STEP	2026-10-05T14:02:06.6691023Z         "median": 29.0,
linux	UNKNOWN STEP	2026-10-05T14:02:06.6691251Z         "variance": 0,
linux	UNKNOWN STEP	2026-10-05T14:02:06.6691466Z         "min": 29,
linux	UNKNOWN STEP	2026-10-05T14:02:06.6691675Z         "max": 29,
linux	UNKNOWN STEP	2026-10-05T14:02:06.6691880Z         "trials": 2
linux	UNKNOWN STEP	2026-10-05T14:02:06.6692096Z       },
linux	UNKNOWN STEP	2026-10-05T14:02:06.6692298Z       "reused_chunks_within_v2": {
linux	UNKNOWN STEP	2026-10-05T14:02:06.6692549Z         "median": 0.0,
linux	UNKNOWN STEP	2026-10-05T14:02:06.6692766Z         "variance": 0,
linux	UNKNOWN STEP	2026-10-05T14:02:06.6692991Z         "min": 0,
linux	UNKNOWN STEP	2026-10-05T14:02:06.6693200Z         "max": 0,
linux	UNKNOWN STEP	2026-10-05T14:02:06.6693405Z         "trials": 2
linux	UNKNOWN STEP	2026-10-05T14:02:06.6693652Z       },
linux	UNKNOWN STEP	2026-10-05T14:02:06.6693860Z       "update_new_physical_bytes": {
linux	UNKNOWN STEP	2026-10-05T14:02:06.6694128Z         "median": 3502801.0,
linux	UNKNOWN STEP	2026-10-05T14:02:06.6694480Z         "variance": 0,
linux	UNKNOWN STEP	2026-10-05T14:02:06.6694702Z         "min": 3502801,
linux	UNKNOWN STEP	2026-10-05T14:02:06.6694927Z         "max": 3502801,
linux	UNKNOWN STEP	2026-10-05T14:02:06.6695152Z         "trials": 2
linux	UNKNOWN STEP	2026-10-05T14:02:06.6695354Z       },
linux	UNKNOWN STEP	2026-10-05T14:02:06.6695569Z       "cross_version_reused_bytes": {
linux	UNKNOWN STEP	2026-10-05T14:02:06.6695837Z         "median": 3850240.0,
linux	UNKNOWN STEP	2026-10-05T14:02:06.6696072Z         "variance": 0,
linux	UNKNOWN STEP	2026-10-05T14:02:06.6696293Z         "min": 3850240,
linux	UNKNOWN STEP	2026-10-05T14:02:06.6696510Z         "max": 3850240,
linux	UNKNOWN STEP	2026-10-05T14:02:06.6696730Z         "trials": 2
linux	UNKNOWN STEP	2026-10-05T14:02:06.6696935Z       },
linux	UNKNOWN STEP	2026-10-05T14:02:06.6697136Z       "cold_p50_ms": {
linux	UNKNOWN STEP	2026-10-05T14:02:06.6697363Z         "median": 0.07619200000000001,
linux	UNKNOWN STEP	2026-10-05T14:02:06.6697624Z         "variance": 1.2938408999999972e-05,
linux	UNKNOWN STEP	2026-10-05T14:02:06.6697887Z         "min": 0.072595,
linux	UNKNOWN STEP	2026-10-05T14:02:06.6698116Z         "max": 0.079789,
linux	UNKNOWN STEP	2026-10-05T14:02:06.6698347Z         "trials": 2
linux	UNKNOWN STEP	2026-10-05T14:02:06.6698555Z       },
linux	UNKNOWN STEP	2026-10-05T14:02:06.6698753Z       "cold_p95_ms": {
linux	UNKNOWN STEP	2026-10-05T14:02:06.6698974Z         "median": 0.1794065,
linux	UNKNOWN STEP	2026-10-05T14:02:06.6699230Z         "variance": 3.1528224999999165e-07,
linux	UNKNOWN STEP	2026-10-05T14:02:06.6699491Z         "min": 0.178845,
linux	UNKNOWN STEP	2026-10-05T14:02:06.6699715Z         "max": 0.179968,
linux	UNKNOWN STEP	2026-10-05T14:02:06.6699944Z         "trials": 2
linux	UNKNOWN STEP	2026-10-05T14:02:06.6700152Z       },
linux	UNKNOWN STEP	2026-10-05T14:02:06.6700338Z       "cold_p99_ms": {
linux	UNKNOWN STEP	2026-10-05T14:02:06.6700551Z         "median": 0.2093955,
linux	UNKNOWN STEP	2026-10-05T14:02:06.6700783Z         "variance": 2.7066006249999987e-05,
linux	UNKNOWN STEP	2026-10-05T14:02:06.6701157Z         "min": 0.204193,
linux	UNKNOWN STEP	2026-10-05T14:02:06.6701385Z         "max": 0.214598,
linux	UNKNOWN STEP	2026-10-05T14:02:06.6701599Z         "trials": 2
linux	UNKNOWN STEP	2026-10-05T14:02:06.6701802Z       },
linux	UNKNOWN STEP	2026-10-05T14:02:06.6701997Z       "warm_p50_ms": {
linux	UNKNOWN STEP	2026-10-05T14:02:06.6702230Z         "median": 0.0007915,
linux	UNKNOWN STEP	2026-10-05T14:02:06.6702473Z         "variance": 8.122499999999993e-10,
linux	UNKNOWN STEP	2026-10-05T14:02:06.6702725Z         "min": 0.000763,
linux	UNKNOWN STEP	2026-10-05T14:02:06.6702937Z         "max": 0.00082,
linux	UNKNOWN STEP	2026-10-05T14:02:06.6703148Z         "trials": 2
linux	UNKNOWN STEP	2026-10-05T14:02:06.6703356Z       },
linux	UNKNOWN STEP	2026-10-05T14:02:06.6703606Z       "warm_p95_ms": {
linux	UNKNOWN STEP	2026-10-05T14:02:06.6703825Z         "median": 0.001097,
linux	UNKNOWN STEP	2026-10-05T14:02:06.6704059Z         "variance": 9.609999999999997e-10,
linux	UNKNOWN STEP	2026-10-05T14:02:06.6704435Z         "min": 0.001066,
linux	UNKNOWN STEP	2026-10-05T14:02:06.6704657Z         "max": 0.001128,
linux	UNKNOWN STEP	2026-10-05T14:02:06.6704871Z         "trials": 2
linux	UNKNOWN STEP	2026-10-05T14:02:06.6705075Z       },
linux	UNKNOWN STEP	2026-10-05T14:02:06.6705277Z       "warm_p99_ms": {
linux	UNKNOWN STEP	2026-10-05T14:02:06.6705495Z         "median": 0.0012595,
linux	UNKNOWN STEP	2026-10-05T14:02:06.6705734Z         "variance": 2.500000000000664e-13,
linux	UNKNOWN STEP	2026-10-05T14:02:06.6705988Z         "min": 0.001259,
linux	UNKNOWN STEP	2026-10-05T14:02:06.6706204Z         "max": 0.00126,
linux	UNKNOWN STEP	2026-10-05T14:02:06.6706419Z         "trials": 2
linux	UNKNOWN STEP	2026-10-05T14:02:06.6706618Z       },
linux	UNKNOWN STEP	2026-10-05T14:02:06.6706815Z       "sequential_mib_s": {
linux	UNKNOWN STEP	2026-10-05T14:02:06.6707052Z         "median": 1995.5827421988643,
linux	UNKNOWN STEP	2026-10-05T14:02:06.6707311Z         "variance": 18.144309644798874,
linux	UNKNOWN STEP	2026-10-05T14:02:06.6707564Z         "min": 1991.323128408296,
linux	UNKNOWN STEP	2026-10-05T14:02:06.6707813Z         "max": 1999.8423559894325,
linux	UNKNOWN STEP	2026-10-05T14:02:06.6708044Z         "trials": 2
linux	UNKNOWN STEP	2026-10-05T14:02:06.6708243Z       },
linux	UNKNOWN STEP	2026-10-05T14:02:06.6708456Z       "read_benchmark_cpu_seconds": {
linux	UNKNOWN STEP	2026-10-05T14:02:06.6708712Z         "median": 0.1079445,
linux	UNKNOWN STEP	2026-10-05T14:02:06.6708946Z         "variance": 1.6402499999999084e-09,
linux	UNKNOWN STEP	2026-10-05T14:02:06.6709198Z         "min": 0.107904,
linux	UNKNOWN STEP	2026-10-05T14:02:06.6709421Z         "max": 0.107985,
linux	UNKNOWN STEP	2026-10-05T14:02:06.6709636Z         "trials": 2
linux	UNKNOWN STEP	2026-10-05T14:02:06.6709837Z       },
linux	UNKNOWN STEP	2026-10-05T14:02:06.6710029Z       "peak_rss_bytes": {
linux	UNKNOWN STEP	2026-10-05T14:02:06.6710268Z         "median": 33411072.0,
linux	UNKNOWN STEP	2026-10-05T14:02:06.6710499Z         "variance": 0,
linux	UNKNOWN STEP	2026-10-05T14:02:06.6710711Z         "min": 33411072,
linux	UNKNOWN STEP	2026-10-05T14:02:06.6710929Z         "max": 33411072,
linux	UNKNOWN STEP	2026-10-05T14:02:06.6711143Z         "trials": 2
linux	UNKNOWN STEP	2026-10-05T14:02:06.6711349Z       },
linux	UNKNOWN STEP	2026-10-05T14:02:06.6711556Z       "cold_raw_read_amplification_4k": {
linux	UNKNOWN STEP	2026-10-05T14:02:06.6711822Z         "median": 62.8125,
linux	UNKNOWN STEP	2026-10-05T14:02:06.6712054Z         "variance": 0.0,
linux	UNKNOWN STEP	2026-10-05T14:02:06.6712279Z         "min": 62.8125,
linux	UNKNOWN STEP	2026-10-05T14:02:06.6712487Z         "max": 62.8125,
linux	UNKNOWN STEP	2026-10-05T14:02:06.6712699Z         "trials": 2
linux	UNKNOWN STEP	2026-10-05T14:02:06.6712900Z       },
linux	UNKNOWN STEP	2026-10-05T14:02:06.6713096Z       "warm_cache_hit_ratio": {
linux	UNKNOWN STEP	2026-10-05T14:02:06.6713350Z         "median": 0.9602739726027397,
linux	UNKNOWN STEP	2026-10-05T14:02:06.6713594Z         "variance": 0.0,
linux	UNKNOWN STEP	2026-10-05T14:02:06.6713817Z         "min": 0.9602739726027397,
linux	UNKNOWN STEP	2026-10-05T14:02:06.6714057Z         "max": 0.9602739726027397,
linux	UNKNOWN STEP	2026-10-05T14:02:06.6714509Z         "trials": 2
linux	UNKNOWN STEP	2026-10-05T14:02:06.6714745Z       }
linux	UNKNOWN STEP	2026-10-05T14:02:06.6714936Z     }
linux	UNKNOWN STEP	2026-10-05T14:02:06.6715125Z   }
linux	UNKNOWN STEP	2026-10-05T14:02:06.6715309Z }
linux	UNKNOWN STEP	2026-10-05T14:02:06.6742457Z ##[group]Run sudo env "PATH=$PATH" "RUSTUP_HOME=${RUSTUP_HOME:-$HOME/.rustup}" "CARGO_HOME=${CARGO_HOME:-$HOME/.cargo}" "CARGO_TARGET_DIR=${CARGO_TARGET_DIR:-target}" python3 tools/posix-runtime-validation.py --work /tmp/playsparse-posix-ci --build
linux	UNKNOWN STEP	2026-10-05T14:02:06.6743902Z ^[[36;1msudo env "PATH=$PATH" "RUSTUP_HOME=${RUSTUP_HOME:-$HOME/.rustup}" "CARGO_HOME=${CARGO_HOME:-$HOME/.cargo}" "CARGO_TARGET_DIR=${CARGO_TARGET_DIR:-target}" python3 tools/posix-runtime-validation.py --work /tmp/playsparse-posix-ci --build^[[0m
linux	UNKNOWN STEP	2026-10-05T14:02:06.6783546Z shell: /usr/bin/bash -e {0}
linux	UNKNOWN STEP	2026-10-05T14:02:06.6783846Z env:
linux	UNKNOWN STEP	2026-10-05T14:02:06.6784090Z   CARGO_HOME: /home/runner/.cargo
linux	UNKNOWN STEP	2026-10-05T14:02:06.6784602Z   CARGO_INCREMENTAL: 0
linux	UNKNOWN STEP	2026-10-05T14:02:06.6784848Z   CARGO_TERM_COLOR: always
linux	UNKNOWN STEP	2026-10-05T14:02:06.6785107Z   CACHE_ON_FAILURE: false
linux	UNKNOWN STEP	2026-10-05T14:02:06.6785348Z ##[endgroup]
linux	UNKNOWN STEP	2026-10-05T14:02:06.8143021Z build: running
linux	UNKNOWN STEP	2026-10-05T14:02:07.3187288Z readonly: running
linux	UNKNOWN STEP	2026-10-05T14:02:23.2294707Z writable: running
linux	UNKNOWN STEP	2026-10-05T14:02:24.5542996Z adaptive: running
linux	UNKNOWN STEP	2026-10-05T14:02:26.2247760Z tiers: running
linux	UNKNOWN STEP	2026-10-05T14:02:29.9399231Z {
linux	UNKNOWN STEP	2026-10-05T14:02:29.9401499Z   "status": "PASS",
linux	UNKNOWN STEP	2026-10-05T14:02:29.9405294Z   "evidence": "/tmp/playsparse-posix-ci",
linux	UNKNOWN STEP	2026-10-05T14:02:29.9405765Z   "error": null
linux	UNKNOWN STEP	2026-10-05T14:02:29.9406138Z }
linux	UNKNOWN STEP	2026-10-05T14:02:29.9511462Z ##[group]Run test_binary=$(find target/debug/deps -maxdepth 1 -type f -name 'playsparse_vfs_fuse-*' -executable | head -n 1)
linux	UNKNOWN STEP	2026-10-05T14:02:29.9512693Z ^[[36;1mtest_binary=$(find target/debug/deps -maxdepth 1 -type f -name 'playsparse_vfs_fuse-*' -executable | head -n 1)^[[0m
linux	UNKNOWN STEP	2026-10-05T14:02:29.9513264Z ^[[36;1mtest -n "$test_binary"^[[0m
linux	UNKNOWN STEP	2026-10-05T14:02:29.9513777Z ^[[36;1msudo "$test_binary" --ignored --test-threads=1^[[0m
linux	UNKNOWN STEP	2026-10-05T14:02:29.9567299Z shell: /usr/bin/bash -e {0}
linux	UNKNOWN STEP	2026-10-05T14:02:29.9567587Z env:
linux	UNKNOWN STEP	2026-10-05T14:02:29.9567820Z   CARGO_HOME: /home/runner/.cargo
linux	UNKNOWN STEP	2026-10-05T14:02:29.9568091Z   CARGO_INCREMENTAL: 0
linux	UNKNOWN STEP	2026-10-05T14:02:29.9568329Z   CARGO_TERM_COLOR: always
linux	UNKNOWN STEP	2026-10-05T14:02:29.9568568Z   CACHE_ON_FAILURE: false
linux	UNKNOWN STEP	2026-10-05T14:02:29.9568801Z ##[endgroup]
linux	UNKNOWN STEP	2026-10-05T14:02:29.9749118Z 
linux	UNKNOWN STEP	2026-10-05T14:02:29.9749483Z running 2 tests
linux	UNKNOWN STEP	2026-10-05T14:02:30.3847170Z test fuse::tests::real_mount_random_concurrent_mmap_and_native_execution ... ok
linux	UNKNOWN STEP	2026-10-05T14:02:30.4608551Z test writable::tests::real_writable_mount_update_remount_mmap_and_immutable_base ... ok
linux	UNKNOWN STEP	2026-10-05T14:02:30.4609114Z 
linux	UNKNOWN STEP	2026-10-05T14:02:30.4609485Z test result: ok. 2 passed; 0 failed; 0 ignored; 0 measured; 10 filtered out; finished in 0.49s
linux	UNKNOWN STEP	2026-10-05T14:02:30.4609976Z 
linux	UNKNOWN STEP	2026-10-05T14:02:30.4671585Z ##[group]Run sudo mkdir /tmp/playsparse-enospc
linux	UNKNOWN STEP	2026-10-05T14:02:30.4672197Z ^[[36;1msudo mkdir /tmp/playsparse-enospc^[[0m
linux	UNKNOWN STEP	2026-10-05T14:02:30.4672783Z ^[[36;1msudo mount -t tmpfs -o size=1M tmpfs /tmp/playsparse-enospc^[[0m
linux	UNKNOWN STEP	2026-10-05T14:02:30.4673675Z ^[[36;1msudo python3 tools/crash-smoke.py --work /tmp/playsparse-crash-ci --disk-full-dir /tmp/playsparse-enospc^[[0m
linux	UNKNOWN STEP	2026-10-05T14:02:30.4675598Z ^[[36;1msudo umount /tmp/playsparse-enospc^[[0m
linux	UNKNOWN STEP	2026-10-05T14:02:30.4729128Z shell: /usr/bin/bash -e {0}
linux	UNKNOWN STEP	2026-10-05T14:02:30.4729425Z env:
linux	UNKNOWN STEP	2026-10-05T14:02:30.4729657Z   CARGO_HOME: /home/runner/.cargo
linux	UNKNOWN STEP	2026-10-05T14:02:30.4729926Z   CARGO_INCREMENTAL: 0
linux	UNKNOWN STEP	2026-10-05T14:02:30.4730169Z   CARGO_TERM_COLOR: always
linux	UNKNOWN STEP	2026-10-05T14:02:30.4730413Z   CACHE_ON_FAILURE: false
linux	UNKNOWN STEP	2026-10-05T14:02:30.4730650Z ##[endgroup]
linux	UNKNOWN STEP	2026-10-05T14:02:32.4643910Z {
linux	UNKNOWN STEP	2026-10-05T14:02:32.4644449Z   "status": "PASS",
linux	UNKNOWN STEP	2026-10-05T14:02:32.4644923Z   "evidence": "/tmp/playsparse-crash-ci/evidence",
linux	UNKNOWN STEP	2026-10-05T14:02:32.4645469Z   "error": null,
linux	UNKNOWN STEP	2026-10-05T14:02:32.4645727Z   "disk_full": {
linux	UNKNOWN STEP	2026-10-05T14:02:32.4646089Z     "status": "PASS",
linux	UNKNOWN STEP	2026-10-05T14:02:32.4646804Z     "mountinfo": "58 27 0:48 / /tmp/playsparse-enospc rw,relatime shared:251 - tmpfs tmpfs rw,size=1024k,inode64",
linux	UNKNOWN STEP	2026-10-05T14:02:32.4647510Z     "capacity_bytes": 1048576,
linux	UNKNOWN STEP	2026-10-05T14:02:32.4647853Z     "pack": {
linux	UNKNOWN STEP	2026-10-05T14:02:32.4648127Z       "command": [
linux	UNKNOWN STEP	2026-10-05T14:02:32.4648581Z         "/home/runner/work/PlaySparse/PlaySparse/target/release/playsparse",
linux	UNKNOWN STEP	2026-10-05T14:02:32.4649097Z         "pack",
linux	UNKNOWN STEP	2026-10-05T14:02:32.4649427Z         "/tmp/playsparse-crash-ci/source",
linux	UNKNOWN STEP	2026-10-05T14:02:32.4649845Z         "/tmp/playsparse-enospc/store",
linux	UNKNOWN STEP	2026-10-05T14:02:32.4650112Z         "--chunker",
linux	UNKNOWN STEP	2026-10-05T14:02:32.4650329Z         "fixed"
linux	UNKNOWN STEP	2026-10-05T14:02:32.4650537Z       ],
linux	UNKNOWN STEP	2026-10-05T14:02:32.4650732Z       "returncode": 1,
linux	UNKNOWN STEP	2026-10-05T14:02:32.4651174Z       "stderr": "Error: I/O: No space left on device (os error 28)\n\nCaused by:\n    No space left on device (os error 28)\n"
linux	UNKNOWN STEP	2026-10-05T14:02:32.4651626Z     },
linux	UNKNOWN STEP	2026-10-05T14:02:32.4651846Z     "destination_absent": true
linux	UNKNOWN STEP	2026-10-05T14:02:32.4652343Z   }
linux	UNKNOWN STEP	2026-10-05T14:02:32.4652533Z }
linux	UNKNOWN STEP	2026-10-05T14:02:32.4831224Z ##[group]Run python3 experiments/04-loose-vs-packfiles/run_benchmark.py --output /tmp/playsparse-experiment04-ci --repetitions 2 --iterations 64 --size-mib 32
linux	UNKNOWN STEP	2026-10-05T14:02:32.4832833Z ^[[36;1mpython3 experiments/04-loose-vs-packfiles/run_benchmark.py --output /tmp/playsparse-experiment04-ci --repetitions 2 --iterations 64 --size-mib 32^[[0m
linux	UNKNOWN STEP	2026-10-05T14:02:32.4887050Z shell: /usr/bin/bash -e {0}
linux	UNKNOWN STEP	2026-10-05T14:02:32.4887353Z env:
linux	UNKNOWN STEP	2026-10-05T14:02:32.4887576Z   CARGO_HOME: /home/runner/.cargo
linux	UNKNOWN STEP	2026-10-05T14:02:32.4887841Z   CARGO_INCREMENTAL: 0
linux	UNKNOWN STEP	2026-10-05T14:02:32.4888073Z   CARGO_TERM_COLOR: always
linux	UNKNOWN STEP	2026-10-05T14:02:32.4888312Z   CACHE_ON_FAILURE: false
linux	UNKNOWN STEP	2026-10-05T14:02:32.4888552Z ##[endgroup]
linux	UNKNOWN STEP	2026-10-05T14:02:34.4356287Z {
linux	UNKNOWN STEP	2026-10-05T14:02:34.4356711Z   "status": "PASS",
linux	UNKNOWN STEP	2026-10-05T14:02:34.4357074Z   "output": "/tmp/playsparse-experiment04-ci",
linux	UNKNOWN STEP	2026-10-05T14:02:34.4357433Z   "summary": [
linux	UNKNOWN STEP	2026-10-05T14:02:34.4357720Z     {
linux	UNKNOWN STEP	2026-10-05T14:02:34.4357951Z       "layout": "loose",
linux	UNKNOWN STEP	2026-10-05T14:02:34.4358297Z       "pack_seconds_median": 0.4135765390000046,
linux	UNKNOWN STEP	2026-10-05T14:02:34.4358636Z       "physical_encoded_bytes": 11479686.0,
linux	UNKNOWN STEP	2026-10-05T14:02:34.4358917Z       "allocated_file_bytes": 13901824.0,
linux	UNKNOWN STEP	2026-10-05T14:02:34.4359222Z       "directory_metadata_allocated_bytes": 974848.0,
linux	UNKNOWN STEP	2026-10-05T14:02:34.4359530Z       "filesystem_files": 643.0,
linux	UNKNOWN STEP	2026-10-05T14:02:34.4359807Z       "object_lookup_p95_ms": 0.00017900000000000001,
linux	UNKNOWN STEP	2026-10-05T14:02:34.4360100Z       "random_chunk_read_p95_ms": 0.06923,
linux	UNKNOWN STEP	2026-10-05T14:02:34.4360380Z       "sequential_mib_s": 1628.7085458909855,
linux	UNKNOWN STEP	2026-10-05T14:02:34.4360701Z       "directory_enumeration_ms_median": 4.927400500001511
linux	UNKNOWN STEP	2026-10-05T14:02:34.4360993Z     },
linux	UNKNOWN STEP	2026-10-05T14:02:34.4361182Z     {
linux	UNKNOWN STEP	2026-10-05T14:02:34.4361382Z       "layout": "packs",
linux	UNKNOWN STEP	2026-10-05T14:02:34.4361646Z       "pack_seconds_median": 0.11703773700000397,
linux	UNKNOWN STEP	2026-10-05T14:02:34.4361938Z       "physical_encoded_bytes": 11479694.0,
linux	UNKNOWN STEP	2026-10-05T14:02:34.4362227Z       "allocated_file_bytes": 11489280.0,
linux	UNKNOWN STEP	2026-10-05T14:02:34.4362525Z       "directory_metadata_allocated_bytes": 16384.0,
linux	UNKNOWN STEP	2026-10-05T14:02:34.4362828Z       "filesystem_files": 4.0,
linux	UNKNOWN STEP	2026-10-05T14:02:34.4363080Z       "object_lookup_p95_ms": 0.0001795,
linux	UNKNOWN STEP	2026-10-05T14:02:34.4363368Z       "random_chunk_read_p95_ms": 0.06751650000000001,
linux	UNKNOWN STEP	2026-10-05T14:02:34.4363654Z       "sequential_mib_s": 1810.4740673224883,
linux	UNKNOWN STEP	2026-10-05T14:02:34.4363977Z       "directory_enumeration_ms_median": 0.062188249998484935
linux	UNKNOWN STEP	2026-10-05T14:02:34.4364584Z     }
linux	UNKNOWN STEP	2026-10-05T14:02:34.4364780Z   ],
linux	UNKNOWN STEP	2026-10-05T14:02:34.4364977Z   "error": null
linux	UNKNOWN STEP	2026-10-05T14:02:34.4365182Z }
linux	UNKNOWN STEP	2026-10-05T14:02:34.4459404Z ##[group]Run sudo python3 - "$RUNNER_TEMP/linux-runtime-evidence.tar.gz" <<'PY'
linux	UNKNOWN STEP	2026-10-05T14:02:34.4459982Z ^[[36;1msudo python3 - "$RUNNER_TEMP/linux-runtime-evidence.tar.gz" <<'PY'^[[0m
linux	UNKNOWN STEP	2026-10-05T14:02:34.4460381Z ^[[36;1mfrom pathlib import Path^[[0m
linux	UNKNOWN STEP	2026-10-05T14:02:34.4460671Z ^[[36;1mimport sys, tarfile^[[0m
linux	UNKNOWN STEP	2026-10-05T14:02:34.4461325Z ^[[36;1mroots = [Path('/tmp/playsparse-posix-ci'), Path('/tmp/playsparse-crash-ci'), Path('/tmp/playsparse-experiment04-ci'), Path('/tmp/playsparse-experiment05-ci')]^[[0m
linux	UNKNOWN STEP	2026-10-05T14:02:34.4462029Z ^[[36;1mwith tarfile.open(sys.argv[1], 'w:gz') as archive:^[[0m
linux	UNKNOWN STEP	2026-10-05T14:02:34.4462366Z ^[[36;1m    for root in roots:^[[0m
linux	UNKNOWN STEP	2026-10-05T14:02:34.4462633Z ^[[36;1m        if not root.is_dir():^[[0m
linux	UNKNOWN STEP	2026-10-05T14:02:34.4462906Z ^[[36;1m            continue^[[0m
linux	UNKNOWN STEP	2026-10-05T14:02:34.4463206Z ^[[36;1m        if root.name == 'playsparse-posix-ci':^[[0m
linux	UNKNOWN STEP	2026-10-05T14:02:34.4463724Z ^[[36;1m            paths = list(root.glob('*.json')) + list(root.glob('*.log')) + list(root.glob('*/evidence'))^[[0m
linux	UNKNOWN STEP	2026-10-05T14:02:34.4464574Z ^[[36;1m        elif root.name in ('playsparse-crash-ci', 'playsparse-experiment05-ci'):^[[0m
linux	UNKNOWN STEP	2026-10-05T14:02:34.4465103Z ^[[36;1m            paths = [root / 'evidence']^[[0m
linux	UNKNOWN STEP	2026-10-05T14:02:34.4465822Z ^[[36;1m        else:^[[0m
linux	UNKNOWN STEP	2026-10-05T14:02:34.4466138Z ^[[36;1m            paths = list(root.iterdir())^[[0m
linux	UNKNOWN STEP	2026-10-05T14:02:34.4466655Z ^[[36;1m        for path in paths:^[[0m
linux	UNKNOWN STEP	2026-10-05T14:02:34.4466975Z ^[[36;1m            if path.exists():^[[0m
linux	UNKNOWN STEP	2026-10-05T14:02:34.4467538Z ^[[36;1m                archive.add(path, arcname=str(Path(root.name) / path.relative_to(root)))^[[0m
linux	UNKNOWN STEP	2026-10-05T14:02:34.4467936Z ^[[36;1mPY^[[0m
linux	UNKNOWN STEP	2026-10-05T14:02:34.4507155Z shell: /usr/bin/bash -e {0}
linux	UNKNOWN STEP	2026-10-05T14:02:34.4507440Z env:
linux	UNKNOWN STEP	2026-10-05T14:02:34.4507661Z   CARGO_HOME: /home/runner/.cargo
linux	UNKNOWN STEP	2026-10-05T14:02:34.4507940Z   CARGO_INCREMENTAL: 0
linux	UNKNOWN STEP	2026-10-05T14:02:34.4508180Z   CARGO_TERM_COLOR: always
linux	UNKNOWN STEP	2026-10-05T14:02:34.4508421Z   CACHE_ON_FAILURE: false
linux	UNKNOWN STEP	2026-10-05T14:02:34.4508704Z ##[endgroup]
linux	UNKNOWN STEP	2026-10-05T14:02:34.6068770Z ##[group]Run actions/upload-artifact@v4
linux	UNKNOWN STEP	2026-10-05T14:02:34.6069074Z with:
linux	UNKNOWN STEP	2026-10-05T14:02:34.6069305Z   name: linux-runtime-evidence
linux	UNKNOWN STEP	2026-10-05T14:02:34.6069643Z   path: /home/runner/work/_temp/linux-runtime-evidence.tar.gz
linux	UNKNOWN STEP	2026-10-05T14:02:34.6069999Z   if-no-files-found: error
linux	UNKNOWN STEP	2026-10-05T14:02:34.6070279Z   compression-level: 6
linux	UNKNOWN STEP	2026-10-05T14:02:34.6070509Z   overwrite: false
linux	UNKNOWN STEP	2026-10-05T14:02:34.6070740Z   include-hidden-files: false
linux	UNKNOWN STEP	2026-10-05T14:02:34.6070980Z env:
linux	UNKNOWN STEP	2026-10-05T14:02:34.6071201Z   CARGO_HOME: /home/runner/.cargo
linux	UNKNOWN STEP	2026-10-05T14:02:34.6071460Z   CARGO_INCREMENTAL: 0
linux	UNKNOWN STEP	2026-10-05T14:02:34.6071693Z   CARGO_TERM_COLOR: always
linux	UNKNOWN STEP	2026-10-05T14:02:34.6071930Z   CACHE_ON_FAILURE: false
linux	UNKNOWN STEP	2026-10-05T14:02:34.6072171Z ##[endgroup]
linux	UNKNOWN STEP	2026-10-05T14:02:34.7792618Z (node:4922) [DEP0040] DeprecationWarning: The `punycode` module is deprecated. Please use a userland alternative instead.
linux	UNKNOWN STEP	2026-10-05T14:02:34.7794119Z (Use `node --trace-deprecation ...` to show where the warning was created)
linux	UNKNOWN STEP	2026-10-05T14:02:34.7855776Z With the provided path, there will be 1 file uploaded
linux	UNKNOWN STEP	2026-10-05T14:02:34.7857052Z Artifact name is valid!
linux	UNKNOWN STEP	2026-10-05T14:02:34.7857600Z Root directory input is valid!
linux	UNKNOWN STEP	2026-10-05T14:02:35.1105705Z Beginning upload of artifact content to blob storage
linux	UNKNOWN STEP	2026-10-05T14:02:35.1357281Z (node:4922) [DEP0169] DeprecationWarning: `url.parse()` behavior is not standardized and prone to errors that have security implications. Use the WHATWG URL API instead. CVEs are not issued for `url.parse()` vulnerabilities.
linux	UNKNOWN STEP	2026-10-05T14:02:35.3868107Z Uploaded bytes 202022
linux	UNKNOWN STEP	2026-10-05T14:02:35.4293806Z Finished uploading artifact content to blob storage!
linux	UNKNOWN STEP	2026-10-05T14:02:35.4294868Z SHA256 digest of uploaded artifact zip is 1d08c86f91374cc0807f5c3193ad5e4a312ad40b36c90de804fe7e403a2da31a
linux	UNKNOWN STEP	2026-10-05T14:02:35.4296416Z Finalizing artifact upload
linux	UNKNOWN STEP	2026-10-05T14:02:35.6671231Z Artifact linux-runtime-evidence.zip successfully finalized. Artifact ID 11350261000
linux	UNKNOWN STEP	2026-10-05T14:02:35.6672468Z Artifact linux-runtime-evidence has been successfully uploaded! Final size is 202022 bytes. Artifact ID is 11350261000
linux	UNKNOWN STEP	2026-10-05T14:02:35.6678028Z Artifact download URL: https://github.com/gogolumo/PlaySparse/actions/runs/37321274058/artifacts/11350261000
linux	UNKNOWN STEP	2026-10-05T14:02:35.6830697Z Post job cleanup.
linux	UNKNOWN STEP	2026-10-05T14:02:35.8034570Z Cache up-to-date.
linux	UNKNOWN STEP	2026-10-05T14:02:35.8152581Z Post job cleanup.
linux	UNKNOWN STEP	2026-10-05T14:02:35.9021846Z [command]/usr/bin/git version
linux	UNKNOWN STEP	2026-10-05T14:02:35.9070210Z git version 2.55.0
linux	UNKNOWN STEP	2026-10-05T14:02:35.9159334Z Temporarily overriding HOME='/home/runner/work/_temp/5facb396-bf9c-4e92-b3cd-0698852527c4' before making global git config changes
linux	UNKNOWN STEP	2026-10-05T14:02:35.9160639Z Adding repository directory to the temporary git global config as a safe directory
linux	UNKNOWN STEP	2026-10-05T14:02:35.9161807Z [command]/usr/bin/git config --global --add safe.directory /home/runner/work/PlaySparse/PlaySparse
linux	UNKNOWN STEP	2026-10-05T14:02:35.9200889Z [command]/usr/bin/git config --local --name-only --get-regexp core\.sshCommand
linux	UNKNOWN STEP	2026-10-05T14:02:35.9236616Z [command]/usr/bin/git submodule foreach --recursive sh -c "git config --local --name-only --get-regexp 'core\.sshCommand' && git config --local --unset-all 'core.sshCommand' || :"
linux	UNKNOWN STEP	2026-10-05T14:02:35.9529382Z [command]/usr/bin/git config --local --name-only --get-regexp http\.https\:\/\/github\.com\/\.extraheader
linux	UNKNOWN STEP	2026-10-05T14:02:35.9562868Z http.https://github.com/.extraheader
linux	UNKNOWN STEP	2026-10-05T14:02:35.9589358Z [command]/usr/bin/git config --local --unset-all http.https://github.com/.extraheader
linux	UNKNOWN STEP	2026-10-05T14:02:35.9627570Z [command]/usr/bin/git submodule foreach --recursive sh -c "git config --local --name-only --get-regexp 'http\.https\:\/\/github\.com\/\.extraheader' && git config --local --unset-all 'http.https://github.com/.extraheader' || :"
linux	UNKNOWN STEP	2026-10-05T14:02:35.9836683Z [command]/usr/bin/git config --local --name-only --get-regexp ^includeIf\.gitdir:
linux	UNKNOWN STEP	2026-10-05T14:02:35.9869615Z [command]/usr/bin/git submodule foreach --recursive git config --local --show-origin --name-only --get-regexp remote.origin.url
linux	UNKNOWN STEP	2026-10-05T14:02:36.0217346Z Cleaning up orphan processes
linux	UNKNOWN STEP	2026-10-05T14:02:36.0473667Z ##[warning]Node.js 20 is deprecated. The following actions target Node.js 20 but are being forced to run on Node.js 24: actions/checkout@v4, actions/upload-artifact@v4. For more information see: https://github.blog/changelog/2025-09-19-deprecation-of-node-20-on-github-actions-runners/
windows	UNKNOWN STEP	﻿2026-10-05T14:00:49.9411573Z Current runner version: '2.337.0'
windows	UNKNOWN STEP	2026-10-05T14:00:49.9432706Z ##[group]Runner Image Provisioner
windows	UNKNOWN STEP	2026-10-05T14:00:49.9433337Z Hosted Compute Agent
windows	UNKNOWN STEP	2026-10-05T14:00:49.9433789Z Version: 20260901.588
windows	UNKNOWN STEP	2026-10-05T14:00:49.9434242Z Commit: f88ec8081b781fac6c440065ac7ff9e710ce3d0b
windows	UNKNOWN STEP	2026-10-05T14:00:49.9434775Z Build Date: 2026-09-01T19:56:44Z
windows	UNKNOWN STEP	2026-10-05T14:00:49.9435285Z Worker ID: {31af24f6-8e4b-444d-8ef9-f36d660e059b}
windows	UNKNOWN STEP	2026-10-05T14:00:49.9435782Z Azure Region: westus3
windows	UNKNOWN STEP	2026-10-05T14:00:49.9436199Z ##[endgroup]
windows	UNKNOWN STEP	2026-10-05T14:00:49.9437598Z ##[group]Operating System
windows	UNKNOWN STEP	2026-10-05T14:00:49.9438098Z Microsoft Windows Server 2025
windows	UNKNOWN STEP	2026-10-05T14:00:49.9438564Z 10.0.26100
windows	UNKNOWN STEP	2026-10-05T14:00:49.9438916Z Datacenter
windows	UNKNOWN STEP	2026-10-05T14:00:49.9439429Z ##[endgroup]
windows	UNKNOWN STEP	2026-10-05T14:00:49.9439851Z ##[group]Runner Image
windows	UNKNOWN STEP	2026-10-05T14:00:49.9440273Z Image: windows-2025-vs2026
windows	UNKNOWN STEP	2026-10-05T14:00:49.9440736Z Version: 20260925.250.1
windows	UNKNOWN STEP	2026-10-05T14:00:49.9441889Z Included Software: https://github.com/actions/runner-images/blob/win25-vs2026/20260925.250/images/windows/Windows2025-VS2026-Readme.md
windows	UNKNOWN STEP	2026-10-05T14:00:49.9443116Z Image Release: https://github.com/actions/runner-images/releases/tag/win25-vs2026%2F20260925.250
windows	UNKNOWN STEP	2026-10-05T14:00:49.9443854Z ##[endgroup]
windows	UNKNOWN STEP	2026-10-05T14:00:49.9444681Z ##[group]GITHUB_TOKEN Permissions
windows	UNKNOWN STEP	2026-10-05T14:00:49.9446233Z Contents: read
windows	UNKNOWN STEP	2026-10-05T14:00:49.9446852Z Metadata: read
windows	UNKNOWN STEP	2026-10-05T14:00:49.9447258Z ##[endgroup]
windows	UNKNOWN STEP	2026-10-05T14:00:49.9449339Z Secret source: Actions
windows	UNKNOWN STEP	2026-10-05T14:00:49.9450149Z Cache mode: write
windows	UNKNOWN STEP	2026-10-05T14:00:49.9450689Z Prepare workflow directory
windows	UNKNOWN STEP	2026-10-05T14:00:49.9732041Z Prepare all required actions
windows	UNKNOWN STEP	2026-10-05T14:00:49.9785894Z Getting action download info
windows	UNKNOWN STEP	2026-10-05T14:00:50.3462589Z Download action repository 'actions/checkout@v4' (SHA:11d5960a326750d5838078e36cf38b85af677262)
windows	UNKNOWN STEP	2026-10-05T14:00:50.4489186Z Download action repository 'dtolnay/rust-toolchain@master' (SHA:7e38f4b43b4db5c8dd498af069a4f6196df1d067)
windows	UNKNOWN STEP	2026-10-05T14:00:50.6977318Z Download action repository 'ilammy/msvc-dev-cmd@v1' (SHA:0b201ec74fa43914dc39ae48a89fd1d8cb592756)
windows	UNKNOWN STEP	2026-10-05T14:00:51.1574148Z Download action repository 'Swatinem/rust-cache@v2' (SHA:6323deb102c322ba6fcbdcafc7e3dddab59af2b6)
windows	UNKNOWN STEP	2026-10-05T14:00:51.7975001Z Download action repository 'actions/upload-artifact@v4' (SHA:ea165f8d65b6e75b540449e92b4886f43607fa02)
windows	UNKNOWN STEP	2026-10-05T14:00:52.2064917Z Complete job name: windows
windows	UNKNOWN STEP	2026-10-05T14:00:52.3792358Z ##[group]Run actions/checkout@v4
windows	UNKNOWN STEP	2026-10-05T14:00:52.3793167Z with:
windows	UNKNOWN STEP	2026-10-05T14:00:52.3793519Z   repository: gogolumo/PlaySparse
windows	UNKNOWN STEP	2026-10-05T14:00:52.3795899Z   token: ***
windows	UNKNOWN STEP	2026-10-05T14:00:52.3796204Z   ssh-strict: true
windows	UNKNOWN STEP	2026-10-05T14:00:52.3796525Z   ssh-user: git
windows	UNKNOWN STEP	2026-10-05T14:00:52.3796836Z   persist-credentials: true
windows	UNKNOWN STEP	2026-10-05T14:00:52.3797156Z   clean: true
windows	UNKNOWN STEP	2026-10-05T14:00:52.3797465Z   sparse-checkout-cone-mode: true
windows	UNKNOWN STEP	2026-10-05T14:00:52.3797795Z   fetch-depth: 1
windows	UNKNOWN STEP	2026-10-05T14:00:52.3798103Z   fetch-tags: false
windows	UNKNOWN STEP	2026-10-05T14:00:52.3798399Z   show-progress: true
windows	UNKNOWN STEP	2026-10-05T14:00:52.3798766Z   lfs: false
windows	UNKNOWN STEP	2026-10-05T14:00:52.3799051Z   submodules: false
windows	UNKNOWN STEP	2026-10-05T14:00:52.3799339Z   set-safe-directory: true
windows	UNKNOWN STEP	2026-10-05T14:00:52.3799692Z   allow-unsafe-pr-checkout: false
windows	UNKNOWN STEP	2026-10-05T14:00:52.3800184Z ##[endgroup]
windows	UNKNOWN STEP	2026-10-05T14:00:52.5152446Z Syncing repository: gogolumo/PlaySparse
windows	UNKNOWN STEP	2026-10-05T14:00:52.5153617Z ##[group]Getting Git version info
windows	UNKNOWN STEP	2026-10-05T14:00:52.5154036Z Working directory is 'D:\a\PlaySparse\PlaySparse'
windows	UNKNOWN STEP	2026-10-05T14:00:52.5825856Z [command]"C:\Program Files\Git\bin\git.exe" version
windows	UNKNOWN STEP	2026-10-05T14:00:53.2005627Z git version 2.55.0.windows.5
windows	UNKNOWN STEP	2026-10-05T14:00:53.2045244Z ##[endgroup]
windows	UNKNOWN STEP	2026-10-05T14:00:53.2061199Z Temporarily overriding HOME='D:\a\_temp\fa43ef8e-0f09-4807-a107-1403d3b93b6d' before making global git config changes
windows	UNKNOWN STEP	2026-10-05T14:00:53.2069848Z Adding repository directory to the temporary git global config as a safe directory
windows	UNKNOWN STEP	2026-10-05T14:00:53.2070749Z [command]"C:\Program Files\Git\bin\git.exe" config --global --add safe.directory D:\a\PlaySparse\PlaySparse
windows	UNKNOWN STEP	2026-10-05T14:00:53.3122295Z Deleting the contents of 'D:\a\PlaySparse\PlaySparse'
windows	UNKNOWN STEP	2026-10-05T14:00:53.3127027Z ##[group]Initializing the repository
windows	UNKNOWN STEP	2026-10-05T14:00:53.3133854Z [command]"C:\Program Files\Git\bin\git.exe" init D:\a\PlaySparse\PlaySparse
windows	UNKNOWN STEP	2026-10-05T14:00:53.4465482Z Initialized empty Git repository in D:/a/PlaySparse/PlaySparse/.git/
windows	UNKNOWN STEP	2026-10-05T14:00:53.4504057Z [command]"C:\Program Files\Git\bin\git.exe" remote add origin https://github.com/gogolumo/PlaySparse
windows	UNKNOWN STEP	2026-10-05T14:00:53.5426615Z ##[endgroup]
windows	UNKNOWN STEP	2026-10-05T14:00:53.5426995Z ##[group]Disabling automatic garbage collection
windows	UNKNOWN STEP	2026-10-05T14:00:53.5434633Z [command]"C:\Program Files\Git\bin\git.exe" config --local gc.auto 0
windows	UNKNOWN STEP	2026-10-05T14:00:53.5661890Z ##[endgroup]
windows	UNKNOWN STEP	2026-10-05T14:00:53.5662215Z ##[group]Setting up auth
windows	UNKNOWN STEP	2026-10-05T14:00:53.5672034Z [command]"C:\Program Files\Git\bin\git.exe" config --local --name-only --get-regexp core\.sshCommand
windows	UNKNOWN STEP	2026-10-05T14:00:53.5900992Z [command]"C:\Program Files\Git\bin\git.exe" submodule foreach --recursive "sh -c \"git config --local --name-only --get-regexp 'core\.sshCommand' && git config --local --unset-all 'core.sshCommand' || :\""
windows	UNKNOWN STEP	2026-10-05T14:00:55.9554240Z [command]"C:\Program Files\Git\bin\git.exe" config --local --name-only --get-regexp http\.https\:\/\/github\.com\/\.extraheader
windows	UNKNOWN STEP	2026-10-05T14:00:55.9821657Z [command]"C:\Program Files\Git\bin\git.exe" submodule foreach --recursive "sh -c \"git config --local --name-only --get-regexp 'http\.https\:\/\/github\.com\/\.extraheader' && git config --local --unset-all 'http.https://github.com/.extraheader' || :\""
windows	UNKNOWN STEP	2026-10-05T14:00:56.3866953Z [command]"C:\Program Files\Git\bin\git.exe" config --local --name-only --get-regexp ^includeIf\.gitdir:
windows	UNKNOWN STEP	2026-10-05T14:00:56.4102589Z [command]"C:\Program Files\Git\bin\git.exe" submodule foreach --recursive "git config --local --show-origin --name-only --get-regexp remote.origin.url"
windows	UNKNOWN STEP	2026-10-05T14:00:56.8181032Z [command]"C:\Program Files\Git\bin\git.exe" config --local http.https://github.com/.extraheader "AUTHORIZATION: basic ***"
windows	UNKNOWN STEP	2026-10-05T14:00:56.8433334Z ##[endgroup]
windows	UNKNOWN STEP	2026-10-05T14:00:56.8433853Z ##[group]Fetching the repository
windows	UNKNOWN STEP	2026-10-05T14:00:56.8446476Z [command]"C:\Program Files\Git\bin\git.exe" -c protocol.version=2 fetch --no-tags --prune --no-recurse-submodules --depth=1 origin +4952845f6546fd68f2951970c7ffd63fdf461829:refs/remotes/origin/feat/game-aware-storage
windows	UNKNOWN STEP	2026-10-05T14:00:58.9912406Z From https://github.com/gogolumo/PlaySparse
windows	UNKNOWN STEP	2026-10-05T14:00:58.9913108Z  * [new ref]         4952845f6546fd68f2951970c7ffd63fdf461829 -> origin/feat/game-aware-storage
windows	UNKNOWN STEP	2026-10-05T14:00:58.9946252Z ##[endgroup]
windows	UNKNOWN STEP	2026-10-05T14:00:58.9946716Z ##[group]Determining the checkout info
windows	UNKNOWN STEP	2026-10-05T14:00:58.9948866Z ##[endgroup]
windows	UNKNOWN STEP	2026-10-05T14:00:58.9956707Z [command]"C:\Program Files\Git\bin\git.exe" sparse-checkout disable
windows	UNKNOWN STEP	2026-10-05T14:00:59.0482633Z [command]"C:\Program Files\Git\bin\git.exe" config --local --unset-all extensions.worktreeConfig
windows	UNKNOWN STEP	2026-10-05T14:00:59.0726003Z ##[group]Checking out the ref
windows	UNKNOWN STEP	2026-10-05T14:00:59.0735683Z [command]"C:\Program Files\Git\bin\git.exe" checkout --progress --force -B feat/game-aware-storage refs/remotes/origin/feat/game-aware-storage
windows	UNKNOWN STEP	2026-10-05T14:00:59.5049547Z Switched to a new branch 'feat/game-aware-storage'
windows	UNKNOWN STEP	2026-10-05T14:00:59.5197628Z branch 'feat/game-aware-storage' set up to track 'origin/feat/game-aware-storage'.
windows	UNKNOWN STEP	2026-10-05T14:00:59.5239464Z ##[endgroup]
windows	UNKNOWN STEP	2026-10-05T14:00:59.5714945Z [command]"C:\Program Files\Git\bin\git.exe" log -1 --format=%H
windows	UNKNOWN STEP	2026-10-05T14:00:59.5946095Z 4952845f6546fd68f2951970c7ffd63fdf461829
windows	UNKNOWN STEP	2026-10-05T14:00:59.6366966Z ##[group]Run dtolnay/rust-toolchain@master
windows	UNKNOWN STEP	2026-10-05T14:00:59.6367290Z with:
windows	UNKNOWN STEP	2026-10-05T14:00:59.6367443Z   toolchain: 1.99.0
windows	UNKNOWN STEP	2026-10-05T14:00:59.6367606Z   components: rustfmt, clippy
windows	UNKNOWN STEP	2026-10-05T14:00:59.6367796Z ##[endgroup]
windows	UNKNOWN STEP	2026-10-05T14:00:59.6423952Z ##[start-action display=Parse toolchain version;id=__dtolnay_rust-toolchain.parse]
windows	UNKNOWN STEP	2026-10-05T14:00:59.6561097Z ##[group]Run if [[ -z $toolchain ]]; then
windows	UNKNOWN STEP	2026-10-05T14:00:59.6562113Z ^[[36;1mif [[ -z $toolchain ]]; then^[[0m
windows	UNKNOWN STEP	2026-10-05T14:00:59.6562571Z ^[[36;1m  # GitHub does not enforce `required: true` inputs itself. https://github.com/actions/runner/issues/1070^[[0m
windows	UNKNOWN STEP	2026-10-05T14:00:59.6563240Z ^[[36;1m  echo "'toolchain' is a required input" >&2^[[0m
windows	UNKNOWN STEP	2026-10-05T14:00:59.6563470Z ^[[36;1m  exit 1^[[0m
windows	UNKNOWN STEP	2026-10-05T14:00:59.6563722Z ^[[36;1melif [[ $toolchain =~ ^stable' '[0-9]+' '(year|month|week|day)s?' 'ago$ ]]; then^[[0m
windows	UNKNOWN STEP	2026-10-05T14:00:59.6564030Z ^[[36;1m  if [[ Windows == macOS ]]; then^[[0m
windows	UNKNOWN STEP	2026-10-05T14:00:59.6564472Z ^[[36;1m    echo "toolchain=1.$((($(date -v-$(sed 's/stable \([0-9]*\) \(.\).*/\1\2/' <<< $toolchain) +%s)/60/60/24-16569)/7/6))" >> $GITHUB_OUTPUT^[[0m
windows	UNKNOWN STEP	2026-10-05T14:00:59.6564855Z ^[[36;1m  else^[[0m
windows	UNKNOWN STEP	2026-10-05T14:00:59.6565338Z ^[[36;1m    echo "toolchain=1.$((($(date --date "${toolchain#stable }" +%s)/60/60/24-16569)/7/6))" >> $GITHUB_OUTPUT^[[0m
windows	UNKNOWN STEP	2026-10-05T14:00:59.6565680Z ^[[36;1m  fi^[[0m
windows	UNKNOWN STEP	2026-10-05T14:00:59.6565895Z ^[[36;1melif [[ $toolchain =~ ^stable' 'minus' '[0-9]+' 'releases?$ ]]; then^[[0m
windows	UNKNOWN STEP	2026-10-05T14:00:59.6566306Z ^[[36;1m  echo "toolchain=1.$((($(date +%s)/60/60/24-16569)/7/6-${toolchain//[^0-9]/}))" >> $GITHUB_OUTPUT^[[0m
windows	UNKNOWN STEP	2026-10-05T14:00:59.6566644Z ^[[36;1melif [[ $toolchain =~ ^1\.[0-9]+$ ]]; then^[[0m
windows	UNKNOWN STEP	2026-10-05T14:00:59.6567018Z ^[[36;1m  echo "toolchain=1.$((i=${toolchain#1.}, c=($(date +%s)/60/60/24-16569)/7/6, i+9*i*(10*i<=c)+90*i*(100*i<=c)))" >> $GITHUB_OUTPUT^[[0m
windows	UNKNOWN STEP	2026-10-05T14:00:59.6567362Z ^[[36;1melse^[[0m
windows	UNKNOWN STEP	2026-10-05T14:00:59.6567545Z ^[[36;1m  echo "toolchain=$toolchain" >> $GITHUB_OUTPUT^[[0m
windows	UNKNOWN STEP	2026-10-05T14:00:59.6567763Z ^[[36;1mfi^[[0m
windows	UNKNOWN STEP	2026-10-05T14:00:59.6581320Z shell: C:\Program Files\Git\bin\bash.EXE --noprofile --norc -e -o pipefail {0}
windows	UNKNOWN STEP	2026-10-05T14:00:59.6581628Z env:
windows	UNKNOWN STEP	2026-10-05T14:00:59.6581778Z   toolchain: 1.99.0
windows	UNKNOWN STEP	2026-10-05T14:00:59.6581937Z ##[endgroup]
windows	UNKNOWN STEP	2026-10-05T14:00:59.9586744Z ##[end-action id=__dtolnay_rust-toolchain.parse;outcome=success;conclusion=success;duration_ms=316]
windows	UNKNOWN STEP	2026-10-05T14:00:59.9596804Z ##[start-action display=Construct rustup command line;id=__dtolnay_rust-toolchain.flags]
windows	UNKNOWN STEP	2026-10-05T14:00:59.9710007Z ##[group]Run echo "targets=$(for t in ${targets//,/ }; do echo -n ' --target' $t; done)" >> $GITHUB_OUTPUT
windows	UNKNOWN STEP	2026-10-05T14:00:59.9711359Z ^[[36;1mecho "targets=$(for t in ${targets//,/ }; do echo -n ' --target' $t; done)" >> $GITHUB_OUTPUT^[[0m
windows	UNKNOWN STEP	2026-10-05T14:00:59.9711823Z ^[[36;1mecho "components=$(for c in ${components//,/ }; do echo -n ' --component' $c; done)" >> $GITHUB_OUTPUT^[[0m
windows	UNKNOWN STEP	2026-10-05T14:00:59.9712199Z ^[[36;1mecho "downgrade=" >> $GITHUB_OUTPUT^[[0m
windows	UNKNOWN STEP	2026-10-05T14:00:59.9721502Z shell: C:\Program Files\Git\bin\bash.EXE --noprofile --norc -e -o pipefail {0}
windows	UNKNOWN STEP	2026-10-05T14:00:59.9721802Z env:
windows	UNKNOWN STEP	2026-10-05T14:00:59.9721944Z   targets: 
windows	UNKNOWN STEP	2026-10-05T14:00:59.9722104Z   components: rustfmt, clippy
windows	UNKNOWN STEP	2026-10-05T14:00:59.9722279Z ##[endgroup]
windows	UNKNOWN STEP	2026-10-05T14:01:00.0282307Z ##[end-action id=__dtolnay_rust-toolchain.flags;outcome=success;conclusion=success;duration_ms=68]
windows	UNKNOWN STEP	2026-10-05T14:01:00.0284334Z ##[start-action display=Set $CARGO_HOME;id=__dtolnay_rust-toolchain.__run]
windows	UNKNOWN STEP	2026-10-05T14:01:00.0380947Z ##[group]Run echo CARGO_HOME=${CARGO_HOME:-"$USERPROFILE\.cargo"} >> $GITHUB_ENV
windows	UNKNOWN STEP	2026-10-05T14:01:00.0381353Z ^[[36;1mecho CARGO_HOME=${CARGO_HOME:-"$USERPROFILE\.cargo"} >> $GITHUB_ENV^[[0m
windows	UNKNOWN STEP	2026-10-05T14:01:00.0391363Z shell: C:\Program Files\Git\bin\bash.EXE --noprofile --norc -e -o pipefail {0}
windows	UNKNOWN STEP	2026-10-05T14:01:00.0391660Z ##[endgroup]
windows	UNKNOWN STEP	2026-10-05T14:01:00.0737327Z ##[end-action id=__dtolnay_rust-toolchain.__run;outcome=success;conclusion=success;duration_ms=45]
windows	UNKNOWN STEP	2026-10-05T14:01:00.0739202Z ##[start-action display=Install rustup if needed;id=__dtolnay_rust-toolchain.__run_2]
windows	UNKNOWN STEP	2026-10-05T14:01:00.0747974Z ##[end-action id=__dtolnay_rust-toolchain.__run_2;outcome=skipped;conclusion=skipped;duration_ms=0]
windows	UNKNOWN STEP	2026-10-05T14:01:00.0749848Z ##[start-action display=Install rustup if needed on windows;id=__dtolnay_rust-toolchain.__run_3]
windows	UNKNOWN STEP	2026-10-05T14:01:00.0869706Z ##[group]Run if ! command -v rustup &>/dev/null; then
windows	UNKNOWN STEP	2026-10-05T14:01:00.0870502Z ^[[36;1mif ! command -v rustup &>/dev/null; then^[[0m
windows	UNKNOWN STEP	2026-10-05T14:01:00.0871095Z ^[[36;1m  curl --proto '=https' --tlsv1.2 --retry 10 --retry-connrefused --location --silent --show-error --fail https://win.rustup.rs/x86_64 --output 'D:\a\_temp\rustup-init.exe'^[[0m
windows	UNKNOWN STEP	2026-10-05T14:01:00.0871726Z ^[[36;1m  'D:\a\_temp\rustup-init.exe' --default-toolchain none --no-modify-path -y^[[0m
windows	UNKNOWN STEP	2026-10-05T14:01:00.0872043Z ^[[36;1m  echo "$CARGO_HOME\bin" >> $GITHUB_PATH^[[0m
windows	UNKNOWN STEP	2026-10-05T14:01:00.0872251Z ^[[36;1mfi^[[0m
windows	UNKNOWN STEP	2026-10-05T14:01:00.0881735Z shell: C:\Program Files\Git\bin\bash.EXE --noprofile --norc -e -o pipefail {0}
windows	UNKNOWN STEP	2026-10-05T14:01:00.0882042Z env:
windows	UNKNOWN STEP	2026-10-05T14:01:00.0882210Z   CARGO_HOME: C:\Users\runneradmin\.cargo
windows	UNKNOWN STEP	2026-10-05T14:01:00.0882409Z ##[endgroup]
windows	UNKNOWN STEP	2026-10-05T14:01:00.1310356Z ##[end-action id=__dtolnay_rust-toolchain.__run_3;outcome=success;conclusion=success;duration_ms=55]
windows	UNKNOWN STEP	2026-10-05T14:01:00.1320964Z ##[start-action display=rustup toolchain install 1.99.0;id=__dtolnay_rust-toolchain.__run_4]
windows	UNKNOWN STEP	2026-10-05T14:01:00.1417909Z ##[group]Run log=$(mktemp)
windows	UNKNOWN STEP	2026-10-05T14:01:00.1418132Z ^[[36;1mlog=$(mktemp)^[[0m
windows	UNKNOWN STEP	2026-10-05T14:01:00.1418310Z ^[[36;1mtrap 'rm -f "$log"' EXIT^[[0m
windows	UNKNOWN STEP	2026-10-05T14:01:00.1418510Z ^[[36;1mfor attempt in 1 2 3 4 5; do^[[0m
windows	UNKNOWN STEP	2026-10-05T14:01:00.1419013Z ^[[36;1m  if rustup toolchain install 1.99.0 --component rustfmt --component clippy --profile minimal --no-self-update --force-non-host 2>&1 | tee "$log"; then^[[0m
windows	UNKNOWN STEP	2026-10-05T14:01:00.1419759Z ^[[36;1m    break^[[0m
windows	UNKNOWN STEP	2026-10-05T14:01:00.1419927Z ^[[36;1m  else^[[0m
windows	UNKNOWN STEP	2026-10-05T14:01:00.1420076Z ^[[36;1m    status=$?^[[0m
windows	UNKNOWN STEP	2026-10-05T14:01:00.1420240Z ^[[36;1m  fi^[[0m
windows	UNKNOWN STEP	2026-10-05T14:01:00.1420464Z ^[[36;1m  if [[ $attempt == 5 ]] || ! grep -Fq 'checksum failed for ' "$log" \^[[0m
windows	UNKNOWN STEP	2026-10-05T14:01:00.1420896Z ^[[36;1m      || ! grep -Fq 'this is likely due to an ongoing update of the official release server' "$log"; then^[[0m
windows	UNKNOWN STEP	2026-10-05T14:01:00.1421311Z ^[[36;1m    exit "$status"^[[0m
windows	UNKNOWN STEP	2026-10-05T14:01:00.1421510Z ^[[36;1m  fi^[[0m
windows	UNKNOWN STEP	2026-10-05T14:01:00.1421778Z ^[[36;1m  echo "Retrying rustup toolchain install in 30 seconds (retry $attempt of 4)" >&2^[[0m
windows	UNKNOWN STEP	2026-10-05T14:01:00.1422101Z ^[[36;1m  sleep 30^[[0m
windows	UNKNOWN STEP	2026-10-05T14:01:00.1422256Z ^[[36;1mdone^[[0m
windows	UNKNOWN STEP	2026-10-05T14:01:00.1431419Z shell: C:\Program Files\Git\bin\bash.EXE --noprofile --norc -e -o pipefail {0}
windows	UNKNOWN STEP	2026-10-05T14:01:00.1431716Z env:
windows	UNKNOWN STEP	2026-10-05T14:01:00.1431875Z   CARGO_HOME: C:\Users\runneradmin\.cargo
windows	UNKNOWN STEP	2026-10-05T14:01:00.1432082Z   RUSTUP_PERMIT_COPY_RENAME: 1
windows	UNKNOWN STEP	2026-10-05T14:01:00.1432261Z ##[endgroup]
windows	UNKNOWN STEP	2026-10-05T14:01:01.4105745Z info: syncing channel updates for 1.99.0-x86_64-pc-windows-msvc
windows	UNKNOWN STEP	2026-10-05T14:01:02.3436869Z info: latest update on 2026-10-01 for version 1.99.0 (b940084d7 2026-09-28)
windows	UNKNOWN STEP	2026-10-05T14:01:02.3751688Z info: downloading 5 components
windows	UNKNOWN STEP	2026-10-05T14:01:10.6016619Z 
windows	UNKNOWN STEP	2026-10-05T14:01:10.6334068Z   1.99.0-x86_64-pc-windows-msvc installed - rustc 1.99.0 (b940084d7 2026-09-28)
windows	UNKNOWN STEP	2026-10-05T14:01:10.6334482Z 
windows	UNKNOWN STEP	2026-10-05T14:01:10.6647166Z ##[end-action id=__dtolnay_rust-toolchain.__run_4;outcome=success;conclusion=success;duration_ms=10532]
windows	UNKNOWN STEP	2026-10-05T14:01:10.6652814Z ##[start-action display=rustup default 1.99.0;id=__dtolnay_rust-toolchain.__run_5]
windows	UNKNOWN STEP	2026-10-05T14:01:10.6752553Z ##[group]Run rustup default 1.99.0 --force-non-host
windows	UNKNOWN STEP	2026-10-05T14:01:10.6752825Z ^[[36;1mrustup default 1.99.0 --force-non-host^[[0m
windows	UNKNOWN STEP	2026-10-05T14:01:10.6762155Z shell: C:\Program Files\Git\bin\bash.EXE --noprofile --norc -e -o pipefail {0}
windows	UNKNOWN STEP	2026-10-05T14:01:10.6762461Z env:
windows	UNKNOWN STEP	2026-10-05T14:01:10.6763229Z   CARGO_HOME: C:\Users\runneradmin\.cargo
windows	UNKNOWN STEP	2026-10-05T14:01:10.6763434Z ##[endgroup]
windows	UNKNOWN STEP	2026-10-05T14:01:10.7363623Z info: using existing install for 1.99.0-x86_64-pc-windows-msvc
windows	UNKNOWN STEP	2026-10-05T14:01:10.7578820Z info: default toolchain set to 1.99.0-x86_64-pc-windows-msvc
windows	UNKNOWN STEP	2026-10-05T14:01:10.7637317Z 
windows	UNKNOWN STEP	2026-10-05T14:01:10.7811669Z   1.99.0-x86_64-pc-windows-msvc unchanged - rustc 1.99.0 (b940084d7 2026-09-28)
windows	UNKNOWN STEP	2026-10-05T14:01:10.7811953Z 
windows	UNKNOWN STEP	2026-10-05T14:01:10.7814977Z info: note that the toolchain '1.99.0-x86_64-pc-windows-msvc' is currently in use (overridden by 'D:\a\PlaySparse\PlaySparse\rust-toolchain.toml')
windows	UNKNOWN STEP	2026-10-05T14:01:10.7875068Z ##[end-action id=__dtolnay_rust-toolchain.__run_5;outcome=success;conclusion=success;duration_ms=122]
windows	UNKNOWN STEP	2026-10-05T14:01:10.7877468Z ##[start-action display=Create cachekey;id=__dtolnay_rust-toolchain.rustc-version]
windows	UNKNOWN STEP	2026-10-05T14:01:10.7976612Z ##[group]Run DATE=$(rustc +1.99.0 --version --verbose | sed -ne 's/^commit-date: \(20[0-9][0-9]\)-\([01][0-9]\)-\([0-3][0-9]\)$/\1\2\3/p')
windows	UNKNOWN STEP	2026-10-05T14:01:10.7977256Z ^[[36;1mDATE=$(rustc +1.99.0 --version --verbose | sed -ne 's/^commit-date: \(20[0-9][0-9]\)-\([01][0-9]\)-\([0-3][0-9]\)$/\1\2\3/p')^[[0m
windows	UNKNOWN STEP	2026-10-05T14:01:10.7977715Z ^[[36;1mHASH=$(rustc +1.99.0 --version --verbose | sed -ne 's/^commit-hash: //p')^[[0m
windows	UNKNOWN STEP	2026-10-05T14:01:10.7978084Z ^[[36;1mecho "cachekey=$(echo $DATE$HASH | head -c12)" >> $GITHUB_OUTPUT^[[0m
windows	UNKNOWN STEP	2026-10-05T14:01:10.7988477Z shell: C:\Program Files\Git\bin\bash.EXE --noprofile --norc -e -o pipefail {0}
windows	UNKNOWN STEP	2026-10-05T14:01:10.7988786Z env:
windows	UNKNOWN STEP	2026-10-05T14:01:10.7988944Z   CARGO_HOME: C:\Users\runneradmin\.cargo
windows	UNKNOWN STEP	2026-10-05T14:01:10.7989162Z ##[endgroup]
windows	UNKNOWN STEP	2026-10-05T14:01:12.0293941Z ##[end-action id=__dtolnay_rust-toolchain.rustc-version;outcome=success;conclusion=success;duration_ms=1241]
windows	UNKNOWN STEP	2026-10-05T14:01:12.0296143Z ##[start-action display=Disable incremental compilation;id=__dtolnay_rust-toolchain.__run_6]
windows	UNKNOWN STEP	2026-10-05T14:01:12.0396058Z ##[group]Run if [ -z "${CARGO_INCREMENTAL+set}" ]; then
windows	UNKNOWN STEP	2026-10-05T14:01:12.0396377Z ^[[36;1mif [ -z "${CARGO_INCREMENTAL+set}" ]; then^[[0m
windows	UNKNOWN STEP	2026-10-05T14:01:12.0396624Z ^[[36;1m  echo CARGO_INCREMENTAL=0 >> $GITHUB_ENV^[[0m
windows	UNKNOWN STEP	2026-10-05T14:01:12.0396831Z ^[[36;1mfi^[[0m
windows	UNKNOWN STEP	2026-10-05T14:01:12.0408817Z shell: C:\Program Files\Git\bin\bash.EXE --noprofile --norc -e -o pipefail {0}
windows	UNKNOWN STEP	2026-10-05T14:01:12.0409307Z env:
windows	UNKNOWN STEP	2026-10-05T14:01:12.0409549Z   CARGO_HOME: C:\Users\runneradmin\.cargo
windows	UNKNOWN STEP	2026-10-05T14:01:12.0409870Z ##[endgroup]
windows	UNKNOWN STEP	2026-10-05T14:01:12.0762266Z ##[end-action id=__dtolnay_rust-toolchain.__run_6;outcome=success;conclusion=success;duration_ms=46]
windows	UNKNOWN STEP	2026-10-05T14:01:12.0764585Z ##[start-action display=Enable colors in Cargo output;id=__dtolnay_rust-toolchain.__run_7]
windows	UNKNOWN STEP	2026-10-05T14:01:12.0860640Z ##[group]Run if [ -z "${CARGO_TERM_COLOR+set}" ]; then
windows	UNKNOWN STEP	2026-10-05T14:01:12.0860933Z ^[[36;1mif [ -z "${CARGO_TERM_COLOR+set}" ]; then^[[0m
windows	UNKNOWN STEP	2026-10-05T14:01:12.0861188Z ^[[36;1m  echo CARGO_TERM_COLOR=always >> $GITHUB_ENV^[[0m
windows	UNKNOWN STEP	2026-10-05T14:01:12.0861399Z ^[[36;1mfi^[[0m
windows	UNKNOWN STEP	2026-10-05T14:01:12.0871398Z shell: C:\Program Files\Git\bin\bash.EXE --noprofile --norc -e -o pipefail {0}
windows	UNKNOWN STEP	2026-10-05T14:01:12.0871699Z env:
windows	UNKNOWN STEP	2026-10-05T14:01:12.0871855Z   CARGO_HOME: C:\Users\runneradmin\.cargo
windows	UNKNOWN STEP	2026-10-05T14:01:12.0872060Z   CARGO_INCREMENTAL: 0
windows	UNKNOWN STEP	2026-10-05T14:01:12.0872222Z ##[endgroup]
windows	UNKNOWN STEP	2026-10-05T14:01:12.1192493Z ##[end-action id=__dtolnay_rust-toolchain.__run_7;outcome=success;conclusion=success;duration_ms=42]
windows	UNKNOWN STEP	2026-10-05T14:01:12.1194588Z ##[start-action display=Enable Cargo sparse registry;id=__dtolnay_rust-toolchain.__run_8]
windows	UNKNOWN STEP	2026-10-05T14:01:12.1297307Z ##[group]Run # implemented in 1.66, stabilized in 1.68, made default in 1.70
windows	UNKNOWN STEP	2026-10-05T14:01:12.1297717Z ^[[36;1m# implemented in 1.66, stabilized in 1.68, made default in 1.70^[[0m
windows	UNKNOWN STEP	2026-10-05T14:01:12.1298212Z ^[[36;1mif [ -z "${CARGO_REGISTRIES_CRATES_IO_PROTOCOL+set}" -o -f "D:\a\_temp"/.implicit_cargo_registries_crates_io_protocol ]; then^[[0m
windows	UNKNOWN STEP	2026-10-05T14:01:12.1299058Z ^[[36;1m  if rustc +1.99.0 --version --verbose | grep -q '^release: 1\.6[89]\.'; then^[[0m
windows	UNKNOWN STEP	2026-10-05T14:01:12.1299444Z ^[[36;1m    touch "D:\a\_temp"/.implicit_cargo_registries_crates_io_protocol || true^[[0m
windows	UNKNOWN STEP	2026-10-05T14:01:12.1299955Z ^[[36;1m    echo CARGO_REGISTRIES_CRATES_IO_PROTOCOL=sparse >> $GITHUB_ENV^[[0m
windows	UNKNOWN STEP	2026-10-05T14:01:12.1300313Z ^[[36;1m  elif rustc +1.99.0 --version --verbose | grep -q '^release: 1\.6[67]\.'; then^[[0m
windows	UNKNOWN STEP	2026-10-05T14:01:12.1300681Z ^[[36;1m    touch "D:\a\_temp"/.implicit_cargo_registries_crates_io_protocol || true^[[0m
windows	UNKNOWN STEP	2026-10-05T14:01:12.1301675Z ^[[36;1m    echo CARGO_REGISTRIES_CRATES_IO_PROTOCOL=git >> $GITHUB_ENV^[[0m
windows	UNKNOWN STEP	2026-10-05T14:01:12.1301925Z ^[[36;1m  fi^[[0m
windows	UNKNOWN STEP	2026-10-05T14:01:12.1302068Z ^[[36;1mfi^[[0m
windows	UNKNOWN STEP	2026-10-05T14:01:12.1311223Z shell: C:\Program Files\Git\bin\bash.EXE --noprofile --norc -e -o pipefail {0}
windows	UNKNOWN STEP	2026-10-05T14:01:12.1311521Z env:
windows	UNKNOWN STEP	2026-10-05T14:01:12.1311676Z   CARGO_HOME: C:\Users\runneradmin\.cargo
windows	UNKNOWN STEP	2026-10-05T14:01:12.1311879Z   CARGO_INCREMENTAL: 0
windows	UNKNOWN STEP	2026-10-05T14:01:12.1312040Z   CARGO_TERM_COLOR: always
windows	UNKNOWN STEP	2026-10-05T14:01:12.1312210Z ##[endgroup]
windows	UNKNOWN STEP	2026-10-05T14:01:12.3468212Z ##[end-action id=__dtolnay_rust-toolchain.__run_8;outcome=success;conclusion=success;duration_ms=227]
windows	UNKNOWN STEP	2026-10-05T14:01:12.3470566Z ##[start-action display=Work around spurious network errors in curl 8.0;id=__dtolnay_rust-toolchain.__run_9]
windows	UNKNOWN STEP	2026-10-05T14:01:12.3588132Z ##[group]Run # https://rust-lang.zulipchat.com/#narrow/stream/246057-t-cargo/topic/timeout.20investigation
windows	UNKNOWN STEP	2026-10-05T14:01:12.3588698Z ^[[36;1m# https://rust-lang.zulipchat.com/#narrow/stream/246057-t-cargo/topic/timeout.20investigation^[[0m
windows	UNKNOWN STEP	2026-10-05T14:01:12.3589139Z ^[[36;1mif rustc +1.99.0 --version --verbose | grep -q '^release: 1\.7[01]\.'; then^[[0m
windows	UNKNOWN STEP	2026-10-05T14:01:12.3589467Z ^[[36;1m  echo CARGO_HTTP_MULTIPLEXING=false >> $GITHUB_ENV^[[0m
windows	UNKNOWN STEP	2026-10-05T14:01:12.3589691Z ^[[36;1mfi^[[0m
windows	UNKNOWN STEP	2026-10-05T14:01:12.3599493Z shell: C:\Program Files\Git\bin\bash.EXE --noprofile --norc -e -o pipefail {0}
windows	UNKNOWN STEP	2026-10-05T14:01:12.3599798Z env:
windows	UNKNOWN STEP	2026-10-05T14:01:12.3599954Z   CARGO_HOME: C:\Users\runneradmin\.cargo
windows	UNKNOWN STEP	2026-10-05T14:01:12.3600174Z   CARGO_INCREMENTAL: 0
windows	UNKNOWN STEP	2026-10-05T14:01:12.3600338Z   CARGO_TERM_COLOR: always
windows	UNKNOWN STEP	2026-10-05T14:01:12.3600503Z ##[endgroup]
windows	UNKNOWN STEP	2026-10-05T14:01:12.4412234Z ##[end-action id=__dtolnay_rust-toolchain.__run_9;outcome=success;conclusion=success;duration_ms=94]
windows	UNKNOWN STEP	2026-10-05T14:01:12.4415859Z ##[start-action display=rustc +1.99.0 --version --verbose;id=__dtolnay_rust-toolchain.__run_10]
windows	UNKNOWN STEP	2026-10-05T14:01:12.4523211Z ##[group]Run rustc +1.99.0 --version --verbose
windows	UNKNOWN STEP	2026-10-05T14:01:12.4523477Z ^[[36;1mrustc +1.99.0 --version --verbose^[[0m
windows	UNKNOWN STEP	2026-10-05T14:01:12.4535047Z shell: C:\Program Files\Git\bin\bash.EXE --noprofile --norc -e -o pipefail {0}
windows	UNKNOWN STEP	2026-10-05T14:01:12.4535352Z env:
windows	UNKNOWN STEP	2026-10-05T14:01:12.4535509Z   CARGO_HOME: C:\Users\runneradmin\.cargo
windows	UNKNOWN STEP	2026-10-05T14:01:12.4535712Z   CARGO_INCREMENTAL: 0
windows	UNKNOWN STEP	2026-10-05T14:01:12.4535871Z   CARGO_TERM_COLOR: always
windows	UNKNOWN STEP	2026-10-05T14:01:12.4536034Z ##[endgroup]
windows	UNKNOWN STEP	2026-10-05T14:01:12.5230220Z rustc 1.99.0 (b940084d7 2026-09-28)
windows	UNKNOWN STEP	2026-10-05T14:01:12.5230637Z binary: rustc
windows	UNKNOWN STEP	2026-10-05T14:01:12.5230949Z commit-hash: b940084d7eb6a299eb4bfeb8e34901bc051e7ac4
windows	UNKNOWN STEP	2026-10-05T14:01:12.5231320Z commit-date: 2026-09-28
windows	UNKNOWN STEP	2026-10-05T14:01:12.5231566Z host: x86_64-pc-windows-msvc
windows	UNKNOWN STEP	2026-10-05T14:01:12.5231833Z release: 1.99.0
windows	UNKNOWN STEP	2026-10-05T14:01:12.5232063Z LLVM version: 23.1.1
windows	UNKNOWN STEP	2026-10-05T14:01:12.5332482Z ##[end-action id=__dtolnay_rust-toolchain.__run_10;outcome=success;conclusion=success;duration_ms=91]
windows	UNKNOWN STEP	2026-10-05T14:01:12.5491768Z ##[group]Run ilammy/msvc-dev-cmd@v1
windows	UNKNOWN STEP	2026-10-05T14:01:12.5492024Z with:
windows	UNKNOWN STEP	2026-10-05T14:01:12.5492168Z   arch: x64
windows	UNKNOWN STEP	2026-10-05T14:01:12.5492304Z env:
windows	UNKNOWN STEP	2026-10-05T14:01:12.5492449Z   CARGO_HOME: C:\Users\runneradmin\.cargo
windows	UNKNOWN STEP	2026-10-05T14:01:12.5492655Z   CARGO_INCREMENTAL: 0
windows	UNKNOWN STEP	2026-10-05T14:01:12.5492820Z   CARGO_TERM_COLOR: always
windows	UNKNOWN STEP	2026-10-05T14:01:12.5492981Z ##[endgroup]
windows	UNKNOWN STEP	2026-10-05T14:01:13.1538263Z Found with vswhere: C:\Program Files\Microsoft Visual Studio\18\Enterprise\VC\Auxiliary\Build\vcvarsall.bat
windows	UNKNOWN STEP	2026-10-05T14:01:21.0765994Z ##[group]Environment variables
windows	UNKNOWN STEP	2026-10-05T14:01:21.0766370Z Setting CommandPromptType
windows	UNKNOWN STEP	2026-10-05T14:01:21.0773900Z Setting DevEnvDir
windows	UNKNOWN STEP	2026-10-05T14:01:21.0776758Z Setting ExtensionSdkDir
windows	UNKNOWN STEP	2026-10-05T14:01:21.0779062Z Setting EXTERNAL_INCLUDE
windows	UNKNOWN STEP	2026-10-05T14:01:21.0783167Z Setting Framework40Version
windows	UNKNOWN STEP	2026-10-05T14:01:21.0785369Z Setting FrameworkDir
windows	UNKNOWN STEP	2026-10-05T14:01:21.0787608Z Setting FrameworkDir64
windows	UNKNOWN STEP	2026-10-05T14:01:21.0790087Z Setting FrameworkVersion
windows	UNKNOWN STEP	2026-10-05T14:01:21.0792231Z Setting FrameworkVersion64
windows	UNKNOWN STEP	2026-10-05T14:01:21.0795016Z Setting FSHARPINSTALLDIR
windows	UNKNOWN STEP	2026-10-05T14:01:21.0798042Z Setting HTMLHelpDir
windows	UNKNOWN STEP	2026-10-05T14:01:21.0800286Z Setting INCLUDE
windows	UNKNOWN STEP	2026-10-05T14:01:21.0803833Z Setting LIB
windows	UNKNOWN STEP	2026-10-05T14:01:21.0806443Z Setting LIBPATH
windows	UNKNOWN STEP	2026-10-05T14:01:21.0808898Z Setting llvmArm64
windows	UNKNOWN STEP	2026-10-05T14:01:21.0811153Z Setting llvmX64
windows	UNKNOWN STEP	2026-10-05T14:01:21.0813413Z Setting NETFXSDKDir
windows	UNKNOWN STEP	2026-10-05T14:01:21.0815894Z Setting Path
windows	UNKNOWN STEP	2026-10-05T14:01:21.0819378Z Setting Platform
windows	UNKNOWN STEP	2026-10-05T14:01:21.0821316Z Setting UCRTVersion
windows	UNKNOWN STEP	2026-10-05T14:01:21.0823590Z Setting UniversalCRTSdkDir
windows	UNKNOWN STEP	2026-10-05T14:01:21.0826107Z Setting use_x64_llvm
windows	UNKNOWN STEP	2026-10-05T14:01:21.0827939Z Setting VCIDEInstallDir
windows	UNKNOWN STEP	2026-10-05T14:01:21.0829660Z Setting VCINSTALLDIR
windows	UNKNOWN STEP	2026-10-05T14:01:21.0831784Z Setting VCPKG_ROOT
windows	UNKNOWN STEP	2026-10-05T14:01:21.0833617Z Setting VCToolsInstallDir
windows	UNKNOWN STEP	2026-10-05T14:01:21.0835423Z Setting VCToolsRedistDir
windows	UNKNOWN STEP	2026-10-05T14:01:21.0837278Z Setting VCToolsVersion
windows	UNKNOWN STEP	2026-10-05T14:01:21.0839057Z Setting VisualStudioVersion
windows	UNKNOWN STEP	2026-10-05T14:01:21.0840812Z Setting VS180COMNTOOLS
windows	UNKNOWN STEP	2026-10-05T14:01:21.0842817Z Setting VSCMD_ARG_app_plat
windows	UNKNOWN STEP	2026-10-05T14:01:21.0844698Z Setting VSCMD_ARG_HOST_ARCH
windows	UNKNOWN STEP	2026-10-05T14:01:21.0846500Z Setting VSCMD_ARG_TGT_ARCH
windows	UNKNOWN STEP	2026-10-05T14:01:21.0848474Z Setting VSCMD_VER
windows	UNKNOWN STEP	2026-10-05T14:01:21.0850227Z Setting VSINSTALLDIR
windows	UNKNOWN STEP	2026-10-05T14:01:21.0852096Z Setting VSSDK150INSTALL
windows	UNKNOWN STEP	2026-10-05T14:01:21.0854299Z Setting VSSDKINSTALL
windows	UNKNOWN STEP	2026-10-05T14:01:21.0856256Z Setting WindowsLibPath
windows	UNKNOWN STEP	2026-10-05T14:01:21.0858258Z Setting WindowsSdkBinPath
windows	UNKNOWN STEP	2026-10-05T14:01:21.0860087Z Setting WindowsSdkDir
windows	UNKNOWN STEP	2026-10-05T14:01:21.0862125Z Setting WindowsSDKLibVersion
windows	UNKNOWN STEP	2026-10-05T14:01:21.0864030Z Setting WindowsSdkVerBinPath
windows	UNKNOWN STEP	2026-10-05T14:01:21.0865804Z Setting WindowsSDKVersion
windows	UNKNOWN STEP	2026-10-05T14:01:21.0867687Z Setting WindowsSDK_ExecutablePath_x64
windows	UNKNOWN STEP	2026-10-05T14:01:21.0869428Z Setting WindowsSDK_ExecutablePath_x86
windows	UNKNOWN STEP	2026-10-05T14:01:21.0871303Z Setting __DOTNET_ADD_64BIT
windows	UNKNOWN STEP	2026-10-05T14:01:21.0873179Z Setting __DOTNET_PREFERRED_BITNESS
windows	UNKNOWN STEP	2026-10-05T14:01:21.0874956Z Setting __VSCMD_PREINIT_PATH
windows	UNKNOWN STEP	2026-10-05T14:01:21.0877596Z ##[endgroup]
windows	UNKNOWN STEP	2026-10-05T14:01:21.0877823Z Configured Developer Command Prompt
windows	UNKNOWN STEP	2026-10-05T14:01:21.1125628Z ##[group]Run Swatinem/rust-cache@v2
windows	UNKNOWN STEP	2026-10-05T14:01:21.1125974Z with:
windows	UNKNOWN STEP	2026-10-05T14:01:21.1126123Z   prefix-key: v0-rust
windows	UNKNOWN STEP	2026-10-05T14:01:21.1126290Z   add-job-id-key: true
windows	UNKNOWN STEP	2026-10-05T14:01:21.1126464Z   add-rust-environment-hash-key: true
windows	UNKNOWN STEP	2026-10-05T14:01:21.1126668Z   cache-targets: true
windows	UNKNOWN STEP	2026-10-05T14:01:21.1126831Z   cache-all-crates: false
windows	UNKNOWN STEP	2026-10-05T14:01:21.1127012Z   cache-workspace-crates: false
windows	UNKNOWN STEP	2026-10-05T14:01:21.1127190Z   save-if: true
windows	UNKNOWN STEP	2026-10-05T14:01:21.1127344Z   cache-provider: github
windows	UNKNOWN STEP	2026-10-05T14:01:21.1127507Z   cache-bin: true
windows	UNKNOWN STEP	2026-10-05T14:01:21.1127653Z   lookup-only: false
windows	UNKNOWN STEP	2026-10-05T14:01:21.1127803Z   cmd-format: {0}
windows	UNKNOWN STEP	2026-10-05T14:01:21.1127938Z env:
windows	UNKNOWN STEP	2026-10-05T14:01:21.1128179Z   CARGO_HOME: C:\Users\runneradmin\.cargo
windows	UNKNOWN STEP	2026-10-05T14:01:21.1128399Z   CARGO_INCREMENTAL: 0
windows	UNKNOWN STEP	2026-10-05T14:01:21.1128560Z   CARGO_TERM_COLOR: always
windows	UNKNOWN STEP	2026-10-05T14:01:21.1128736Z   CommandPromptType: Native
windows	UNKNOWN STEP	2026-10-05T14:01:21.1129046Z   DevEnvDir: C:\Program Files\Microsoft Visual Studio\18\Enterprise\Common7\IDE\
windows	UNKNOWN STEP	2026-10-05T14:01:21.1129465Z   ExtensionSdkDir: C:\Program Files (x86)\Microsoft SDKs\Windows Kits\10\ExtensionSDKs
windows	UNKNOWN STEP	2026-10-05T14:01:21.1131220Z   EXTERNAL_INCLUDE: C:\Program Files\Microsoft Visual Studio\18\Enterprise\VC\Tools\MSVC\14.51.36231\include;C:\Program Files\Microsoft Visual Studio\18\Enterprise\VC\Tools\MSVC\14.51.36231\ATLMFC\include;C:\Program Files\Microsoft Visual Studio\18\Enterprise\VC\Auxiliary\VS\include;C:\Program Files (x86)\Windows Kits\10\include\10.0.26100.0\ucrt;C:\Program Files (x86)\Windows Kits\10\\include\10.0.26100.0\\um;C:\Program Files (x86)\Windows Kits\10\\include\10.0.26100.0\\shared;C:\Program Files (x86)\Windows Kits\10\\include\10.0.26100.0\\winrt;C:\Program Files (x86)\Windows Kits\10\\include\10.0.26100.0\\cppwinrt;C:\Program Files (x86)\Windows Kits\NETFXSDK\4.8.1\include\um
windows	UNKNOWN STEP	2026-10-05T14:01:21.1133028Z   Framework40Version: v4.0
windows	UNKNOWN STEP	2026-10-05T14:01:21.1133237Z   FrameworkDir: C:\Windows\Microsoft.NET\Framework64\
windows	UNKNOWN STEP	2026-10-05T14:01:21.1133503Z   FrameworkDir64: C:\Windows\Microsoft.NET\Framework64\
windows	UNKNOWN STEP	2026-10-05T14:01:21.1133737Z   FrameworkVersion: v4.0.30319
windows	UNKNOWN STEP	2026-10-05T14:01:21.1133918Z   FrameworkVersion64: v4.0.30319
windows	UNKNOWN STEP	2026-10-05T14:01:21.1134331Z   FSHARPINSTALLDIR: C:\Program Files\Microsoft Visual Studio\18\Enterprise\Common7\IDE\CommonExtensions\Microsoft\FSharp\Tools
windows	UNKNOWN STEP	2026-10-05T14:01:21.1134774Z   HTMLHelpDir: C:\Program Files (x86)\HTML Help Workshop
windows	UNKNOWN STEP	2026-10-05T14:01:21.1136397Z   INCLUDE: C:\Program Files\Microsoft Visual Studio\18\Enterprise\VC\Tools\MSVC\14.51.36231\include;C:\Program Files\Microsoft Visual Studio\18\Enterprise\VC\Tools\MSVC\14.51.36231\ATLMFC\include;C:\Program Files\Microsoft Visual Studio\18\Enterprise\VC\Auxiliary\VS\include;C:\Program Files (x86)\Windows Kits\10\include\10.0.26100.0\ucrt;C:\Program Files (x86)\Windows Kits\10\\include\10.0.26100.0\\um;C:\Program Files (x86)\Windows Kits\10\\include\10.0.26100.0\\shared;C:\Program Files (x86)\Windows Kits\10\\include\10.0.26100.0\\winrt;C:\Program Files (x86)\Windows Kits\10\\include\10.0.26100.0\\cppwinrt;C:\Program Files (x86)\Windows Kits\NETFXSDK\4.8.1\include\um
windows	UNKNOWN STEP	2026-10-05T14:01:21.1138845Z   LIB: C:\Program Files\Microsoft Visual Studio\18\Enterprise\VC\Tools\MSVC\14.51.36231\ATLMFC\lib\x64;C:\Program Files\Microsoft Visual Studio\18\Enterprise\VC\Tools\MSVC\14.51.36231\lib\x64;C:\Program Files (x86)\Windows Kits\NETFXSDK\4.8.1\lib\um\x64;C:\Program Files (x86)\Windows Kits\10\lib\10.0.26100.0\ucrt\x64;C:\Program Files (x86)\Windows Kits\10\\lib\10.0.26100.0\\um\x64
windows	UNKNOWN STEP	2026-10-05T14:01:21.1142115Z   LIBPATH: C:\Program Files\Microsoft Visual Studio\18\Enterprise\VC\Tools\MSVC\14.51.36231\ATLMFC\lib\x64;C:\Program Files\Microsoft Visual Studio\18\Enterprise\VC\Tools\MSVC\14.51.36231\lib\x64;C:\Program Files\Microsoft Visual Studio\18\Enterprise\VC\Tools\MSVC\14.51.36231\lib\x86\store\references;C:\Program Files (x86)\Windows Kits\10\UnionMetadata\10.0.26100.0;C:\Program Files (x86)\Windows Kits\10\References\10.0.26100.0;C:\Windows\Microsoft.NET\Framework64\v4.0.30319
windows	UNKNOWN STEP	2026-10-05T14:01:21.1143483Z   llvmArm64: C:\Program Files\Microsoft Visual Studio\18\Enterprise\VC\Tools\Llvm\ARM64\bin
windows	UNKNOWN STEP	2026-10-05T14:01:21.1143901Z   llvmX64: C:\Program Files\Microsoft Visual Studio\18\Enterprise\VC\Tools\Llvm\x64\bin
windows	UNKNOWN STEP	2026-10-05T14:01:21.1144269Z   NETFXSDKDir: C:\Program Files (x86)\Windows Kits\NETFXSDK\4.8.1\
windows	UNKNOWN STEP	2026-10-05T14:01:21.1155317Z   Path: C:\Program Files\Microsoft Visual Studio\18\Enterprise\VC\Tools\MSVC\14.51.36231\bin\HostX64\x64;C:\Program Files\Microsoft Visual Studio\18\Enterprise\Common7\IDE\VC\VCPackages;C:\Program Files\Microsoft Visual Studio\18\Enterprise\Common7\IDE\CommonExtensions\Microsoft\TestWindow;C:\Program Files\Microsoft Visual Studio\18\Enterprise\Common7\IDE\CommonExtensions\Microsoft\TeamFoundation\Team Explorer;C:\Program Files\Microsoft Visual Studio\18\Enterprise\MSBuild\Current\bin\Roslyn;C:\Program Files (x86)\Microsoft SDKs\Windows\v10.0A\bin\NETFX 4.8.1 Tools\x64\;C:\Program Files (x86)\HTML Help Workshop;C:\Program Files\Microsoft Visual Studio\18\Enterprise\Common7\IDE\CommonExtensions\Microsoft\FSharp\Tools;C:\Program Files\Microsoft Visual Studio\18\Enterprise\Team Tools\DiagnosticsHub\Collector;C:\Program Files\Microsoft Visual Studio\18\Enterprise\Common7\IDE\Extensions\Microsoft\CodeCoverage.Console;C:\Program Files (x86)\Windows Kits\10\bin\10.0.26100.0\\x64;C:\Program Files (x86)\Windows Kits\10\bin\\x64;C:\Program Files\Microsoft Visual Studio\18\Enterprise\\MSBuild\Current\Bin\amd64;C:\Windows\Microsoft.NET\Framework64\v4.0.30319;C:\Program Files\Microsoft Visual Studio\18\Enterprise\Common7\IDE\;C:\Program Files\Microsoft Visual Studio\18\Enterprise\Common7\Tools\;C:\Program Files\MongoDB\Server\7.0\bin;C:\vcpkg;C:\tools\zstd;C:\hostedtoolcache\windows\stack\3.11.1\x64;C:\cabal\bin;C:\\ghcup\bin;C:\mingw64\bin;C:\Program Files\dotnet;C:\Program Files\MySQL\MySQL Server 8.0\bin;C:\Program Files\R\R-4.6.1\bin\x64;C:\SeleniumWebDrivers\GeckoDriver;C:\SeleniumWebDrivers\EdgeDriver\;C:\SeleniumWebDrivers\ChromeDriver;C:\Program Files (x86)\sbt\bin;C:\Program Files (x86)\GitHub CLI;C:\Program Files\Git\bin;C:\Program Files (x86)\pipx_bin;C:\npm\prefix;C:\hostedtoolcache\windows\go\1.24.13\x64\bin;C:\hostedtoolcache\windows\Python\3.12.10\x64\Scripts;C:\hostedtoolcache\windows\Python\3.12.10\x64;C:\hostedtoolcache\windows\Ruby\3.3.12\x64\bin;C:\Program Files\OpenSSL\bin;C:\tools\kotlinc\bin;C:\hostedtoolcache\windows\Java_Temurin-Hotspot_jdk\17.0.20-101\x64\bin;C:\Program Files\ImageMagick-7.1.2-Q16-HDRI;C:\Program Files\Microsoft SDKs\Azure\CLI2\wbin;C:\ProgramData\kind;C:\ProgramData\Chocolatey\bin;C:\Windows\system32;C:\Windows;C:\Windows\System32\Wbem;C:\Windows\System32\WindowsPowerShell\v1.0\;C:\Windows\System32\OpenSSH\;C:\Program Files\PowerShell\7\;C:\Program Files\Microsoft\Web Platform Installer\;C:\Program Files\Microsoft SQL Server\170\Tools\Binn\;C:\Program Files\Microsoft SQL Server\Client SDK\ODBC\170\Tools\Binn\;C:\Program Files\dotnet\;C:\Program Files (x86)\Windows Kits\10\Windows Performance Toolkit\;C:\Program Files (x86)\WiX Toolset v3.14\bin;C:\Program Files\Microsoft SQL Server\130\DTS\Binn\;C:\Program Files\Microsoft SQL Server\140\DTS\Binn\;C:\Program Files\Microsoft SQL Server\150\DTS\Binn\;C:\Program Files\Microsoft SQL Server\160\DTS\Binn\;C:\Program Files\Microsoft SQL Server\170\DTS\Binn\;C:\ProgramData\chocolatey\lib\pulumi\tools\Pulumi\bin;C:\Program Files\CMake\bin;C:\Strawberry\c\bin;C:\Strawberry\perl\site\bin;C:\Strawberry\perl\bin;C:\ProgramData\chocolatey\lib\maven\apache-maven-3.9.16\bin;C:\Program Files\Microsoft Service Fabric\bin\Fabric\Fabric.Code;C:\Program Files\Microsoft SDKs\Service Fabric\Tools\ServiceFabricLocalClusterManager;C:\Program Files\nodejs\;C:\Program Files\Git\cmd;C:\Program Files\Git\mingw64\bin;C:\Program Files\Git\usr\bin;C:\Program Files\GitHub CLI\;c:\tools\php;C:\Program Files\Amazon\AWSCLIV2\;C:\Program Files\Amazon\SessionManagerPlugin\bin\;C:\Program Files\Amazon\AWSSAMCLI\bin\;C:\Program Files\Microsoft SQL Server\130\Tools\Binn\;C:\Program Files\mongosh\;C:\Program Files\LLVM\bin;C:\Program Files (x86)\LLVM\bin;C:\Users\runneradmin\.dotnet\tools;C:\Users\runneradmin\.cargo\bin;C:\Users\runneradmin\AppData\Local\Microsoft\WindowsApps;C:\Program Files (x86)\Microsoft Visual Studio\Installer;C:\Program Files\Microsoft Visual Studio\18\Enterprise\VC\Tools\Llvm\x64\bin;C:\Program Files\Microsoft Visual Studio\18\Enterprise\Common7\IDE\CommonExtensions\Microsoft\CMake\CMake\bin;C:\Program Files\Microsoft Visual Studio\18\Enterprise\Common7\IDE\CommonExtensions\Microsoft\CMake\Ninja;C:\Program Files\Microsoft Visual Studio\18\Enterprise\Common7\IDE\VC\Linux\bin\ConnectionManagerExe;C:\Program Files\Microsoft Visual Studio\18\Enterprise\VC\vcpkg
windows	UNKNOWN STEP	2026-10-05T14:01:21.1166513Z   Platform: x64
windows	UNKNOWN STEP	2026-10-05T14:01:21.1166676Z   UCRTVersion: 10.0.26100.0
windows	UNKNOWN STEP	2026-10-05T14:01:21.1166907Z   UniversalCRTSdkDir: C:\Program Files (x86)\Windows Kits\10\
windows	UNKNOWN STEP	2026-10-05T14:01:21.1167160Z   use_x64_llvm: true
windows	UNKNOWN STEP	2026-10-05T14:01:21.1167439Z   VCIDEInstallDir: C:\Program Files\Microsoft Visual Studio\18\Enterprise\Common7\IDE\VC\
windows	UNKNOWN STEP	2026-10-05T14:01:21.1167832Z   VCINSTALLDIR: C:\Program Files\Microsoft Visual Studio\18\Enterprise\VC\
windows	UNKNOWN STEP	2026-10-05T14:01:21.1168186Z   VCPKG_ROOT: C:\Program Files\Microsoft Visual Studio\18\Enterprise\VC\vcpkg
windows	UNKNOWN STEP	2026-10-05T14:01:21.1168628Z   VCToolsInstallDir: C:\Program Files\Microsoft Visual Studio\18\Enterprise\VC\Tools\MSVC\14.51.36231\
windows	UNKNOWN STEP	2026-10-05T14:01:21.1169113Z   VCToolsRedistDir: C:\Program Files\Microsoft Visual Studio\18\Enterprise\VC\Redist\MSVC\14.51.36231\
windows	UNKNOWN STEP	2026-10-05T14:01:21.1169449Z   VCToolsVersion: 14.51.36231
windows	UNKNOWN STEP	2026-10-05T14:01:21.1169623Z   VisualStudioVersion: 18.0
windows	UNKNOWN STEP	2026-10-05T14:01:21.1169894Z   VS180COMNTOOLS: C:\Program Files\Microsoft Visual Studio\18\Enterprise\Common7\Tools\
windows	UNKNOWN STEP	2026-10-05T14:01:21.1170198Z   VSCMD_ARG_app_plat: Desktop
windows	UNKNOWN STEP	2026-10-05T14:01:21.1170787Z   VSCMD_ARG_HOST_ARCH: x64
windows	UNKNOWN STEP	2026-10-05T14:01:21.1170952Z   VSCMD_ARG_TGT_ARCH: x64
windows	UNKNOWN STEP	2026-10-05T14:01:21.1171110Z   VSCMD_VER: 18.10.2
windows	UNKNOWN STEP	2026-10-05T14:01:21.1171338Z   VSINSTALLDIR: C:\Program Files\Microsoft Visual Studio\18\Enterprise\
windows	UNKNOWN STEP	2026-10-05T14:01:21.1171695Z   VSSDK150INSTALL: C:\Program Files\Microsoft Visual Studio\18\Enterprise\VSSDK
windows	UNKNOWN STEP	2026-10-05T14:01:21.1172061Z   VSSDKINSTALL: C:\Program Files\Microsoft Visual Studio\18\Enterprise\VSSDK
windows	UNKNOWN STEP	2026-10-05T14:01:21.1172570Z   WindowsLibPath: C:\Program Files (x86)\Windows Kits\10\UnionMetadata\10.0.26100.0;C:\Program Files (x86)\Windows Kits\10\References\10.0.26100.0
windows	UNKNOWN STEP	2026-10-05T14:01:21.1173048Z   WindowsSdkBinPath: C:\Program Files (x86)\Windows Kits\10\bin\
windows	UNKNOWN STEP	2026-10-05T14:01:21.1173334Z   WindowsSdkDir: C:\Program Files (x86)\Windows Kits\10\
windows	UNKNOWN STEP	2026-10-05T14:01:21.1173570Z   WindowsSDKLibVersion: 10.0.26100.0\
windows	UNKNOWN STEP	2026-10-05T14:01:21.1173846Z   WindowsSdkVerBinPath: C:\Program Files (x86)\Windows Kits\10\bin\10.0.26100.0\
windows	UNKNOWN STEP	2026-10-05T14:01:21.1174147Z   WindowsSDKVersion: 10.0.26100.0\
windows	UNKNOWN STEP	2026-10-05T14:01:21.1174496Z   WindowsSDK_ExecutablePath_x64: C:\Program Files (x86)\Microsoft SDKs\Windows\v10.0A\bin\NETFX 4.8.1 Tools\x64\
windows	UNKNOWN STEP	2026-10-05T14:01:21.1174999Z   WindowsSDK_ExecutablePath_x86: C:\Program Files (x86)\Microsoft SDKs\Windows\v10.0A\bin\NETFX 4.8.1 Tools\
windows	UNKNOWN STEP	2026-10-05T14:01:21.1175334Z   __DOTNET_ADD_64BIT: 1
windows	UNKNOWN STEP	2026-10-05T14:01:21.1175498Z   __DOTNET_PREFERRED_BITNESS: 64
windows	UNKNOWN STEP	2026-10-05T14:01:21.1182324Z   __VSCMD_PREINIT_PATH: C:\Program Files\MongoDB\Server\7.0\bin;C:\vcpkg;C:\tools\zstd;C:\hostedtoolcache\windows\stack\3.11.1\x64;C:\cabal\bin;C:\\ghcup\bin;C:\mingw64\bin;C:\Program Files\dotnet;C:\Program Files\MySQL\MySQL Server 8.0\bin;C:\Program Files\R\R-4.6.1\bin\x64;C:\SeleniumWebDrivers\GeckoDriver;C:\SeleniumWebDrivers\EdgeDriver\;C:\SeleniumWebDrivers\ChromeDriver;C:\Program Files (x86)\sbt\bin;C:\Program Files (x86)\GitHub CLI;C:\Program Files\Git\bin;C:\Program Files (x86)\pipx_bin;C:\npm\prefix;C:\hostedtoolcache\windows\go\1.24.13\x64\bin;C:\hostedtoolcache\windows\Python\3.12.10\x64\Scripts;C:\hostedtoolcache\windows\Python\3.12.10\x64;C:\hostedtoolcache\windows\Ruby\3.3.12\x64\bin;C:\Program Files\OpenSSL\bin;C:\tools\kotlinc\bin;C:\hostedtoolcache\windows\Java_Temurin-Hotspot_jdk\17.0.20-101\x64\bin;C:\Program Files\ImageMagick-7.1.2-Q16-HDRI;C:\Program Files\Microsoft SDKs\Azure\CLI2\wbin;C:\ProgramData\kind;C:\ProgramData\Chocolatey\bin;C:\Windows\system32;C:\Windows;C:\Windows\System32\Wbem;C:\Windows\System32\WindowsPowerShell\v1.0\;C:\Windows\System32\OpenSSH\;C:\Program Files\PowerShell\7\;C:\Program Files\Microsoft\Web Platform Installer\;C:\Program Files\Microsoft SQL Server\170\Tools\Binn\;C:\Program Files\Microsoft SQL Server\Client SDK\ODBC\170\Tools\Binn\;C:\Program Files\dotnet\;C:\Program Files (x86)\Windows Kits\10\Windows Performance Toolkit\;C:\Program Files (x86)\WiX Toolset v3.14\bin;C:\Program Files\Microsoft SQL Server\130\DTS\Binn\;C:\Program Files\Microsoft SQL Server\140\DTS\Binn\;C:\Program Files\Microsoft SQL Server\150\DTS\Binn\;C:\Program Files\Microsoft SQL Server\160\DTS\Binn\;C:\Program Files\Microsoft SQL Server\170\DTS\Binn\;C:\ProgramData\chocolatey\lib\pulumi\tools\Pulumi\bin;C:\Program Files\CMake\bin;C:\Strawberry\c\bin;C:\Strawberry\perl\site\bin;C:\Strawberry\perl\bin;C:\ProgramData\chocolatey\lib\maven\apache-maven-3.9.16\bin;C:\Program Files\Microsoft Service Fabric\bin\Fabric\Fabric.Code;C:\Program Files\Microsoft SDKs\Service Fabric\Tools\ServiceFabricLocalClusterManager;C:\Program Files\nodejs\;C:\Program Files\Git\cmd;C:\Program Files\Git\mingw64\bin;C:\Program Files\Git\usr\bin;C:\Program Files\GitHub CLI\;c:\tools\php;C:\Program Files (x86)\sbt\bin;C:\Program Files\Amazon\AWSCLIV2\;C:\Program Files\Amazon\SessionManagerPlugin\bin\;C:\Program Files\Amazon\AWSSAMCLI\bin\;C:\Program Files\Microsoft SQL Server\130\Tools\Binn\;C:\Program Files\mongosh\;C:\Program Files\LLVM\bin;C:\Program Files (x86)\LLVM\bin;C:\Users\runneradmin\.dotnet\tools;C:\Users\runneradmin\.cargo\bin;C:\Users\runneradmin\AppData\Local\Microsoft\WindowsApps;C:\Program Files (x86)\Microsoft Visual Studio\Installer
windows	UNKNOWN STEP	2026-10-05T14:01:21.1189068Z ##[endgroup]
windows	UNKNOWN STEP	2026-10-05T14:01:28.2067382Z ##[group]Cache Configuration
windows	UNKNOWN STEP	2026-10-05T14:01:28.2067707Z Cache Provider:
windows	UNKNOWN STEP	2026-10-05T14:01:28.2067930Z     github
windows	UNKNOWN STEP	2026-10-05T14:01:28.2068136Z Workspaces:
windows	UNKNOWN STEP	2026-10-05T14:01:28.2068375Z     D:\a\PlaySparse\PlaySparse
windows	UNKNOWN STEP	2026-10-05T14:01:28.2068656Z Cache Paths:
windows	UNKNOWN STEP	2026-10-05T14:01:28.2068896Z     C:\Users\runneradmin\.cargo\bin
windows	UNKNOWN STEP	2026-10-05T14:01:28.2069230Z     C:\Users\runneradmin\.cargo\.crates.toml
windows	UNKNOWN STEP	2026-10-05T14:01:28.2069593Z     C:\Users\runneradmin\.cargo\.crates2.json
windows	UNKNOWN STEP	2026-10-05T14:01:28.2069942Z     C:\Users\runneradmin\.cargo\registry
windows	UNKNOWN STEP	2026-10-05T14:01:28.2070279Z     C:\Users\runneradmin\.cargo\git
windows	UNKNOWN STEP	2026-10-05T14:01:28.2070596Z     D:\a\PlaySparse\PlaySparse\target
windows	UNKNOWN STEP	2026-10-05T14:01:28.2070899Z Restore Key:
windows	UNKNOWN STEP	2026-10-05T14:01:28.2071169Z     v0-rust-windows-Windows_NT-x64-e86f9711
windows	UNKNOWN STEP	2026-10-05T14:01:28.2071504Z Cache Key:
windows	UNKNOWN STEP	2026-10-05T14:01:28.2071770Z     v0-rust-windows-Windows_NT-x64-e86f9711-c936a120
windows	UNKNOWN STEP	2026-10-05T14:01:28.2072132Z .. Prefix:
windows	UNKNOWN STEP	2026-10-05T14:01:28.2072379Z   - v0-rust-windows-Windows_NT-x64
windows	UNKNOWN STEP	2026-10-05T14:01:28.2072705Z .. Environment considered:
windows	UNKNOWN STEP	2026-10-05T14:01:28.2073531Z   - Rust Versions:
windows	UNKNOWN STEP	2026-10-05T14:01:28.2073897Z     - 1.98.1 x86_64-pc-windows-msvc 48a229ceaefd4985c50990b14116b6d856af0985
windows	UNKNOWN STEP	2026-10-05T14:01:28.2074454Z     - 1.99.0 x86_64-pc-windows-msvc b940084d7eb6a299eb4bfeb8e34901bc051e7ac4
windows	UNKNOWN STEP	2026-10-05T14:01:28.2074865Z   - CARGO_HOME
windows	UNKNOWN STEP	2026-10-05T14:01:28.2075086Z   - CARGO_INCREMENTAL
windows	UNKNOWN STEP	2026-10-05T14:01:28.2075324Z   - CARGO_TERM_COLOR
windows	UNKNOWN STEP	2026-10-05T14:01:28.2075568Z .. Lockfiles considered:
windows	UNKNOWN STEP	2026-10-05T14:01:28.2075862Z   - D:\a\PlaySparse\PlaySparse\Cargo.lock
windows	UNKNOWN STEP	2026-10-05T14:01:28.2076282Z   - D:\a\PlaySparse\PlaySparse\crates\playsparse-cache\Cargo.toml
windows	UNKNOWN STEP	2026-10-05T14:01:28.2076807Z   - D:\a\PlaySparse\PlaySparse\crates\playsparse-cli\Cargo.toml
windows	UNKNOWN STEP	2026-10-05T14:01:28.2077333Z   - D:\a\PlaySparse\PlaySparse\crates\playsparse-core\Cargo.toml
windows	UNKNOWN STEP	2026-10-05T14:01:28.2077839Z   - D:\a\PlaySparse\PlaySparse\crates\playsparse-game\Cargo.toml
windows	UNKNOWN STEP	2026-10-05T14:01:28.2078650Z   - D:\a\PlaySparse\PlaySparse\crates\playsparse-overlay\Cargo.toml
windows	UNKNOWN STEP	2026-10-05T14:01:28.2079202Z   - D:\a\PlaySparse\PlaySparse\crates\playsparse-policy\Cargo.toml
windows	UNKNOWN STEP	2026-10-05T14:01:28.2079711Z   - D:\a\PlaySparse\PlaySparse\crates\playsparse-range\Cargo.toml
windows	UNKNOWN STEP	2026-10-05T14:01:28.2080221Z   - D:\a\PlaySparse\PlaySparse\crates\playsparse-store\Cargo.toml
windows	UNKNOWN STEP	2026-10-05T14:01:28.2080742Z   - D:\a\PlaySparse\PlaySparse\crates\playsparse-trace\Cargo.toml
windows	UNKNOWN STEP	2026-10-05T14:01:28.2081260Z   - D:\a\PlaySparse\PlaySparse\crates\playsparse-vfs-fuse\Cargo.toml
windows	UNKNOWN STEP	2026-10-05T14:01:28.2081807Z   - D:\a\PlaySparse\PlaySparse\crates\playsparse-vfs-win\Cargo.toml
windows	UNKNOWN STEP	2026-10-05T14:01:28.2082294Z   - D:\a\PlaySparse\PlaySparse\rust-toolchain.toml
windows	UNKNOWN STEP	2026-10-05T14:01:28.2082719Z   - D:\a\PlaySparse\PlaySparse\tools\io-probe\Cargo.toml
windows	UNKNOWN STEP	2026-10-05T14:01:28.2083295Z ##[endgroup]
windows	UNKNOWN STEP	2026-10-05T14:01:28.2083433Z 
windows	UNKNOWN STEP	2026-10-05T14:01:28.2083530Z ... Restoring cache ...
windows	UNKNOWN STEP	2026-10-05T14:01:28.8397139Z Cache hit for: v0-rust-windows-Windows_NT-x64-e86f9711-c936a120
windows	UNKNOWN STEP	2026-10-05T14:01:30.0636695Z Received 75497472 of 403404468 (18.7%), 71.8 MBs/sec
windows	UNKNOWN STEP	2026-10-05T14:01:31.0685853Z Received 150994944 of 403404468 (37.4%), 71.7 MBs/sec
windows	UNKNOWN STEP	2026-10-05T14:01:32.2438167Z Received 268435456 of 403404468 (66.5%), 80.4 MBs/sec
windows	UNKNOWN STEP	2026-10-05T14:01:33.2564814Z Received 394264576 of 403404468 (97.7%), 89.6 MBs/sec
windows	UNKNOWN STEP	2026-10-05T14:01:34.0319338Z Received 403404468 of 403404468 (100.0%), 77.4 MBs/sec
windows	UNKNOWN STEP	2026-10-05T14:01:34.0321534Z Cache Size: ~385 MB (403404468 B)
windows	UNKNOWN STEP	2026-10-05T14:01:34.0350766Z [command]"C:\Program Files\Git\usr\bin\tar.exe" -xf D:/a/_temp/3eb0e08a-538c-4249-a184-a4976894fe7a/cache.tzst -P -C D:/a/PlaySparse/PlaySparse --force-local --use-compress-program "zstd -d"
windows	UNKNOWN STEP	2026-10-05T14:01:40.8495786Z Cache restored successfully
windows	UNKNOWN STEP	2026-10-05T14:01:40.8668668Z Restored from cache key "v0-rust-windows-Windows_NT-x64-e86f9711-c936a120" full match: true.
windows	UNKNOWN STEP	2026-10-05T14:01:40.8975648Z ##[group]Run $installer = Join-Path $env:RUNNER_TEMP 'winfsp-2.1.25156.msi'
windows	UNKNOWN STEP	2026-10-05T14:01:40.8976130Z ^[[36;1m$installer = Join-Path $env:RUNNER_TEMP 'winfsp-2.1.25156.msi'^[[0m
windows	UNKNOWN STEP	2026-10-05T14:01:40.8976483Z ^[[36;1m$installerLog = Join-Path $env:RUNNER_TEMP 'winfsp-install.log'^[[0m
windows	UNKNOWN STEP	2026-10-05T14:01:40.8977050Z ^[[36;1mInvoke-WebRequest 'https://github.com/winfsp/winfsp/releases/download/v2.1/winfsp-2.1.25156.msi' -OutFile $installer^[[0m
windows	UNKNOWN STEP	2026-10-05T14:01:40.8977599Z ^[[36;1m$expected = '073A70E00F77423E34BED98B86E600DEF93393BA5822204FAC57A29324DB9F7A'^[[0m
windows	UNKNOWN STEP	2026-10-05T14:01:40.8978115Z ^[[36;1mif ((Get-FileHash $installer -Algorithm SHA256).Hash -ne $expected) { throw 'WinFsp installer checksum mismatch' }^[[0m
windows	UNKNOWN STEP	2026-10-05T14:01:40.8978867Z ^[[36;1m$install = Start-Process msiexec.exe -ArgumentList "/i `"$installer`" /qn ADDLOCAL=F.Main,F.User,F.Developer /norestart /l*v `"$installerLog`"" -Wait -PassThru^[[0m
windows	UNKNOWN STEP	2026-10-05T14:01:40.8979444Z ^[[36;1mif ($install.ExitCode -notin 0,3010) {^[[0m
windows	UNKNOWN STEP	2026-10-05T14:01:40.8979694Z ^[[36;1m  Get-Content $installerLog -Tail 80^[[0m
windows	UNKNOWN STEP	2026-10-05T14:01:40.8979965Z ^[[36;1m  throw "WinFsp install failed: $($install.ExitCode)"^[[0m
windows	UNKNOWN STEP	2026-10-05T14:01:40.8980216Z ^[[36;1m}^[[0m
windows	UNKNOWN STEP	2026-10-05T14:01:40.8980519Z ^[[36;1m'C:\Program Files (x86)\WinFsp\bin' | Out-File -FilePath $env:GITHUB_PATH -Append -Encoding utf8^[[0m
windows	UNKNOWN STEP	2026-10-05T14:01:40.8981014Z ^[[36;1m'LIBCLANG_PATH=C:\Program Files\LLVM\bin' | Out-File -FilePath $env:GITHUB_ENV -Append -Encoding utf8^[[0m
windows	UNKNOWN STEP	2026-10-05T14:01:41.0312436Z shell: C:\Program Files\PowerShell\7\pwsh.EXE -command ". '{0}'"
windows	UNKNOWN STEP	2026-10-05T14:01:41.0312729Z env:
windows	UNKNOWN STEP	2026-10-05T14:01:41.0312911Z   CARGO_HOME: C:\Users\runneradmin\.cargo
windows	UNKNOWN STEP	2026-10-05T14:01:41.0313145Z   CARGO_INCREMENTAL: 0
windows	UNKNOWN STEP	2026-10-05T14:01:41.0313320Z   CARGO_TERM_COLOR: always
windows	UNKNOWN STEP	2026-10-05T14:01:41.0313509Z   CommandPromptType: Native
windows	UNKNOWN STEP	2026-10-05T14:01:41.0313798Z   DevEnvDir: C:\Program Files\Microsoft Visual Studio\18\Enterprise\Common7\IDE\
windows	UNKNOWN STEP	2026-10-05T14:01:41.0314425Z   ExtensionSdkDir: C:\Program Files (x86)\Microsoft SDKs\Windows Kits\10\ExtensionSDKs
windows	UNKNOWN STEP	2026-10-05T14:01:41.0316176Z   EXTERNAL_INCLUDE: C:\Program Files\Microsoft Visual Studio\18\Enterprise\VC\Tools\MSVC\14.51.36231\include;C:\Program Files\Microsoft Visual Studio\18\Enterprise\VC\Tools\MSVC\14.51.36231\ATLMFC\include;C:\Program Files\Microsoft Visual Studio\18\Enterprise\VC\Auxiliary\VS\include;C:\Program Files (x86)\Windows Kits\10\include\10.0.26100.0\ucrt;C:\Program Files (x86)\Windows Kits\10\\include\10.0.26100.0\\um;C:\Program Files (x86)\Windows Kits\10\\include\10.0.26100.0\\shared;C:\Program Files (x86)\Windows Kits\10\\include\10.0.26100.0\\winrt;C:\Program Files (x86)\Windows Kits\10\\include\10.0.26100.0\\cppwinrt;C:\Program Files (x86)\Windows Kits\NETFXSDK\4.8.1\include\um
windows	UNKNOWN STEP	2026-10-05T14:01:41.0317869Z   Framework40Version: v4.0
windows	UNKNOWN STEP	2026-10-05T14:01:41.0318100Z   FrameworkDir: C:\Windows\Microsoft.NET\Framework64\
windows	UNKNOWN STEP	2026-10-05T14:01:41.0318379Z   FrameworkDir64: C:\Windows\Microsoft.NET\Framework64\
windows	UNKNOWN STEP	2026-10-05T14:01:41.0318630Z   FrameworkVersion: v4.0.30319
windows	UNKNOWN STEP	2026-10-05T14:01:41.0318817Z   FrameworkVersion64: v4.0.30319
windows	UNKNOWN STEP	2026-10-05T14:01:41.0319219Z   FSHARPINSTALLDIR: C:\Program Files\Microsoft Visual Studio\18\Enterprise\Common7\IDE\CommonExtensions\Microsoft\FSharp\Tools
windows	UNKNOWN STEP	2026-10-05T14:01:41.0319674Z   HTMLHelpDir: C:\Program Files (x86)\HTML Help Workshop
windows	UNKNOWN STEP	2026-10-05T14:01:41.0322921Z   INCLUDE: C:\Program Files\Microsoft Visual Studio\18\Enterprise\VC\Tools\MSVC\14.51.36231\include;C:\Program Files\Microsoft Visual Studio\18\Enterprise\VC\Tools\MSVC\14.51.36231\ATLMFC\include;C:\Program Files\Microsoft Visual Studio\18\Enterprise\VC\Auxiliary\VS\include;C:\Program Files (x86)\Windows Kits\10\include\10.0.26100.0\ucrt;C:\Program Files (x86)\Windows Kits\10\\include\10.0.26100.0\\um;C:\Program Files (x86)\Windows Kits\10\\include\10.0.26100.0\\shared;C:\Program Files (x86)\Windows Kits\10\\include\10.0.26100.0\\winrt;C:\Program Files (x86)\Windows Kits\10\\include\10.0.26100.0\\cppwinrt;C:\Program Files (x86)\Windows Kits\NETFXSDK\4.8.1\include\um
windows	UNKNOWN STEP	2026-10-05T14:01:41.0325513Z   LIB: C:\Program Files\Microsoft Visual Studio\18\Enterprise\VC\Tools\MSVC\14.51.36231\ATLMFC\lib\x64;C:\Program Files\Microsoft Visual Studio\18\Enterprise\VC\Tools\MSVC\14.51.36231\lib\x64;C:\Program Files (x86)\Windows Kits\NETFXSDK\4.8.1\lib\um\x64;C:\Program Files (x86)\Windows Kits\10\lib\10.0.26100.0\ucrt\x64;C:\Program Files (x86)\Windows Kits\10\\lib\10.0.26100.0\\um\x64
windows	UNKNOWN STEP	2026-10-05T14:01:41.0327451Z   LIBPATH: C:\Program Files\Microsoft Visual Studio\18\Enterprise\VC\Tools\MSVC\14.51.36231\ATLMFC\lib\x64;C:\Program Files\Microsoft Visual Studio\18\Enterprise\VC\Tools\MSVC\14.51.36231\lib\x64;C:\Program Files\Microsoft Visual Studio\18\Enterprise\VC\Tools\MSVC\14.51.36231\lib\x86\store\references;C:\Program Files (x86)\Windows Kits\10\UnionMetadata\10.0.26100.0;C:\Program Files (x86)\Windows Kits\10\References\10.0.26100.0;C:\Windows\Microsoft.NET\Framework64\v4.0.30319
windows	UNKNOWN STEP	2026-10-05T14:01:41.0328754Z   llvmArm64: C:\Program Files\Microsoft Visual Studio\18\Enterprise\VC\Tools\Llvm\ARM64\bin
windows	UNKNOWN STEP	2026-10-05T14:01:41.0329739Z   llvmX64: C:\Program Files\Microsoft Visual Studio\18\Enterprise\VC\Tools\Llvm\x64\bin
windows	UNKNOWN STEP	2026-10-05T14:01:41.0330225Z   NETFXSDKDir: C:\Program Files (x86)\Windows Kits\NETFXSDK\4.8.1\
windows	UNKNOWN STEP	2026-10-05T14:01:41.0342400Z   Path: C:\Program Files\Microsoft Visual Studio\18\Enterprise\VC\Tools\MSVC\14.51.36231\bin\HostX64\x64;C:\Program Files\Microsoft Visual Studio\18\Enterprise\Common7\IDE\VC\VCPackages;C:\Program Files\Microsoft Visual Studio\18\Enterprise\Common7\IDE\CommonExtensions\Microsoft\TestWindow;C:\Program Files\Microsoft Visual Studio\18\Enterprise\Common7\IDE\CommonExtensions\Microsoft\TeamFoundation\Team Explorer;C:\Program Files\Microsoft Visual Studio\18\Enterprise\MSBuild\Current\bin\Roslyn;C:\Program Files (x86)\Microsoft SDKs\Windows\v10.0A\bin\NETFX 4.8.1 Tools\x64\;C:\Program Files (x86)\HTML Help Workshop;C:\Program Files\Microsoft Visual Studio\18\Enterprise\Common7\IDE\CommonExtensions\Microsoft\FSharp\Tools;C:\Program Files\Microsoft Visual Studio\18\Enterprise\Team Tools\DiagnosticsHub\Collector;C:\Program Files\Microsoft Visual Studio\18\Enterprise\Common7\IDE\Extensions\Microsoft\CodeCoverage.Console;C:\Program Files (x86)\Windows Kits\10\bin\10.0.26100.0\\x64;C:\Program Files (x86)\Windows Kits\10\bin\\x64;C:\Program Files\Microsoft Visual Studio\18\Enterprise\\MSBuild\Current\Bin\amd64;C:\Windows\Microsoft.NET\Framework64\v4.0.30319;C:\Program Files\Microsoft Visual Studio\18\Enterprise\Common7\IDE\;C:\Program Files\Microsoft Visual Studio\18\Enterprise\Common7\Tools\;C:\Program Files\MongoDB\Server\7.0\bin;C:\vcpkg;C:\tools\zstd;C:\hostedtoolcache\windows\stack\3.11.1\x64;C:\cabal\bin;C:\\ghcup\bin;C:\mingw64\bin;C:\Program Files\dotnet;C:\Program Files\MySQL\MySQL Server 8.0\bin;C:\Program Files\R\R-4.6.1\bin\x64;C:\SeleniumWebDrivers\GeckoDriver;C:\SeleniumWebDrivers\EdgeDriver\;C:\SeleniumWebDrivers\ChromeDriver;C:\Program Files (x86)\sbt\bin;C:\Program Files (x86)\GitHub CLI;C:\Program Files\Git\bin;C:\Program Files (x86)\pipx_bin;C:\npm\prefix;C:\hostedtoolcache\windows\go\1.24.13\x64\bin;C:\hostedtoolcache\windows\Python\3.12.10\x64\Scripts;C:\hostedtoolcache\windows\Python\3.12.10\x64;C:\hostedtoolcache\windows\Ruby\3.3.12\x64\bin;C:\Program Files\OpenSSL\bin;C:\tools\kotlinc\bin;C:\hostedtoolcache\windows\Java_Temurin-Hotspot_jdk\17.0.20-101\x64\bin;C:\Program Files\ImageMagick-7.1.2-Q16-HDRI;C:\Program Files\Microsoft SDKs\Azure\CLI2\wbin;C:\ProgramData\kind;C:\ProgramData\Chocolatey\bin;C:\Windows\system32;C:\Windows;C:\Windows\System32\Wbem;C:\Windows\System32\WindowsPowerShell\v1.0\;C:\Windows\System32\OpenSSH\;C:\Program Files\PowerShell\7\;C:\Program Files\Microsoft\Web Platform Installer\;C:\Program Files\Microsoft SQL Server\170\Tools\Binn\;C:\Program Files\Microsoft SQL Server\Client SDK\ODBC\170\Tools\Binn\;C:\Program Files\dotnet\;C:\Program Files (x86)\Windows Kits\10\Windows Performance Toolkit\;C:\Program Files (x86)\WiX Toolset v3.14\bin;C:\Program Files\Microsoft SQL Server\130\DTS\Binn\;C:\Program Files\Microsoft SQL Server\140\DTS\Binn\;C:\Program Files\Microsoft SQL Server\150\DTS\Binn\;C:\Program Files\Microsoft SQL Server\160\DTS\Binn\;C:\Program Files\Microsoft SQL Server\170\DTS\Binn\;C:\ProgramData\chocolatey\lib\pulumi\tools\Pulumi\bin;C:\Program Files\CMake\bin;C:\Strawberry\c\bin;C:\Strawberry\perl\site\bin;C:\Strawberry\perl\bin;C:\ProgramData\chocolatey\lib\maven\apache-maven-3.9.16\bin;C:\Program Files\Microsoft Service Fabric\bin\Fabric\Fabric.Code;C:\Program Files\Microsoft SDKs\Service Fabric\Tools\ServiceFabricLocalClusterManager;C:\Program Files\nodejs\;C:\Program Files\Git\cmd;C:\Program Files\Git\mingw64\bin;C:\Program Files\Git\usr\bin;C:\Program Files\GitHub CLI\;c:\tools\php;C:\Program Files\Amazon\AWSCLIV2\;C:\Program Files\Amazon\SessionManagerPlugin\bin\;C:\Program Files\Amazon\AWSSAMCLI\bin\;C:\Program Files\Microsoft SQL Server\130\Tools\Binn\;C:\Program Files\mongosh\;C:\Program Files\LLVM\bin;C:\Program Files (x86)\LLVM\bin;C:\Users\runneradmin\.dotnet\tools;C:\Users\runneradmin\.cargo\bin;C:\Users\runneradmin\AppData\Local\Microsoft\WindowsApps;C:\Program Files (x86)\Microsoft Visual Studio\Installer;C:\Program Files\Microsoft Visual Studio\18\Enterprise\VC\Tools\Llvm\x64\bin;C:\Program Files\Microsoft Visual Studio\18\Enterprise\Common7\IDE\CommonExtensions\Microsoft\CMake\CMake\bin;C:\Program Files\Microsoft Visual Studio\18\Enterprise\Common7\IDE\CommonExtensions\Microsoft\CMake\Ninja;C:\Program Files\Microsoft Visual Studio\18\Enterprise\Common7\IDE\VC\Linux\bin\ConnectionManagerExe;C:\Program Files\Microsoft Visual Studio\18\Enterprise\VC\vcpkg
windows	UNKNOWN STEP	2026-10-05T14:01:41.0353429Z   Platform: x64
windows	UNKNOWN STEP	2026-10-05T14:01:41.0353605Z   UCRTVersion: 10.0.26100.0
windows	UNKNOWN STEP	2026-10-05T14:01:41.0353852Z   UniversalCRTSdkDir: C:\Program Files (x86)\Windows Kits\10\
windows	UNKNOWN STEP	2026-10-05T14:01:41.0354116Z   use_x64_llvm: true
windows	UNKNOWN STEP	2026-10-05T14:01:41.0354396Z   VCIDEInstallDir: C:\Program Files\Microsoft Visual Studio\18\Enterprise\Common7\IDE\VC\
windows	UNKNOWN STEP	2026-10-05T14:01:41.0354813Z   VCINSTALLDIR: C:\Program Files\Microsoft Visual Studio\18\Enterprise\VC\
windows	UNKNOWN STEP	2026-10-05T14:01:41.0355177Z   VCPKG_ROOT: C:\Program Files\Microsoft Visual Studio\18\Enterprise\VC\vcpkg
windows	UNKNOWN STEP	2026-10-05T14:01:41.0355610Z   VCToolsInstallDir: C:\Program Files\Microsoft Visual Studio\18\Enterprise\VC\Tools\MSVC\14.51.36231\
windows	UNKNOWN STEP	2026-10-05T14:01:41.0356103Z   VCToolsRedistDir: C:\Program Files\Microsoft Visual Studio\18\Enterprise\VC\Redist\MSVC\14.51.36231\
windows	UNKNOWN STEP	2026-10-05T14:01:41.0356444Z   VCToolsVersion: 14.51.36231
windows	UNKNOWN STEP	2026-10-05T14:01:41.0356631Z   VisualStudioVersion: 18.0
windows	UNKNOWN STEP	2026-10-05T14:01:41.0357061Z   VS180COMNTOOLS: C:\Program Files\Microsoft Visual Studio\18\Enterprise\Common7\Tools\
windows	UNKNOWN STEP	2026-10-05T14:01:41.0357384Z   VSCMD_ARG_app_plat: Desktop
windows	UNKNOWN STEP	2026-10-05T14:01:41.0357560Z   VSCMD_ARG_HOST_ARCH: x64
windows	UNKNOWN STEP	2026-10-05T14:01:41.0357731Z   VSCMD_ARG_TGT_ARCH: x64
windows	UNKNOWN STEP	2026-10-05T14:01:41.0357894Z   VSCMD_VER: 18.10.2
windows	UNKNOWN STEP	2026-10-05T14:01:41.0358128Z   VSINSTALLDIR: C:\Program Files\Microsoft Visual Studio\18\Enterprise\
windows	UNKNOWN STEP	2026-10-05T14:01:41.0358501Z   VSSDK150INSTALL: C:\Program Files\Microsoft Visual Studio\18\Enterprise\VSSDK
windows	UNKNOWN STEP	2026-10-05T14:01:41.0358875Z   VSSDKINSTALL: C:\Program Files\Microsoft Visual Studio\18\Enterprise\VSSDK
windows	UNKNOWN STEP	2026-10-05T14:01:41.0359396Z   WindowsLibPath: C:\Program Files (x86)\Windows Kits\10\UnionMetadata\10.0.26100.0;C:\Program Files (x86)\Windows Kits\10\References\10.0.26100.0
windows	UNKNOWN STEP	2026-10-05T14:01:41.0359896Z   WindowsSdkBinPath: C:\Program Files (x86)\Windows Kits\10\bin\
windows	UNKNOWN STEP	2026-10-05T14:01:41.0360195Z   WindowsSdkDir: C:\Program Files (x86)\Windows Kits\10\
windows	UNKNOWN STEP	2026-10-05T14:01:41.0360434Z   WindowsSDKLibVersion: 10.0.26100.0\
windows	UNKNOWN STEP	2026-10-05T14:01:41.0360731Z   WindowsSdkVerBinPath: C:\Program Files (x86)\Windows Kits\10\bin\10.0.26100.0\
windows	UNKNOWN STEP	2026-10-05T14:01:41.0361028Z   WindowsSDKVersion: 10.0.26100.0\
windows	UNKNOWN STEP	2026-10-05T14:01:41.0361382Z   WindowsSDK_ExecutablePath_x64: C:\Program Files (x86)\Microsoft SDKs\Windows\v10.0A\bin\NETFX 4.8.1 Tools\x64\
windows	UNKNOWN STEP	2026-10-05T14:01:41.0362061Z   WindowsSDK_ExecutablePath_x86: C:\Program Files (x86)\Microsoft SDKs\Windows\v10.0A\bin\NETFX 4.8.1 Tools\
windows	UNKNOWN STEP	2026-10-05T14:01:41.0362425Z   __DOTNET_ADD_64BIT: 1
windows	UNKNOWN STEP	2026-10-05T14:01:41.0362597Z   __DOTNET_PREFERRED_BITNESS: 64
windows	UNKNOWN STEP	2026-10-05T14:01:41.0369057Z   __VSCMD_PREINIT_PATH: C:\Program Files\MongoDB\Server\7.0\bin;C:\vcpkg;C:\tools\zstd;C:\hostedtoolcache\windows\stack\3.11.1\x64;C:\cabal\bin;C:\\ghcup\bin;C:\mingw64\bin;C:\Program Files\dotnet;C:\Program Files\MySQL\MySQL Server 8.0\bin;C:\Program Files\R\R-4.6.1\bin\x64;C:\SeleniumWebDrivers\GeckoDriver;C:\SeleniumWebDrivers\EdgeDriver\;C:\SeleniumWebDrivers\ChromeDriver;C:\Program Files (x86)\sbt\bin;C:\Program Files (x86)\GitHub CLI;C:\Program Files\Git\bin;C:\Program Files (x86)\pipx_bin;C:\npm\prefix;C:\hostedtoolcache\windows\go\1.24.13\x64\bin;C:\hostedtoolcache\windows\Python\3.12.10\x64\Scripts;C:\hostedtoolcache\windows\Python\3.12.10\x64;C:\hostedtoolcache\windows\Ruby\3.3.12\x64\bin;C:\Program Files\OpenSSL\bin;C:\tools\kotlinc\bin;C:\hostedtoolcache\windows\Java_Temurin-Hotspot_jdk\17.0.20-101\x64\bin;C:\Program Files\ImageMagick-7.1.2-Q16-HDRI;C:\Program Files\Microsoft SDKs\Azure\CLI2\wbin;C:\ProgramData\kind;C:\ProgramData\Chocolatey\bin;C:\Windows\system32;C:\Windows;C:\Windows\System32\Wbem;C:\Windows\System32\WindowsPowerShell\v1.0\;C:\Windows\System32\OpenSSH\;C:\Program Files\PowerShell\7\;C:\Program Files\Microsoft\Web Platform Installer\;C:\Program Files\Microsoft SQL Server\170\Tools\Binn\;C:\Program Files\Microsoft SQL Server\Client SDK\ODBC\170\Tools\Binn\;C:\Program Files\dotnet\;C:\Program Files (x86)\Windows Kits\10\Windows Performance Toolkit\;C:\Program Files (x86)\WiX Toolset v3.14\bin;C:\Program Files\Microsoft SQL Server\130\DTS\Binn\;C:\Program Files\Microsoft SQL Server\140\DTS\Binn\;C:\Program Files\Microsoft SQL Server\150\DTS\Binn\;C:\Program Files\Microsoft SQL Server\160\DTS\Binn\;C:\Program Files\Microsoft SQL Server\170\DTS\Binn\;C:\ProgramData\chocolatey\lib\pulumi\tools\Pulumi\bin;C:\Program Files\CMake\bin;C:\Strawberry\c\bin;C:\Strawberry\perl\site\bin;C:\Strawberry\perl\bin;C:\ProgramData\chocolatey\lib\maven\apache-maven-3.9.16\bin;C:\Program Files\Microsoft Service Fabric\bin\Fabric\Fabric.Code;C:\Program Files\Microsoft SDKs\Service Fabric\Tools\ServiceFabricLocalClusterManager;C:\Program Files\nodejs\;C:\Program Files\Git\cmd;C:\Program Files\Git\mingw64\bin;C:\Program Files\Git\usr\bin;C:\Program Files\GitHub CLI\;c:\tools\php;C:\Program Files (x86)\sbt\bin;C:\Program Files\Amazon\AWSCLIV2\;C:\Program Files\Amazon\SessionManagerPlugin\bin\;C:\Program Files\Amazon\AWSSAMCLI\bin\;C:\Program Files\Microsoft SQL Server\130\Tools\Binn\;C:\Program Files\mongosh\;C:\Program Files\LLVM\bin;C:\Program Files (x86)\LLVM\bin;C:\Users\runneradmin\.dotnet\tools;C:\Users\runneradmin\.cargo\bin;C:\Users\runneradmin\AppData\Local\Microsoft\WindowsApps;C:\Program Files (x86)\Microsoft Visual Studio\Installer
windows	UNKNOWN STEP	2026-10-05T14:01:41.0375812Z   CACHE_ON_FAILURE: false
windows	UNKNOWN STEP	2026-10-05T14:01:41.0375985Z ##[endgroup]
windows	UNKNOWN STEP	2026-10-05T14:01:45.5708139Z ##[group]Run cargo fmt --all -- --check
windows	UNKNOWN STEP	2026-10-05T14:01:45.5708444Z ^[[36;1mcargo fmt --all -- --check^[[0m
windows	UNKNOWN STEP	2026-10-05T14:01:45.5768783Z shell: C:\Program Files\PowerShell\7\pwsh.EXE -command ". '{0}'"
windows	UNKNOWN STEP	2026-10-05T14:01:45.5769071Z env:
windows	UNKNOWN STEP	2026-10-05T14:01:45.5769241Z   CARGO_HOME: C:\Users\runneradmin\.cargo
windows	UNKNOWN STEP	2026-10-05T14:01:45.5769454Z   CARGO_INCREMENTAL: 0
windows	UNKNOWN STEP	2026-10-05T14:01:45.5769619Z   CARGO_TERM_COLOR: always
windows	UNKNOWN STEP	2026-10-05T14:01:45.5769796Z   CommandPromptType: Native
windows	UNKNOWN STEP	2026-10-05T14:01:45.5770074Z   DevEnvDir: C:\Program Files\Microsoft Visual Studio\18\Enterprise\Common7\IDE\
windows	UNKNOWN STEP	2026-10-05T14:01:45.5770480Z   ExtensionSdkDir: C:\Program Files (x86)\Microsoft SDKs\Windows Kits\10\ExtensionSDKs
windows	UNKNOWN STEP	2026-10-05T14:01:45.5772260Z   EXTERNAL_INCLUDE: C:\Program Files\Microsoft Visual Studio\18\Enterprise\VC\Tools\MSVC\14.51.36231\include;C:\Program Files\Microsoft Visual Studio\18\Enterprise\VC\Tools\MSVC\14.51.36231\ATLMFC\include;C:\Program Files\Microsoft Visual Studio\18\Enterprise\VC\Auxiliary\VS\include;C:\Program Files (x86)\Windows Kits\10\include\10.0.26100.0\ucrt;C:\Program Files (x86)\Windows Kits\10\\include\10.0.26100.0\\um;C:\Program Files (x86)\Windows Kits\10\\include\10.0.26100.0\\shared;C:\Program Files (x86)\Windows Kits\10\\include\10.0.26100.0\\winrt;C:\Program Files (x86)\Windows Kits\10\\include\10.0.26100.0\\cppwinrt;C:\Program Files (x86)\Windows Kits\NETFXSDK\4.8.1\include\um
windows	UNKNOWN STEP	2026-10-05T14:01:45.5774359Z   Framework40Version: v4.0
windows	UNKNOWN STEP	2026-10-05T14:01:45.5774576Z   FrameworkDir: C:\Windows\Microsoft.NET\Framework64\
windows	UNKNOWN STEP	2026-10-05T14:01:45.5774847Z   FrameworkDir64: C:\Windows\Microsoft.NET\Framework64\
windows	UNKNOWN STEP	2026-10-05T14:01:45.5775084Z   FrameworkVersion: v4.0.30319
windows	UNKNOWN STEP	2026-10-05T14:01:45.5775272Z   FrameworkVersion64: v4.0.30319
windows	UNKNOWN STEP	2026-10-05T14:01:45.5775678Z   FSHARPINSTALLDIR: C:\Program Files\Microsoft Visual Studio\18\Enterprise\Common7\IDE\CommonExtensions\Microsoft\FSharp\Tools
windows	UNKNOWN STEP	2026-10-05T14:01:45.5776129Z   HTMLHelpDir: C:\Program Files (x86)\HTML Help Workshop
windows	UNKNOWN STEP	2026-10-05T14:01:45.5777746Z   INCLUDE: C:\Program Files\Microsoft Visual Studio\18\Enterprise\VC\Tools\MSVC\14.51.36231\include;C:\Program Files\Microsoft Visual Studio\18\Enterprise\VC\Tools\MSVC\14.51.36231\ATLMFC\include;C:\Program Files\Microsoft Visual Studio\18\Enterprise\VC\Auxiliary\VS\include;C:\Program Files (x86)\Windows Kits\10\include\10.0.26100.0\ucrt;C:\Program Files (x86)\Windows Kits\10\\include\10.0.26100.0\\um;C:\Program Files (x86)\Windows Kits\10\\include\10.0.26100.0\\shared;C:\Program Files (x86)\Windows Kits\10\\include\10.0.26100.0\\winrt;C:\Program Files (x86)\Windows Kits\10\\include\10.0.26100.0\\cppwinrt;C:\Program Files (x86)\Windows Kits\NETFXSDK\4.8.1\include\um
windows	UNKNOWN STEP	2026-10-05T14:01:45.5780059Z   LIB: C:\Program Files\Microsoft Visual Studio\18\Enterprise\VC\Tools\MSVC\14.51.36231\ATLMFC\lib\x64;C:\Program Files\Microsoft Visual Studio\18\Enterprise\VC\Tools\MSVC\14.51.36231\lib\x64;C:\Program Files (x86)\Windows Kits\NETFXSDK\4.8.1\lib\um\x64;C:\Program Files (x86)\Windows Kits\10\lib\10.0.26100.0\ucrt\x64;C:\Program Files (x86)\Windows Kits\10\\lib\10.0.26100.0\\um\x64
windows	UNKNOWN STEP	2026-10-05T14:01:45.5782303Z   LIBPATH: C:\Program Files\Microsoft Visual Studio\18\Enterprise\VC\Tools\MSVC\14.51.36231\ATLMFC\lib\x64;C:\Program Files\Microsoft Visual Studio\18\Enterprise\VC\Tools\MSVC\14.51.36231\lib\x64;C:\Program Files\Microsoft Visual Studio\18\Enterprise\VC\Tools\MSVC\14.51.36231\lib\x86\store\references;C:\Program Files (x86)\Windows Kits\10\UnionMetadata\10.0.26100.0;C:\Program Files (x86)\Windows Kits\10\References\10.0.26100.0;C:\Windows\Microsoft.NET\Framework64\v4.0.30319
windows	UNKNOWN STEP	2026-10-05T14:01:45.5783590Z   llvmArm64: C:\Program Files\Microsoft Visual Studio\18\Enterprise\VC\Tools\Llvm\ARM64\bin
windows	UNKNOWN STEP	2026-10-05T14:01:45.5784009Z   llvmX64: C:\Program Files\Microsoft Visual Studio\18\Enterprise\VC\Tools\Llvm\x64\bin
windows	UNKNOWN STEP	2026-10-05T14:01:45.5784374Z   NETFXSDKDir: C:\Program Files (x86)\Windows Kits\NETFXSDK\4.8.1\
windows	UNKNOWN STEP	2026-10-05T14:01:45.5796727Z   Path: C:\Program Files\Microsoft Visual Studio\18\Enterprise\VC\Tools\MSVC\14.51.36231\bin\HostX64\x64;C:\Program Files\Microsoft Visual Studio\18\Enterprise\Common7\IDE\VC\VCPackages;C:\Program Files\Microsoft Visual Studio\18\Enterprise\Common7\IDE\CommonExtensions\Microsoft\TestWindow;C:\Program Files\Microsoft Visual Studio\18\Enterprise\Common7\IDE\CommonExtensions\Microsoft\TeamFoundation\Team Explorer;C:\Program Files\Microsoft Visual Studio\18\Enterprise\MSBuild\Current\bin\Roslyn;C:\Program Files (x86)\Microsoft SDKs\Windows\v10.0A\bin\NETFX 4.8.1 Tools\x64\;C:\Program Files (x86)\HTML Help Workshop;C:\Program Files\Microsoft Visual Studio\18\Enterprise\Common7\IDE\CommonExtensions\Microsoft\FSharp\Tools;C:\Program Files\Microsoft Visual Studio\18\Enterprise\Team Tools\DiagnosticsHub\Collector;C:\Program Files\Microsoft Visual Studio\18\Enterprise\Common7\IDE\Extensions\Microsoft\CodeCoverage.Console;C:\Program Files (x86)\Windows Kits\10\bin\10.0.26100.0\\x64;C:\Program Files (x86)\Windows Kits\10\bin\\x64;C:\Program Files\Microsoft Visual Studio\18\Enterprise\\MSBuild\Current\Bin\amd64;C:\Windows\Microsoft.NET\Framework64\v4.0.30319;C:\Program Files\Microsoft Visual Studio\18\Enterprise\Common7\IDE\;C:\Program Files\Microsoft Visual Studio\18\Enterprise\Common7\Tools\;C:\Program Files\MongoDB\Server\7.0\bin;C:\vcpkg;C:\tools\zstd;C:\hostedtoolcache\windows\stack\3.11.1\x64;C:\cabal\bin;C:\\ghcup\bin;C:\mingw64\bin;C:\Program Files\dotnet;C:\Program Files\MySQL\MySQL Server 8.0\bin;C:\Program Files\R\R-4.6.1\bin\x64;C:\SeleniumWebDrivers\GeckoDriver;C:\SeleniumWebDrivers\EdgeDriver\;C:\SeleniumWebDrivers\ChromeDriver;C:\Program Files (x86)\sbt\bin;C:\Program Files (x86)\GitHub CLI;C:\Program Files\Git\bin;C:\Program Files (x86)\pipx_bin;C:\npm\prefix;C:\hostedtoolcache\windows\go\1.24.13\x64\bin;C:\hostedtoolcache\windows\Python\3.12.10\x64\Scripts;C:\hostedtoolcache\windows\Python\3.12.10\x64;C:\hostedtoolcache\windows\Ruby\3.3.12\x64\bin;C:\Program Files\OpenSSL\bin;C:\tools\kotlinc\bin;C:\hostedtoolcache\windows\Java_Temurin-Hotspot_jdk\17.0.20-101\x64\bin;C:\Program Files\ImageMagick-7.1.2-Q16-HDRI;C:\Program Files\Microsoft SDKs\Azure\CLI2\wbin;C:\ProgramData\kind;C:\ProgramData\Chocolatey\bin;C:\Windows\system32;C:\Windows;C:\Windows\System32\Wbem;C:\Windows\System32\WindowsPowerShell\v1.0\;C:\Windows\System32\OpenSSH\;C:\Program Files\PowerShell\7\;C:\Program Files\Microsoft\Web Platform Installer\;C:\Program Files\Microsoft SQL Server\170\Tools\Binn\;C:\Program Files\Microsoft SQL Server\Client SDK\ODBC\170\Tools\Binn\;C:\Program Files\dotnet\;C:\Program Files (x86)\Windows Kits\10\Windows Performance Toolkit\;C:\Program Files (x86)\WiX Toolset v3.14\bin;C:\Program Files\Microsoft SQL Server\130\DTS\Binn\;C:\Program Files\Microsoft SQL Server\140\DTS\Binn\;C:\Program Files\Microsoft SQL Server\150\DTS\Binn\;C:\Program Files\Microsoft SQL Server\160\DTS\Binn\;C:\Program Files\Microsoft SQL Server\170\DTS\Binn\;C:\ProgramData\chocolatey\lib\pulumi\tools\Pulumi\bin;C:\Program Files\CMake\bin;C:\Strawberry\c\bin;C:\Strawberry\perl\site\bin;C:\Strawberry\perl\bin;C:\ProgramData\chocolatey\lib\maven\apache-maven-3.9.16\bin;C:\Program Files\Microsoft Service Fabric\bin\Fabric\Fabric.Code;C:\Program Files\Microsoft SDKs\Service Fabric\Tools\ServiceFabricLocalClusterManager;C:\Program Files\nodejs\;C:\Program Files\Git\cmd;C:\Program Files\Git\mingw64\bin;C:\Program Files\Git\usr\bin;C:\Program Files\GitHub CLI\;c:\tools\php;C:\Program Files\Amazon\AWSCLIV2\;C:\Program Files\Amazon\SessionManagerPlugin\bin\;C:\Program Files\Amazon\AWSSAMCLI\bin\;C:\Program Files\Microsoft SQL Server\130\Tools\Binn\;C:\Program Files\mongosh\;C:\Program Files\LLVM\bin;C:\Program Files (x86)\LLVM\bin;C:\Users\runneradmin\.dotnet\tools;C:\Users\runneradmin\.cargo\bin;C:\Users\runneradmin\AppData\Local\Microsoft\WindowsApps;C:\Program Files (x86)\Microsoft Visual Studio\Installer;C:\Program Files\Microsoft Visual Studio\18\Enterprise\VC\Tools\Llvm\x64\bin;C:\Program Files\Microsoft Visual Studio\18\Enterprise\Common7\IDE\CommonExtensions\Microsoft\CMake\CMake\bin;C:\Program Files\Microsoft Visual Studio\18\Enterprise\Common7\IDE\CommonExtensions\Microsoft\CMake\Ninja;C:\Program Files\Microsoft Visual Studio\18\Enterprise\Common7\IDE\VC\Linux\bin\ConnectionManagerExe;C:\Program Files\Microsoft Visual Studio\18\Enterprise\VC\vcpkg
windows	UNKNOWN STEP	2026-10-05T14:01:45.5807974Z   Platform: x64
windows	UNKNOWN STEP	2026-10-05T14:01:45.5808145Z   UCRTVersion: 10.0.26100.0
windows	UNKNOWN STEP	2026-10-05T14:01:45.5808378Z   UniversalCRTSdkDir: C:\Program Files (x86)\Windows Kits\10\
windows	UNKNOWN STEP	2026-10-05T14:01:45.5808626Z   use_x64_llvm: true
windows	UNKNOWN STEP	2026-10-05T14:01:45.5808911Z   VCIDEInstallDir: C:\Program Files\Microsoft Visual Studio\18\Enterprise\Common7\IDE\VC\
windows	UNKNOWN STEP	2026-10-05T14:01:45.5809316Z   VCINSTALLDIR: C:\Program Files\Microsoft Visual Studio\18\Enterprise\VC\
windows	UNKNOWN STEP	2026-10-05T14:01:45.5809678Z   VCPKG_ROOT: C:\Program Files\Microsoft Visual Studio\18\Enterprise\VC\vcpkg
windows	UNKNOWN STEP	2026-10-05T14:01:45.5810105Z   VCToolsInstallDir: C:\Program Files\Microsoft Visual Studio\18\Enterprise\VC\Tools\MSVC\14.51.36231\
windows	UNKNOWN STEP	2026-10-05T14:01:45.5810598Z   VCToolsRedistDir: C:\Program Files\Microsoft Visual Studio\18\Enterprise\VC\Redist\MSVC\14.51.36231\
windows	UNKNOWN STEP	2026-10-05T14:01:45.5811606Z   VCToolsVersion: 14.51.36231
windows	UNKNOWN STEP	2026-10-05T14:01:45.5811794Z   VisualStudioVersion: 18.0
windows	UNKNOWN STEP	2026-10-05T14:01:45.5812074Z   VS180COMNTOOLS: C:\Program Files\Microsoft Visual Studio\18\Enterprise\Common7\Tools\
windows	UNKNOWN STEP	2026-10-05T14:01:45.5812394Z   VSCMD_ARG_app_plat: Desktop
windows	UNKNOWN STEP	2026-10-05T14:01:45.5812575Z   VSCMD_ARG_HOST_ARCH: x64
windows	UNKNOWN STEP	2026-10-05T14:01:45.5812743Z   VSCMD_ARG_TGT_ARCH: x64
windows	UNKNOWN STEP	2026-10-05T14:01:45.5812901Z   VSCMD_VER: 18.10.2
windows	UNKNOWN STEP	2026-10-05T14:01:45.5813141Z   VSINSTALLDIR: C:\Program Files\Microsoft Visual Studio\18\Enterprise\
windows	UNKNOWN STEP	2026-10-05T14:01:45.5813505Z   VSSDK150INSTALL: C:\Program Files\Microsoft Visual Studio\18\Enterprise\VSSDK
windows	UNKNOWN STEP	2026-10-05T14:01:45.5813870Z   VSSDKINSTALL: C:\Program Files\Microsoft Visual Studio\18\Enterprise\VSSDK
windows	UNKNOWN STEP	2026-10-05T14:01:45.5814388Z   WindowsLibPath: C:\Program Files (x86)\Windows Kits\10\UnionMetadata\10.0.26100.0;C:\Program Files (x86)\Windows Kits\10\References\10.0.26100.0
windows	UNKNOWN STEP	2026-10-05T14:01:45.5814890Z   WindowsSdkBinPath: C:\Program Files (x86)\Windows Kits\10\bin\
windows	UNKNOWN STEP	2026-10-05T14:01:45.5815180Z   WindowsSdkDir: C:\Program Files (x86)\Windows Kits\10\
windows	UNKNOWN STEP	2026-10-05T14:01:45.5815417Z   WindowsSDKLibVersion: 10.0.26100.0\
windows	UNKNOWN STEP	2026-10-05T14:01:45.5815698Z   WindowsSdkVerBinPath: C:\Program Files (x86)\Windows Kits\10\bin\10.0.26100.0\
windows	UNKNOWN STEP	2026-10-05T14:01:45.5815988Z   WindowsSDKVersion: 10.0.26100.0\
windows	UNKNOWN STEP	2026-10-05T14:01:45.5816335Z   WindowsSDK_ExecutablePath_x64: C:\Program Files (x86)\Microsoft SDKs\Windows\v10.0A\bin\NETFX 4.8.1 Tools\x64\
windows	UNKNOWN STEP	2026-10-05T14:01:45.5816836Z   WindowsSDK_ExecutablePath_x86: C:\Program Files (x86)\Microsoft SDKs\Windows\v10.0A\bin\NETFX 4.8.1 Tools\
windows	UNKNOWN STEP	2026-10-05T14:01:45.5817181Z   __DOTNET_ADD_64BIT: 1
windows	UNKNOWN STEP	2026-10-05T14:01:45.5817346Z   __DOTNET_PREFERRED_BITNESS: 64
windows	UNKNOWN STEP	2026-10-05T14:01:45.5824187Z   __VSCMD_PREINIT_PATH: C:\Program Files\MongoDB\Server\7.0\bin;C:\vcpkg;C:\tools\zstd;C:\hostedtoolcache\windows\stack\3.11.1\x64;C:\cabal\bin;C:\\ghcup\bin;C:\mingw64\bin;C:\Program Files\dotnet;C:\Program Files\MySQL\MySQL Server 8.0\bin;C:\Program Files\R\R-4.6.1\bin\x64;C:\SeleniumWebDrivers\GeckoDriver;C:\SeleniumWebDrivers\EdgeDriver\;C:\SeleniumWebDrivers\ChromeDriver;C:\Program Files (x86)\sbt\bin;C:\Program Files (x86)\GitHub CLI;C:\Program Files\Git\bin;C:\Program Files (x86)\pipx_bin;C:\npm\prefix;C:\hostedtoolcache\windows\go\1.24.13\x64\bin;C:\hostedtoolcache\windows\Python\3.12.10\x64\Scripts;C:\hostedtoolcache\windows\Python\3.12.10\x64;C:\hostedtoolcache\windows\Ruby\3.3.12\x64\bin;C:\Program Files\OpenSSL\bin;C:\tools\kotlinc\bin;C:\hostedtoolcache\windows\Java_Temurin-Hotspot_jdk\17.0.20-101\x64\bin;C:\Program Files\ImageMagick-7.1.2-Q16-HDRI;C:\Program Files\Microsoft SDKs\Azure\CLI2\wbin;C:\ProgramData\kind;C:\ProgramData\Chocolatey\bin;C:\Windows\system32;C:\Windows;C:\Windows\System32\Wbem;C:\Windows\System32\WindowsPowerShell\v1.0\;C:\Windows\System32\OpenSSH\;C:\Program Files\PowerShell\7\;C:\Program Files\Microsoft\Web Platform Installer\;C:\Program Files\Microsoft SQL Server\170\Tools\Binn\;C:\Program Files\Microsoft SQL Server\Client SDK\ODBC\170\Tools\Binn\;C:\Program Files\dotnet\;C:\Program Files (x86)\Windows Kits\10\Windows Performance Toolkit\;C:\Program Files (x86)\WiX Toolset v3.14\bin;C:\Program Files\Microsoft SQL Server\130\DTS\Binn\;C:\Program Files\Microsoft SQL Server\140\DTS\Binn\;C:\Program Files\Microsoft SQL Server\150\DTS\Binn\;C:\Program Files\Microsoft SQL Server\160\DTS\Binn\;C:\Program Files\Microsoft SQL Server\170\DTS\Binn\;C:\ProgramData\chocolatey\lib\pulumi\tools\Pulumi\bin;C:\Program Files\CMake\bin;C:\Strawberry\c\bin;C:\Strawberry\perl\site\bin;C:\Strawberry\perl\bin;C:\ProgramData\chocolatey\lib\maven\apache-maven-3.9.16\bin;C:\Program Files\Microsoft Service Fabric\bin\Fabric\Fabric.Code;C:\Program Files\Microsoft SDKs\Service Fabric\Tools\ServiceFabricLocalClusterManager;C:\Program Files\nodejs\;C:\Program Files\Git\cmd;C:\Program Files\Git\mingw64\bin;C:\Program Files\Git\usr\bin;C:\Program Files\GitHub CLI\;c:\tools\php;C:\Program Files (x86)\sbt\bin;C:\Program Files\Amazon\AWSCLIV2\;C:\Program Files\Amazon\SessionManagerPlugin\bin\;C:\Program Files\Amazon\AWSSAMCLI\bin\;C:\Program Files\Microsoft SQL Server\130\Tools\Binn\;C:\Program Files\mongosh\;C:\Program Files\LLVM\bin;C:\Program Files (x86)\LLVM\bin;C:\Users\runneradmin\.dotnet\tools;C:\Users\runneradmin\.cargo\bin;C:\Users\runneradmin\AppData\Local\Microsoft\WindowsApps;C:\Program Files (x86)\Microsoft Visual Studio\Installer
windows	UNKNOWN STEP	2026-10-05T14:01:45.5830874Z   CACHE_ON_FAILURE: false
windows	UNKNOWN STEP	2026-10-05T14:01:45.5831059Z   LIBCLANG_PATH: C:\Program Files\LLVM\bin
windows	UNKNOWN STEP	2026-10-05T14:01:45.5831265Z ##[endgroup]
windows	UNKNOWN STEP	2026-10-05T14:01:47.3575570Z ##[group]Run cargo clippy --locked --workspace --all-targets -- -D warnings
windows	UNKNOWN STEP	2026-10-05T14:01:47.3576399Z ^[[36;1mcargo clippy --locked --workspace --all-targets -- -D warnings^[[0m
windows	UNKNOWN STEP	2026-10-05T14:01:47.3634831Z shell: C:\Program Files\PowerShell\7\pwsh.EXE -command ". '{0}'"
windows	UNKNOWN STEP	2026-10-05T14:01:47.3635118Z env:
windows	UNKNOWN STEP	2026-10-05T14:01:47.3635297Z   CARGO_HOME: C:\Users\runneradmin\.cargo
windows	UNKNOWN STEP	2026-10-05T14:01:47.3635532Z   CARGO_INCREMENTAL: 0
windows	UNKNOWN STEP	2026-10-05T14:01:47.3635704Z   CARGO_TERM_COLOR: always
windows	UNKNOWN STEP	2026-10-05T14:01:47.3635893Z   CommandPromptType: Native
windows	UNKNOWN STEP	2026-10-05T14:01:47.3636192Z   DevEnvDir: C:\Program Files\Microsoft Visual Studio\18\Enterprise\Common7\IDE\
windows	UNKNOWN STEP	2026-10-05T14:01:47.3636619Z   ExtensionSdkDir: C:\Program Files (x86)\Microsoft SDKs\Windows Kits\10\ExtensionSDKs
windows	UNKNOWN STEP	2026-10-05T14:01:47.3638420Z   EXTERNAL_INCLUDE: C:\Program Files\Microsoft Visual Studio\18\Enterprise\VC\Tools\MSVC\14.51.36231\include;C:\Program Files\Microsoft Visual Studio\18\Enterprise\VC\Tools\MSVC\14.51.36231\ATLMFC\include;C:\Program Files\Microsoft Visual Studio\18\Enterprise\VC\Auxiliary\VS\include;C:\Program Files (x86)\Windows Kits\10\include\10.0.26100.0\ucrt;C:\Program Files (x86)\Windows Kits\10\\include\10.0.26100.0\\um;C:\Program Files (x86)\Windows Kits\10\\include\10.0.26100.0\\shared;C:\Program Files (x86)\Windows Kits\10\\include\10.0.26100.0\\winrt;C:\Program Files (x86)\Windows Kits\10\\include\10.0.26100.0\\cppwinrt;C:\Program Files (x86)\Windows Kits\NETFXSDK\4.8.1\include\um
windows	UNKNOWN STEP	2026-10-05T14:01:47.3640089Z   Framework40Version: v4.0
windows	UNKNOWN STEP	2026-10-05T14:01:47.3640324Z   FrameworkDir: C:\Windows\Microsoft.NET\Framework64\
windows	UNKNOWN STEP	2026-10-05T14:01:47.3640604Z   FrameworkDir64: C:\Windows\Microsoft.NET\Framework64\
windows	UNKNOWN STEP	2026-10-05T14:01:47.3640846Z   FrameworkVersion: v4.0.30319
windows	UNKNOWN STEP	2026-10-05T14:01:47.3641036Z   FrameworkVersion64: v4.0.30319
windows	UNKNOWN STEP	2026-10-05T14:01:47.3641452Z   FSHARPINSTALLDIR: C:\Program Files\Microsoft Visual Studio\18\Enterprise\Common7\IDE\CommonExtensions\Microsoft\FSharp\Tools
windows	UNKNOWN STEP	2026-10-05T14:01:47.3641911Z   HTMLHelpDir: C:\Program Files (x86)\HTML Help Workshop
windows	UNKNOWN STEP	2026-10-05T14:01:47.3643546Z   INCLUDE: C:\Program Files\Microsoft Visual Studio\18\Enterprise\VC\Tools\MSVC\14.51.36231\include;C:\Program Files\Microsoft Visual Studio\18\Enterprise\VC\Tools\MSVC\14.51.36231\ATLMFC\include;C:\Program Files\Microsoft Visual Studio\18\Enterprise\VC\Auxiliary\VS\include;C:\Program Files (x86)\Windows Kits\10\include\10.0.26100.0\ucrt;C:\Program Files (x86)\Windows Kits\10\\include\10.0.26100.0\\um;C:\Program Files (x86)\Windows Kits\10\\include\10.0.26100.0\\shared;C:\Program Files (x86)\Windows Kits\10\\include\10.0.26100.0\\winrt;C:\Program Files (x86)\Windows Kits\10\\include\10.0.26100.0\\cppwinrt;C:\Program Files (x86)\Windows Kits\NETFXSDK\4.8.1\include\um
windows	UNKNOWN STEP	2026-10-05T14:01:47.3645882Z   LIB: C:\Program Files\Microsoft Visual Studio\18\Enterprise\VC\Tools\MSVC\14.51.36231\ATLMFC\lib\x64;C:\Program Files\Microsoft Visual Studio\18\Enterprise\VC\Tools\MSVC\14.51.36231\lib\x64;C:\Program Files (x86)\Windows Kits\NETFXSDK\4.8.1\lib\um\x64;C:\Program Files (x86)\Windows Kits\10\lib\10.0.26100.0\ucrt\x64;C:\Program Files (x86)\Windows Kits\10\\lib\10.0.26100.0\\um\x64
windows	UNKNOWN STEP	2026-10-05T14:01:47.3647816Z   LIBPATH: C:\Program Files\Microsoft Visual Studio\18\Enterprise\VC\Tools\MSVC\14.51.36231\ATLMFC\lib\x64;C:\Program Files\Microsoft Visual Studio\18\Enterprise\VC\Tools\MSVC\14.51.36231\lib\x64;C:\Program Files\Microsoft Visual Studio\18\Enterprise\VC\Tools\MSVC\14.51.36231\lib\x86\store\references;C:\Program Files (x86)\Windows Kits\10\UnionMetadata\10.0.26100.0;C:\Program Files (x86)\Windows Kits\10\References\10.0.26100.0;C:\Windows\Microsoft.NET\Framework64\v4.0.30319
windows	UNKNOWN STEP	2026-10-05T14:01:47.3649350Z   llvmArm64: C:\Program Files\Microsoft Visual Studio\18\Enterprise\VC\Tools\Llvm\ARM64\bin
windows	UNKNOWN STEP	2026-10-05T14:01:47.3649785Z   llvmX64: C:\Program Files\Microsoft Visual Studio\18\Enterprise\VC\Tools\Llvm\x64\bin
windows	UNKNOWN STEP	2026-10-05T14:01:47.3650159Z   NETFXSDKDir: C:\Program Files (x86)\Windows Kits\NETFXSDK\4.8.1\
windows	UNKNOWN STEP	2026-10-05T14:01:47.3662923Z   Path: C:\Program Files\Microsoft Visual Studio\18\Enterprise\VC\Tools\MSVC\14.51.36231\bin\HostX64\x64;C:\Program Files\Microsoft Visual Studio\18\Enterprise\Common7\IDE\VC\VCPackages;C:\Program Files\Microsoft Visual Studio\18\Enterprise\Common7\IDE\CommonExtensions\Microsoft\TestWindow;C:\Program Files\Microsoft Visual Studio\18\Enterprise\Common7\IDE\CommonExtensions\Microsoft\TeamFoundation\Team Explorer;C:\Program Files\Microsoft Visual Studio\18\Enterprise\MSBuild\Current\bin\Roslyn;C:\Program Files (x86)\Microsoft SDKs\Windows\v10.0A\bin\NETFX 4.8.1 Tools\x64\;C:\Program Files (x86)\HTML Help Workshop;C:\Program Files\Microsoft Visual Studio\18\Enterprise\Common7\IDE\CommonExtensions\Microsoft\FSharp\Tools;C:\Program Files\Microsoft Visual Studio\18\Enterprise\Team Tools\DiagnosticsHub\Collector;C:\Program Files\Microsoft Visual Studio\18\Enterprise\Common7\IDE\Extensions\Microsoft\CodeCoverage.Console;C:\Program Files (x86)\Windows Kits\10\bin\10.0.26100.0\\x64;C:\Program Files (x86)\Windows Kits\10\bin\\x64;C:\Program Files\Microsoft Visual Studio\18\Enterprise\\MSBuild\Current\Bin\amd64;C:\Windows\Microsoft.NET\Framework64\v4.0.30319;C:\Program Files\Microsoft Visual Studio\18\Enterprise\Common7\IDE\;C:\Program Files\Microsoft Visual Studio\18\Enterprise\Common7\Tools\;C:\Program Files\MongoDB\Server\7.0\bin;C:\vcpkg;C:\tools\zstd;C:\hostedtoolcache\windows\stack\3.11.1\x64;C:\cabal\bin;C:\\ghcup\bin;C:\mingw64\bin;C:\Program Files\dotnet;C:\Program Files\MySQL\MySQL Server 8.0\bin;C:\Program Files\R\R-4.6.1\bin\x64;C:\SeleniumWebDrivers\GeckoDriver;C:\SeleniumWebDrivers\EdgeDriver\;C:\SeleniumWebDrivers\ChromeDriver;C:\Program Files (x86)\sbt\bin;C:\Program Files (x86)\GitHub CLI;C:\Program Files\Git\bin;C:\Program Files (x86)\pipx_bin;C:\npm\prefix;C:\hostedtoolcache\windows\go\1.24.13\x64\bin;C:\hostedtoolcache\windows\Python\3.12.10\x64\Scripts;C:\hostedtoolcache\windows\Python\3.12.10\x64;C:\hostedtoolcache\windows\Ruby\3.3.12\x64\bin;C:\Program Files\OpenSSL\bin;C:\tools\kotlinc\bin;C:\hostedtoolcache\windows\Java_Temurin-Hotspot_jdk\17.0.20-101\x64\bin;C:\Program Files\ImageMagick-7.1.2-Q16-HDRI;C:\Program Files\Microsoft SDKs\Azure\CLI2\wbin;C:\ProgramData\kind;C:\ProgramData\Chocolatey\bin;C:\Windows\system32;C:\Windows;C:\Windows\System32\Wbem;C:\Windows\System32\WindowsPowerShell\v1.0\;C:\Windows\System32\OpenSSH\;C:\Program Files\PowerShell\7\;C:\Program Files\Microsoft\Web Platform Installer\;C:\Program Files\Microsoft SQL Server\170\Tools\Binn\;C:\Program Files\Microsoft SQL Server\Client SDK\ODBC\170\Tools\Binn\;C:\Program Files\dotnet\;C:\Program Files (x86)\Windows Kits\10\Windows Performance Toolkit\;C:\Program Files (x86)\WiX Toolset v3.14\bin;C:\Program Files\Microsoft SQL Server\130\DTS\Binn\;C:\Program Files\Microsoft SQL Server\140\DTS\Binn\;C:\Program Files\Microsoft SQL Server\150\DTS\Binn\;C:\Program Files\Microsoft SQL Server\160\DTS\Binn\;C:\Program Files\Microsoft SQL Server\170\DTS\Binn\;C:\ProgramData\chocolatey\lib\pulumi\tools\Pulumi\bin;C:\Program Files\CMake\bin;C:\Strawberry\c\bin;C:\Strawberry\perl\site\bin;C:\Strawberry\perl\bin;C:\ProgramData\chocolatey\lib\maven\apache-maven-3.9.16\bin;C:\Program Files\Microsoft Service Fabric\bin\Fabric\Fabric.Code;C:\Program Files\Microsoft SDKs\Service Fabric\Tools\ServiceFabricLocalClusterManager;C:\Program Files\nodejs\;C:\Program Files\Git\cmd;C:\Program Files\Git\mingw64\bin;C:\Program Files\Git\usr\bin;C:\Program Files\GitHub CLI\;c:\tools\php;C:\Program Files\Amazon\AWSCLIV2\;C:\Program Files\Amazon\SessionManagerPlugin\bin\;C:\Program Files\Amazon\AWSSAMCLI\bin\;C:\Program Files\Microsoft SQL Server\130\Tools\Binn\;C:\Program Files\mongosh\;C:\Program Files\LLVM\bin;C:\Program Files (x86)\LLVM\bin;C:\Users\runneradmin\.dotnet\tools;C:\Users\runneradmin\.cargo\bin;C:\Users\runneradmin\AppData\Local\Microsoft\WindowsApps;C:\Program Files (x86)\Microsoft Visual Studio\Installer;C:\Program Files\Microsoft Visual Studio\18\Enterprise\VC\Tools\Llvm\x64\bin;C:\Program Files\Microsoft Visual Studio\18\Enterprise\Common7\IDE\CommonExtensions\Microsoft\CMake\CMake\bin;C:\Program Files\Microsoft Visual Studio\18\Enterprise\Common7\IDE\CommonExtensions\Microsoft\CMake\Ninja;C:\Program Files\Microsoft Visual Studio\18\Enterprise\Common7\IDE\VC\Linux\bin\ConnectionManagerExe;C:\Program Files\Microsoft Visual Studio\18\Enterprise\VC\vcpkg
windows	UNKNOWN STEP	2026-10-05T14:01:47.3674168Z   Platform: x64
windows	UNKNOWN STEP	2026-10-05T14:01:47.3674388Z   UCRTVersion: 10.0.26100.0
windows	UNKNOWN STEP	2026-10-05T14:01:47.3674630Z   UniversalCRTSdkDir: C:\Program Files (x86)\Windows Kits\10\
windows	UNKNOWN STEP	2026-10-05T14:01:47.3674887Z   use_x64_llvm: true
windows	UNKNOWN STEP	2026-10-05T14:01:47.3675180Z   VCIDEInstallDir: C:\Program Files\Microsoft Visual Studio\18\Enterprise\Common7\IDE\VC\
windows	UNKNOWN STEP	2026-10-05T14:01:47.3675592Z   VCINSTALLDIR: C:\Program Files\Microsoft Visual Studio\18\Enterprise\VC\
windows	UNKNOWN STEP	2026-10-05T14:01:47.3675957Z   VCPKG_ROOT: C:\Program Files\Microsoft Visual Studio\18\Enterprise\VC\vcpkg
windows	UNKNOWN STEP	2026-10-05T14:01:47.3676405Z   VCToolsInstallDir: C:\Program Files\Microsoft Visual Studio\18\Enterprise\VC\Tools\MSVC\14.51.36231\
windows	UNKNOWN STEP	2026-10-05T14:01:47.3676899Z   VCToolsRedistDir: C:\Program Files\Microsoft Visual Studio\18\Enterprise\VC\Redist\MSVC\14.51.36231\
windows	UNKNOWN STEP	2026-10-05T14:01:47.3677250Z   VCToolsVersion: 14.51.36231
windows	UNKNOWN STEP	2026-10-05T14:01:47.3677440Z   VisualStudioVersion: 18.0
windows	UNKNOWN STEP	2026-10-05T14:01:47.3677742Z   VS180COMNTOOLS: C:\Program Files\Microsoft Visual Studio\18\Enterprise\Common7\Tools\
windows	UNKNOWN STEP	2026-10-05T14:01:47.3678068Z   VSCMD_ARG_app_plat: Desktop
windows	UNKNOWN STEP	2026-10-05T14:01:47.3678251Z   VSCMD_ARG_HOST_ARCH: x64
windows	UNKNOWN STEP	2026-10-05T14:01:47.3678423Z   VSCMD_ARG_TGT_ARCH: x64
windows	UNKNOWN STEP	2026-10-05T14:01:47.3678598Z   VSCMD_VER: 18.10.2
windows	UNKNOWN STEP	2026-10-05T14:01:47.3678838Z   VSINSTALLDIR: C:\Program Files\Microsoft Visual Studio\18\Enterprise\
windows	UNKNOWN STEP	2026-10-05T14:01:47.3679204Z   VSSDK150INSTALL: C:\Program Files\Microsoft Visual Studio\18\Enterprise\VSSDK
windows	UNKNOWN STEP	2026-10-05T14:01:47.3679582Z   VSSDKINSTALL: C:\Program Files\Microsoft Visual Studio\18\Enterprise\VSSDK
windows	UNKNOWN STEP	2026-10-05T14:01:47.3680107Z   WindowsLibPath: C:\Program Files (x86)\Windows Kits\10\UnionMetadata\10.0.26100.0;C:\Program Files (x86)\Windows Kits\10\References\10.0.26100.0
windows	UNKNOWN STEP	2026-10-05T14:01:47.3680606Z   WindowsSdkBinPath: C:\Program Files (x86)\Windows Kits\10\bin\
windows	UNKNOWN STEP	2026-10-05T14:01:47.3680920Z   WindowsSdkDir: C:\Program Files (x86)\Windows Kits\10\
windows	UNKNOWN STEP	2026-10-05T14:01:47.3681175Z   WindowsSDKLibVersion: 10.0.26100.0\
windows	UNKNOWN STEP	2026-10-05T14:01:47.3681463Z   WindowsSdkVerBinPath: C:\Program Files (x86)\Windows Kits\10\bin\10.0.26100.0\
windows	UNKNOWN STEP	2026-10-05T14:01:47.3681763Z   WindowsSDKVersion: 10.0.26100.0\
windows	UNKNOWN STEP	2026-10-05T14:01:47.3682119Z   WindowsSDK_ExecutablePath_x64: C:\Program Files (x86)\Microsoft SDKs\Windows\v10.0A\bin\NETFX 4.8.1 Tools\x64\
windows	UNKNOWN STEP	2026-10-05T14:01:47.3682643Z   WindowsSDK_ExecutablePath_x86: C:\Program Files (x86)\Microsoft SDKs\Windows\v10.0A\bin\NETFX 4.8.1 Tools\
windows	UNKNOWN STEP	2026-10-05T14:01:47.3682992Z   __DOTNET_ADD_64BIT: 1
windows	UNKNOWN STEP	2026-10-05T14:01:47.3683168Z   __DOTNET_PREFERRED_BITNESS: 64
windows	UNKNOWN STEP	2026-10-05T14:01:47.3689818Z   __VSCMD_PREINIT_PATH: C:\Program Files\MongoDB\Server\7.0\bin;C:\vcpkg;C:\tools\zstd;C:\hostedtoolcache\windows\stack\3.11.1\x64;C:\cabal\bin;C:\\ghcup\bin;C:\mingw64\bin;C:\Program Files\dotnet;C:\Program Files\MySQL\MySQL Server 8.0\bin;C:\Program Files\R\R-4.6.1\bin\x64;C:\SeleniumWebDrivers\GeckoDriver;C:\SeleniumWebDrivers\EdgeDriver\;C:\SeleniumWebDrivers\ChromeDriver;C:\Program Files (x86)\sbt\bin;C:\Program Files (x86)\GitHub CLI;C:\Program Files\Git\bin;C:\Program Files (x86)\pipx_bin;C:\npm\prefix;C:\hostedtoolcache\windows\go\1.24.13\x64\bin;C:\hostedtoolcache\windows\Python\3.12.10\x64\Scripts;C:\hostedtoolcache\windows\Python\3.12.10\x64;C:\hostedtoolcache\windows\Ruby\3.3.12\x64\bin;C:\Program Files\OpenSSL\bin;C:\tools\kotlinc\bin;C:\hostedtoolcache\windows\Java_Temurin-Hotspot_jdk\17.0.20-101\x64\bin;C:\Program Files\ImageMagick-7.1.2-Q16-HDRI;C:\Program Files\Microsoft SDKs\Azure\CLI2\wbin;C:\ProgramData\kind;C:\ProgramData\Chocolatey\bin;C:\Windows\system32;C:\Windows;C:\Windows\System32\Wbem;C:\Windows\System32\WindowsPowerShell\v1.0\;C:\Windows\System32\OpenSSH\;C:\Program Files\PowerShell\7\;C:\Program Files\Microsoft\Web Platform Installer\;C:\Program Files\Microsoft SQL Server\170\Tools\Binn\;C:\Program Files\Microsoft SQL Server\Client SDK\ODBC\170\Tools\Binn\;C:\Program Files\dotnet\;C:\Program Files (x86)\Windows Kits\10\Windows Performance Toolkit\;C:\Program Files (x86)\WiX Toolset v3.14\bin;C:\Program Files\Microsoft SQL Server\130\DTS\Binn\;C:\Program Files\Microsoft SQL Server\140\DTS\Binn\;C:\Program Files\Microsoft SQL Server\150\DTS\Binn\;C:\Program Files\Microsoft SQL Server\160\DTS\Binn\;C:\Program Files\Microsoft SQL Server\170\DTS\Binn\;C:\ProgramData\chocolatey\lib\pulumi\tools\Pulumi\bin;C:\Program Files\CMake\bin;C:\Strawberry\c\bin;C:\Strawberry\perl\site\bin;C:\Strawberry\perl\bin;C:\ProgramData\chocolatey\lib\maven\apache-maven-3.9.16\bin;C:\Program Files\Microsoft Service Fabric\bin\Fabric\Fabric.Code;C:\Program Files\Microsoft SDKs\Service Fabric\Tools\ServiceFabricLocalClusterManager;C:\Program Files\nodejs\;C:\Program Files\Git\cmd;C:\Program Files\Git\mingw64\bin;C:\Program Files\Git\usr\bin;C:\Program Files\GitHub CLI\;c:\tools\php;C:\Program Files (x86)\sbt\bin;C:\Program Files\Amazon\AWSCLIV2\;C:\Program Files\Amazon\SessionManagerPlugin\bin\;C:\Program Files\Amazon\AWSSAMCLI\bin\;C:\Program Files\Microsoft SQL Server\130\Tools\Binn\;C:\Program Files\mongosh\;C:\Program Files\LLVM\bin;C:\Program Files (x86)\LLVM\bin;C:\Users\runneradmin\.dotnet\tools;C:\Users\runneradmin\.cargo\bin;C:\Users\runneradmin\AppData\Local\Microsoft\WindowsApps;C:\Program Files (x86)\Microsoft Visual Studio\Installer
windows	UNKNOWN STEP	2026-10-05T14:01:47.3696890Z   CACHE_ON_FAILURE: false
windows	UNKNOWN STEP	2026-10-05T14:01:47.3697098Z   LIBCLANG_PATH: C:\Program Files\LLVM\bin
windows	UNKNOWN STEP	2026-10-05T14:01:47.3697308Z ##[endgroup]
windows	UNKNOWN STEP	2026-10-05T14:01:48.7812170Z ^[[1m^[[92m    Updating^[[0m crates.io index
windows	UNKNOWN STEP	2026-10-05T14:02:00.3757040Z ^[[1m^[[92m    Checking^[[0m playsparse-core v0.1.0 (D:\a\PlaySparse\PlaySparse\crates\playsparse-core)
windows	UNKNOWN STEP	2026-10-05T14:02:00.3839744Z ^[[1m^[[92m   Compiling^[[0m playsparse-vfs-win v0.1.0 (D:\a\PlaySparse\PlaySparse\crates\playsparse-vfs-win)
windows	UNKNOWN STEP	2026-10-05T14:02:00.3850145Z ^[[1m^[[92m   Compiling^[[0m playsparse-cli v0.1.0 (D:\a\PlaySparse\PlaySparse\crates\playsparse-cli)
windows	UNKNOWN STEP	2026-10-05T14:02:00.6146460Z ^[[1m^[[92m    Checking^[[0m playsparse-game v0.1.0 (D:\a\PlaySparse\PlaySparse\crates\playsparse-game)
windows	UNKNOWN STEP	2026-10-05T14:02:00.6240959Z ^[[1m^[[92m    Checking^[[0m playsparse-trace v0.1.0 (D:\a\PlaySparse\PlaySparse\crates\playsparse-trace)
windows	UNKNOWN STEP	2026-10-05T14:02:00.8178179Z ^[[1m^[[92m    Checking^[[0m playsparse-policy v0.1.0 (D:\a\PlaySparse\PlaySparse\crates\playsparse-policy)
windows	UNKNOWN STEP	2026-10-05T14:02:00.9715427Z ^[[1m^[[92m    Checking^[[0m playsparse-cache v0.1.0 (D:\a\PlaySparse\PlaySparse\crates\playsparse-cache)
windows	UNKNOWN STEP	2026-10-05T14:02:01.1531619Z ^[[1m^[[92m    Checking^[[0m playsparse-store v0.1.0 (D:\a\PlaySparse\PlaySparse\crates\playsparse-store)
windows	UNKNOWN STEP	2026-10-05T14:02:01.5196627Z ^[[1m^[[92m    Checking^[[0m playsparse-range v0.1.0 (D:\a\PlaySparse\PlaySparse\crates\playsparse-range)
windows	UNKNOWN STEP	2026-10-05T14:02:01.6725256Z ^[[1m^[[92m    Checking^[[0m playsparse-overlay v0.1.0 (D:\a\PlaySparse\PlaySparse\crates\playsparse-overlay)
windows	UNKNOWN STEP	2026-10-05T14:02:02.0021279Z ^[[1m^[[92m    Checking^[[0m playsparse-vfs-fuse v0.1.0 (D:\a\PlaySparse\PlaySparse\crates\playsparse-vfs-fuse)
windows	UNKNOWN STEP	2026-10-05T14:02:02.6293403Z ^[[1m^[[92m    Checking^[[0m io-probe v0.1.0 (D:\a\PlaySparse\PlaySparse\tools\io-probe)
windows	UNKNOWN STEP	2026-10-05T14:02:04.7973483Z ^[[1m^[[92m    Finished^[[0m `dev` profile [unoptimized + debuginfo] target(s) in 16.07s
windows	UNKNOWN STEP	2026-10-05T14:02:04.9535779Z ##[group]Run cargo test --locked --workspace
windows	UNKNOWN STEP	2026-10-05T14:02:04.9536116Z ^[[36;1mcargo test --locked --workspace^[[0m
windows	UNKNOWN STEP	2026-10-05T14:02:04.9600996Z shell: C:\Program Files\PowerShell\7\pwsh.EXE -command ". '{0}'"
windows	UNKNOWN STEP	2026-10-05T14:02:04.9601288Z env:
windows	UNKNOWN STEP	2026-10-05T14:02:04.9601469Z   CARGO_HOME: C:\Users\runneradmin\.cargo
windows	UNKNOWN STEP	2026-10-05T14:02:04.9601685Z   CARGO_INCREMENTAL: 0
windows	UNKNOWN STEP	2026-10-05T14:02:04.9601983Z   CARGO_TERM_COLOR: always
windows	UNKNOWN STEP	2026-10-05T14:02:04.9602236Z   CommandPromptType: Native
windows	UNKNOWN STEP	2026-10-05T14:02:04.9602550Z   DevEnvDir: C:\Program Files\Microsoft Visual Studio\18\Enterprise\Common7\IDE\
windows	UNKNOWN STEP	2026-10-05T14:02:04.9602982Z   ExtensionSdkDir: C:\Program Files (x86)\Microsoft SDKs\Windows Kits\10\ExtensionSDKs
windows	UNKNOWN STEP	2026-10-05T14:02:04.9605265Z   EXTERNAL_INCLUDE: C:\Program Files\Microsoft Visual Studio\18\Enterprise\VC\Tools\MSVC\14.51.36231\include;C:\Program Files\Microsoft Visual Studio\18\Enterprise\VC\Tools\MSVC\14.51.36231\ATLMFC\include;C:\Program Files\Microsoft Visual Studio\18\Enterprise\VC\Auxiliary\VS\include;C:\Program Files (x86)\Windows Kits\10\include\10.0.26100.0\ucrt;C:\Program Files (x86)\Windows Kits\10\\include\10.0.26100.0\\um;C:\Program Files (x86)\Windows Kits\10\\include\10.0.26100.0\\shared;C:\Program Files (x86)\Windows Kits\10\\include\10.0.26100.0\\winrt;C:\Program Files (x86)\Windows Kits\10\\include\10.0.26100.0\\cppwinrt;C:\Program Files (x86)\Windows Kits\NETFXSDK\4.8.1\include\um
windows	UNKNOWN STEP	2026-10-05T14:02:04.9607085Z   Framework40Version: v4.0
windows	UNKNOWN STEP	2026-10-05T14:02:04.9607318Z   FrameworkDir: C:\Windows\Microsoft.NET\Framework64\
windows	UNKNOWN STEP	2026-10-05T14:02:04.9607591Z   FrameworkDir64: C:\Windows\Microsoft.NET\Framework64\
windows	UNKNOWN STEP	2026-10-05T14:02:04.9607838Z   FrameworkVersion: v4.0.30319
windows	UNKNOWN STEP	2026-10-05T14:02:04.9608030Z   FrameworkVersion64: v4.0.30319
windows	UNKNOWN STEP	2026-10-05T14:02:04.9608582Z   FSHARPINSTALLDIR: C:\Program Files\Microsoft Visual Studio\18\Enterprise\Common7\IDE\CommonExtensions\Microsoft\FSharp\Tools
windows	UNKNOWN STEP	2026-10-05T14:02:04.9609049Z   HTMLHelpDir: C:\Program Files (x86)\HTML Help Workshop
windows	UNKNOWN STEP	2026-10-05T14:02:04.9611389Z   INCLUDE: C:\Program Files\Microsoft Visual Studio\18\Enterprise\VC\Tools\MSVC\14.51.36231\include;C:\Program Files\Microsoft Visual Studio\18\Enterprise\VC\Tools\MSVC\14.51.36231\ATLMFC\include;C:\Program Files\Microsoft Visual Studio\18\Enterprise\VC\Auxiliary\VS\include;C:\Program Files (x86)\Windows Kits\10\include\10.0.26100.0\ucrt;C:\Program Files (x86)\Windows Kits\10\\include\10.0.26100.0\\um;C:\Program Files (x86)\Windows Kits\10\\include\10.0.26100.0\\shared;C:\Program Files (x86)\Windows Kits\10\\include\10.0.26100.0\\winrt;C:\Program Files (x86)\Windows Kits\10\\include\10.0.26100.0\\cppwinrt;C:\Program Files (x86)\Windows Kits\NETFXSDK\4.8.1\include\um
windows	UNKNOWN STEP	2026-10-05T14:02:04.9627407Z   LIB: C:\Program Files\Microsoft Visual Studio\18\Enterprise\VC\Tools\MSVC\14.51.36231\ATLMFC\lib\x64;C:\Program Files\Microsoft Visual Studio\18\Enterprise\VC\Tools\MSVC\14.51.36231\lib\x64;C:\Program Files (x86)\Windows Kits\NETFXSDK\4.8.1\lib\um\x64;C:\Program Files (x86)\Windows Kits\10\lib\10.0.26100.0\ucrt\x64;C:\Program Files (x86)\Windows Kits\10\\lib\10.0.26100.0\\um\x64
windows	UNKNOWN STEP	2026-10-05T14:02:04.9629397Z   LIBPATH: C:\Program Files\Microsoft Visual Studio\18\Enterprise\VC\Tools\MSVC\14.51.36231\ATLMFC\lib\x64;C:\Program Files\Microsoft Visual Studio\18\Enterprise\VC\Tools\MSVC\14.51.36231\lib\x64;C:\Program Files\Microsoft Visual Studio\18\Enterprise\VC\Tools\MSVC\14.51.36231\lib\x86\store\references;C:\Program Files (x86)\Windows Kits\10\UnionMetadata\10.0.26100.0;C:\Program Files (x86)\Windows Kits\10\References\10.0.26100.0;C:\Windows\Microsoft.NET\Framework64\v4.0.30319
windows	UNKNOWN STEP	2026-10-05T14:02:04.9630700Z   llvmArm64: C:\Program Files\Microsoft Visual Studio\18\Enterprise\VC\Tools\Llvm\ARM64\bin
windows	UNKNOWN STEP	2026-10-05T14:02:04.9631144Z   llvmX64: C:\Program Files\Microsoft Visual Studio\18\Enterprise\VC\Tools\Llvm\x64\bin
windows	UNKNOWN STEP	2026-10-05T14:02:04.9631533Z   NETFXSDKDir: C:\Program Files (x86)\Windows Kits\NETFXSDK\4.8.1\
windows	UNKNOWN STEP	2026-10-05T14:02:04.9644411Z   Path: C:\Program Files\Microsoft Visual Studio\18\Enterprise\VC\Tools\MSVC\14.51.36231\bin\HostX64\x64;C:\Program Files\Microsoft Visual Studio\18\Enterprise\Common7\IDE\VC\VCPackages;C:\Program Files\Microsoft Visual Studio\18\Enterprise\Common7\IDE\CommonExtensions\Microsoft\TestWindow;C:\Program Files\Microsoft Visual Studio\18\Enterprise\Common7\IDE\CommonExtensions\Microsoft\TeamFoundation\Team Explorer;C:\Program Files\Microsoft Visual Studio\18\Enterprise\MSBuild\Current\bin\Roslyn;C:\Program Files (x86)\Microsoft SDKs\Windows\v10.0A\bin\NETFX 4.8.1 Tools\x64\;C:\Program Files (x86)\HTML Help Workshop;C:\Program Files\Microsoft Visual Studio\18\Enterprise\Common7\IDE\CommonExtensions\Microsoft\FSharp\Tools;C:\Program Files\Microsoft Visual Studio\18\Enterprise\Team Tools\DiagnosticsHub\Collector;C:\Program Files\Microsoft Visual Studio\18\Enterprise\Common7\IDE\Extensions\Microsoft\CodeCoverage.Console;C:\Program Files (x86)\Windows Kits\10\bin\10.0.26100.0\\x64;C:\Program Files (x86)\Windows Kits\10\bin\\x64;C:\Program Files\Microsoft Visual Studio\18\Enterprise\\MSBuild\Current\Bin\amd64;C:\Windows\Microsoft.NET\Framework64\v4.0.30319;C:\Program Files\Microsoft Visual Studio\18\Enterprise\Common7\IDE\;C:\Program Files\Microsoft Visual Studio\18\Enterprise\Common7\Tools\;C:\Program Files\MongoDB\Server\7.0\bin;C:\vcpkg;C:\tools\zstd;C:\hostedtoolcache\windows\stack\3.11.1\x64;C:\cabal\bin;C:\\ghcup\bin;C:\mingw64\bin;C:\Program Files\dotnet;C:\Program Files\MySQL\MySQL Server 8.0\bin;C:\Program Files\R\R-4.6.1\bin\x64;C:\SeleniumWebDrivers\GeckoDriver;C:\SeleniumWebDrivers\EdgeDriver\;C:\SeleniumWebDrivers\ChromeDriver;C:\Program Files (x86)\sbt\bin;C:\Program Files (x86)\GitHub CLI;C:\Program Files\Git\bin;C:\Program Files (x86)\pipx_bin;C:\npm\prefix;C:\hostedtoolcache\windows\go\1.24.13\x64\bin;C:\hostedtoolcache\windows\Python\3.12.10\x64\Scripts;C:\hostedtoolcache\windows\Python\3.12.10\x64;C:\hostedtoolcache\windows\Ruby\3.3.12\x64\bin;C:\Program Files\OpenSSL\bin;C:\tools\kotlinc\bin;C:\hostedtoolcache\windows\Java_Temurin-Hotspot_jdk\17.0.20-101\x64\bin;C:\Program Files\ImageMagick-7.1.2-Q16-HDRI;C:\Program Files\Microsoft SDKs\Azure\CLI2\wbin;C:\ProgramData\kind;C:\ProgramData\Chocolatey\bin;C:\Windows\system32;C:\Windows;C:\Windows\System32\Wbem;C:\Windows\System32\WindowsPowerShell\v1.0\;C:\Windows\System32\OpenSSH\;C:\Program Files\PowerShell\7\;C:\Program Files\Microsoft\Web Platform Installer\;C:\Program Files\Microsoft SQL Server\170\Tools\Binn\;C:\Program Files\Microsoft SQL Server\Client SDK\ODBC\170\Tools\Binn\;C:\Program Files\dotnet\;C:\Program Files (x86)\Windows Kits\10\Windows Performance Toolkit\;C:\Program Files (x86)\WiX Toolset v3.14\bin;C:\Program Files\Microsoft SQL Server\130\DTS\Binn\;C:\Program Files\Microsoft SQL Server\140\DTS\Binn\;C:\Program Files\Microsoft SQL Server\150\DTS\Binn\;C:\Program Files\Microsoft SQL Server\160\DTS\Binn\;C:\Program Files\Microsoft SQL Server\170\DTS\Binn\;C:\ProgramData\chocolatey\lib\pulumi\tools\Pulumi\bin;C:\Program Files\CMake\bin;C:\Strawberry\c\bin;C:\Strawberry\perl\site\bin;C:\Strawberry\perl\bin;C:\ProgramData\chocolatey\lib\maven\apache-maven-3.9.16\bin;C:\Program Files\Microsoft Service Fabric\bin\Fabric\Fabric.Code;C:\Program Files\Microsoft SDKs\Service Fabric\Tools\ServiceFabricLocalClusterManager;C:\Program Files\nodejs\;C:\Program Files\Git\cmd;C:\Program Files\Git\mingw64\bin;C:\Program Files\Git\usr\bin;C:\Program Files\GitHub CLI\;c:\tools\php;C:\Program Files\Amazon\AWSCLIV2\;C:\Program Files\Amazon\SessionManagerPlugin\bin\;C:\Program Files\Amazon\AWSSAMCLI\bin\;C:\Program Files\Microsoft SQL Server\130\Tools\Binn\;C:\Program Files\mongosh\;C:\Program Files\LLVM\bin;C:\Program Files (x86)\LLVM\bin;C:\Users\runneradmin\.dotnet\tools;C:\Users\runneradmin\.cargo\bin;C:\Users\runneradmin\AppData\Local\Microsoft\WindowsApps;C:\Program Files (x86)\Microsoft Visual Studio\Installer;C:\Program Files\Microsoft Visual Studio\18\Enterprise\VC\Tools\Llvm\x64\bin;C:\Program Files\Microsoft Visual Studio\18\Enterprise\Common7\IDE\CommonExtensions\Microsoft\CMake\CMake\bin;C:\Program Files\Microsoft Visual Studio\18\Enterprise\Common7\IDE\CommonExtensions\Microsoft\CMake\Ninja;C:\Program Files\Microsoft Visual Studio\18\Enterprise\Common7\IDE\VC\Linux\bin\ConnectionManagerExe;C:\Program Files\Microsoft Visual Studio\18\Enterprise\VC\vcpkg
windows	UNKNOWN STEP	2026-10-05T14:02:04.9655613Z   Platform: x64
windows	UNKNOWN STEP	2026-10-05T14:02:04.9655868Z   UCRTVersion: 10.0.26100.0
windows	UNKNOWN STEP	2026-10-05T14:02:04.9656107Z   UniversalCRTSdkDir: C:\Program Files (x86)\Windows Kits\10\
windows	UNKNOWN STEP	2026-10-05T14:02:04.9656364Z   use_x64_llvm: true
windows	UNKNOWN STEP	2026-10-05T14:02:04.9656647Z   VCIDEInstallDir: C:\Program Files\Microsoft Visual Studio\18\Enterprise\Common7\IDE\VC\
windows	UNKNOWN STEP	2026-10-05T14:02:04.9657051Z   VCINSTALLDIR: C:\Program Files\Microsoft Visual Studio\18\Enterprise\VC\
windows	UNKNOWN STEP	2026-10-05T14:02:04.9657412Z   VCPKG_ROOT: C:\Program Files\Microsoft Visual Studio\18\Enterprise\VC\vcpkg
windows	UNKNOWN STEP	2026-10-05T14:02:04.9657845Z   VCToolsInstallDir: C:\Program Files\Microsoft Visual Studio\18\Enterprise\VC\Tools\MSVC\14.51.36231\
windows	UNKNOWN STEP	2026-10-05T14:02:04.9658343Z   VCToolsRedistDir: C:\Program Files\Microsoft Visual Studio\18\Enterprise\VC\Redist\MSVC\14.51.36231\
windows	UNKNOWN STEP	2026-10-05T14:02:04.9658688Z   VCToolsVersion: 14.51.36231
windows	UNKNOWN STEP	2026-10-05T14:02:04.9658875Z   VisualStudioVersion: 18.0
windows	UNKNOWN STEP	2026-10-05T14:02:04.9659155Z   VS180COMNTOOLS: C:\Program Files\Microsoft Visual Studio\18\Enterprise\Common7\Tools\
windows	UNKNOWN STEP	2026-10-05T14:02:04.9659472Z   VSCMD_ARG_app_plat: Desktop
windows	UNKNOWN STEP	2026-10-05T14:02:04.9659650Z   VSCMD_ARG_HOST_ARCH: x64
windows	UNKNOWN STEP	2026-10-05T14:02:04.9659820Z   VSCMD_ARG_TGT_ARCH: x64
windows	UNKNOWN STEP	2026-10-05T14:02:04.9659979Z   VSCMD_VER: 18.10.2
windows	UNKNOWN STEP	2026-10-05T14:02:04.9660204Z   VSINSTALLDIR: C:\Program Files\Microsoft Visual Studio\18\Enterprise\
windows	UNKNOWN STEP	2026-10-05T14:02:04.9660568Z   VSSDK150INSTALL: C:\Program Files\Microsoft Visual Studio\18\Enterprise\VSSDK
windows	UNKNOWN STEP	2026-10-05T14:02:04.9660929Z   VSSDKINSTALL: C:\Program Files\Microsoft Visual Studio\18\Enterprise\VSSDK
windows	UNKNOWN STEP	2026-10-05T14:02:04.9661442Z   WindowsLibPath: C:\Program Files (x86)\Windows Kits\10\UnionMetadata\10.0.26100.0;C:\Program Files (x86)\Windows Kits\10\References\10.0.26100.0
windows	UNKNOWN STEP	2026-10-05T14:02:04.9661940Z   WindowsSdkBinPath: C:\Program Files (x86)\Windows Kits\10\bin\
windows	UNKNOWN STEP	2026-10-05T14:02:04.9662241Z   WindowsSdkDir: C:\Program Files (x86)\Windows Kits\10\
windows	UNKNOWN STEP	2026-10-05T14:02:04.9662481Z   WindowsSDKLibVersion: 10.0.26100.0\
windows	UNKNOWN STEP	2026-10-05T14:02:04.9662769Z   WindowsSdkVerBinPath: C:\Program Files (x86)\Windows Kits\10\bin\10.0.26100.0\
windows	UNKNOWN STEP	2026-10-05T14:02:04.9663074Z   WindowsSDKVersion: 10.0.26100.0\
windows	UNKNOWN STEP	2026-10-05T14:02:04.9663431Z   WindowsSDK_ExecutablePath_x64: C:\Program Files (x86)\Microsoft SDKs\Windows\v10.0A\bin\NETFX 4.8.1 Tools\x64\
windows	UNKNOWN STEP	2026-10-05T14:02:04.9663936Z   WindowsSDK_ExecutablePath_x86: C:\Program Files (x86)\Microsoft SDKs\Windows\v10.0A\bin\NETFX 4.8.1 Tools\
windows	UNKNOWN STEP	2026-10-05T14:02:04.9664288Z   __DOTNET_ADD_64BIT: 1
windows	UNKNOWN STEP	2026-10-05T14:02:04.9664460Z   __DOTNET_PREFERRED_BITNESS: 64
windows	UNKNOWN STEP	2026-10-05T14:02:04.9671050Z   __VSCMD_PREINIT_PATH: C:\Program Files\MongoDB\Server\7.0\bin;C:\vcpkg;C:\tools\zstd;C:\hostedtoolcache\windows\stack\3.11.1\x64;C:\cabal\bin;C:\\ghcup\bin;C:\mingw64\bin;C:\Program Files\dotnet;C:\Program Files\MySQL\MySQL Server 8.0\bin;C:\Program Files\R\R-4.6.1\bin\x64;C:\SeleniumWebDrivers\GeckoDriver;C:\SeleniumWebDrivers\EdgeDriver\;C:\SeleniumWebDrivers\ChromeDriver;C:\Program Files (x86)\sbt\bin;C:\Program Files (x86)\GitHub CLI;C:\Program Files\Git\bin;C:\Program Files (x86)\pipx_bin;C:\npm\prefix;C:\hostedtoolcache\windows\go\1.24.13\x64\bin;C:\hostedtoolcache\windows\Python\3.12.10\x64\Scripts;C:\hostedtoolcache\windows\Python\3.12.10\x64;C:\hostedtoolcache\windows\Ruby\3.3.12\x64\bin;C:\Program Files\OpenSSL\bin;C:\tools\kotlinc\bin;C:\hostedtoolcache\windows\Java_Temurin-Hotspot_jdk\17.0.20-101\x64\bin;C:\Program Files\ImageMagick-7.1.2-Q16-HDRI;C:\Program Files\Microsoft SDKs\Azure\CLI2\wbin;C:\ProgramData\kind;C:\ProgramData\Chocolatey\bin;C:\Windows\system32;C:\Windows;C:\Windows\System32\Wbem;C:\Windows\System32\WindowsPowerShell\v1.0\;C:\Windows\System32\OpenSSH\;C:\Program Files\PowerShell\7\;C:\Program Files\Microsoft\Web Platform Installer\;C:\Program Files\Microsoft SQL Server\170\Tools\Binn\;C:\Program Files\Microsoft SQL Server\Client SDK\ODBC\170\Tools\Binn\;C:\Program Files\dotnet\;C:\Program Files (x86)\Windows Kits\10\Windows Performance Toolkit\;C:\Program Files (x86)\WiX Toolset v3.14\bin;C:\Program Files\Microsoft SQL Server\130\DTS\Binn\;C:\Program Files\Microsoft SQL Server\140\DTS\Binn\;C:\Program Files\Microsoft SQL Server\150\DTS\Binn\;C:\Program Files\Microsoft SQL Server\160\DTS\Binn\;C:\Program Files\Microsoft SQL Server\170\DTS\Binn\;C:\ProgramData\chocolatey\lib\pulumi\tools\Pulumi\bin;C:\Program Files\CMake\bin;C:\Strawberry\c\bin;C:\Strawberry\perl\site\bin;C:\Strawberry\perl\bin;C:\ProgramData\chocolatey\lib\maven\apache-maven-3.9.16\bin;C:\Program Files\Microsoft Service Fabric\bin\Fabric\Fabric.Code;C:\Program Files\Microsoft SDKs\Service Fabric\Tools\ServiceFabricLocalClusterManager;C:\Program Files\nodejs\;C:\Program Files\Git\cmd;C:\Program Files\Git\mingw64\bin;C:\Program Files\Git\usr\bin;C:\Program Files\GitHub CLI\;c:\tools\php;C:\Program Files (x86)\sbt\bin;C:\Program Files\Amazon\AWSCLIV2\;C:\Program Files\Amazon\SessionManagerPlugin\bin\;C:\Program Files\Amazon\AWSSAMCLI\bin\;C:\Program Files\Microsoft SQL Server\130\Tools\Binn\;C:\Program Files\mongosh\;C:\Program Files\LLVM\bin;C:\Program Files (x86)\LLVM\bin;C:\Users\runneradmin\.dotnet\tools;C:\Users\runneradmin\.cargo\bin;C:\Users\runneradmin\AppData\Local\Microsoft\WindowsApps;C:\Program Files (x86)\Microsoft Visual Studio\Installer
windows	UNKNOWN STEP	2026-10-05T14:02:04.9678499Z   CACHE_ON_FAILURE: false
windows	UNKNOWN STEP	2026-10-05T14:02:04.9678686Z   LIBCLANG_PATH: C:\Program Files\LLVM\bin
windows	UNKNOWN STEP	2026-10-05T14:02:04.9678889Z ##[endgroup]
windows	UNKNOWN STEP	2026-10-05T14:02:05.5075315Z ^[[1m^[[92m   Compiling^[[0m playsparse-core v0.1.0 (D:\a\PlaySparse\PlaySparse\crates\playsparse-core)
windows	UNKNOWN STEP	2026-10-05T14:02:05.5159858Z ^[[1m^[[92m   Compiling^[[0m playsparse-vfs-win v0.1.0 (D:\a\PlaySparse\PlaySparse\crates\playsparse-vfs-win)
windows	UNKNOWN STEP	2026-10-05T14:02:05.5173513Z ^[[1m^[[92m   Compiling^[[0m playsparse-cli v0.1.0 (D:\a\PlaySparse\PlaySparse\crates\playsparse-cli)
windows	UNKNOWN STEP	2026-10-05T14:02:05.7974320Z ^[[1m^[[92m   Compiling^[[0m playsparse-trace v0.1.0 (D:\a\PlaySparse\PlaySparse\crates\playsparse-trace)
windows	UNKNOWN STEP	2026-10-05T14:02:05.7975402Z ^[[1m^[[92m   Compiling^[[0m playsparse-game v0.1.0 (D:\a\PlaySparse\PlaySparse\crates\playsparse-game)
windows	UNKNOWN STEP	2026-10-05T14:02:06.1455332Z ^[[1m^[[92m   Compiling^[[0m playsparse-cache v0.1.0 (D:\a\PlaySparse\PlaySparse\crates\playsparse-cache)
windows	UNKNOWN STEP	2026-10-05T14:02:06.2117301Z ^[[1m^[[92m   Compiling^[[0m playsparse-policy v0.1.0 (D:\a\PlaySparse\PlaySparse\crates\playsparse-policy)
windows	UNKNOWN STEP	2026-10-05T14:02:07.1118496Z ^[[1m^[[92m   Compiling^[[0m playsparse-store v0.1.0 (D:\a\PlaySparse\PlaySparse\crates\playsparse-store)
windows	UNKNOWN STEP	2026-10-05T14:02:07.8330921Z ^[[1m^[[92m   Compiling^[[0m playsparse-range v0.1.0 (D:\a\PlaySparse\PlaySparse\crates\playsparse-range)
windows	UNKNOWN STEP	2026-10-05T14:02:08.8191097Z ^[[1m^[[92m   Compiling^[[0m playsparse-overlay v0.1.0 (D:\a\PlaySparse\PlaySparse\crates\playsparse-overlay)
windows	UNKNOWN STEP	2026-10-05T14:02:09.8363520Z ^[[1m^[[92m   Compiling^[[0m playsparse-vfs-fuse v0.1.0 (D:\a\PlaySparse\PlaySparse\crates\playsparse-vfs-fuse)
windows	UNKNOWN STEP	2026-10-05T14:02:15.6627612Z ^[[1m^[[92m   Compiling^[[0m io-probe v0.1.0 (D:\a\PlaySparse\PlaySparse\tools\io-probe)
windows	UNKNOWN STEP	2026-10-05T14:02:19.1602615Z ^[[1m^[[92m    Finished^[[0m `test` profile [unoptimized + debuginfo] target(s) in 13.91s
windows	UNKNOWN STEP	2026-10-05T14:02:19.1733874Z ^[[1m^[[92m     Running^[[0m unittests src\main.rs (target\debug\deps\io_probe-13f68818fdeb3414.exe)
windows	UNKNOWN STEP	2026-10-05T14:02:19.1820539Z 
windows	UNKNOWN STEP	2026-10-05T14:02:19.1820975Z running 0 tests
windows	UNKNOWN STEP	2026-10-05T14:02:19.1821164Z 
windows	UNKNOWN STEP	2026-10-05T14:02:19.1821521Z test result: ok. 0 passed; 0 failed; 0 ignored; 0 measured; 0 filtered out; finished in 0.00s
windows	UNKNOWN STEP	2026-10-05T14:02:19.1821946Z 
windows	UNKNOWN STEP	2026-10-05T14:02:19.1837777Z ^[[1m^[[92m     Running^[[0m unittests src\lib.rs (target\debug\deps\playsparse_cache-6e87c851a35189b9.exe)
windows	UNKNOWN STEP	2026-10-05T14:02:19.1922247Z 
windows	UNKNOWN STEP	2026-10-05T14:02:19.1922661Z running 15 tests
windows	UNKNOWN STEP	2026-10-05T14:02:19.1940246Z test tests::invalid_known_sizes_do_not_load_and_mismatched_size_fails_closed ... ok
windows	UNKNOWN STEP	2026-10-05T14:02:19.1940803Z test tests::errors_wake_waiters_and_allow_retry ... ok
windows	UNKNOWN STEP	2026-10-05T14:02:19.1941306Z test tests::adaptive_priority_changes_eviction_and_decays_under_new_traffic ... ok
windows	UNKNOWN STEP	2026-10-05T14:02:19.1941964Z test tests::admission_is_rechecked_after_racing_demand_without_evicting_protected_bytes ... ok
windows	UNKNOWN STEP	2026-10-05T14:02:19.1942628Z test tests::prefetch_useful_wasted_and_final_accounting_are_conserved ... ok
windows	UNKNOWN STEP	2026-10-05T14:02:19.1951030Z test tests::racing_demand_claims_prefetch_once_and_preserves_loaded_tier ... ok
windows	UNKNOWN STEP	2026-10-05T14:02:19.1951647Z test tests::panicking_loader_releases_flight_and_permit ... ok
windows	UNKNOWN STEP	2026-10-05T14:02:19.1952248Z test tests::racing_demand_makes_a_known_size_prefetch_flight_demand_admission ... ok
windows	UNKNOWN STEP	2026-10-05T14:02:19.1956199Z test tests::speculation_checks_every_variable_size_victim_without_partial_eviction ... ok
windows	UNKNOWN STEP	2026-10-05T14:02:19.1958512Z test tests::speculative_errors_do_not_strand_demand_or_count_loaded_bytes ... ok
windows	UNKNOWN STEP	2026-10-05T14:02:19.1964033Z test tests::speculation_does_not_wait_behind_saturated_demand_loads ... ok
windows	UNKNOWN STEP	2026-10-05T14:02:19.1964721Z test tests::speculative_hits_do_not_age_demand_priority_or_refresh_lru_recency ... ok
windows	UNKNOWN STEP	2026-10-05T14:02:19.1966936Z test tests::weighted_lru_and_oversized_bypass ... ok
windows	UNKNOWN STEP	2026-10-05T14:02:19.2962380Z test tests::sixteen_threads_share_one_load_even_with_zero_cache ... ok
windows	UNKNOWN STEP	2026-10-05T14:02:19.4275191Z test tests::speculative_entry_pressure_and_search_limits_do_not_start_loads ... ok
windows	UNKNOWN STEP	2026-10-05T14:02:19.4275499Z 
windows	UNKNOWN STEP	2026-10-05T14:02:19.4275698Z test result: ok. 15 passed; 0 failed; 0 ignored; 0 measured; 0 filtered out; finished in 0.24s
windows	UNKNOWN STEP	2026-10-05T14:02:19.4275971Z 
windows	UNKNOWN STEP	2026-10-05T14:02:19.4296110Z ^[[1m^[[92m     Running^[[0m unittests src\main.rs (target\debug\deps\playsparse-b53ea07a5c8cf69b.exe)
windows	UNKNOWN STEP	2026-10-05T14:02:19.4389910Z 
windows	UNKNOWN STEP	2026-10-05T14:02:19.4390211Z running 7 tests
windows	UNKNOWN STEP	2026-10-05T14:02:19.4396051Z test diagnostics::tests::passive_diagnostics_do_not_claim_mount_approval ... ok
windows	UNKNOWN STEP	2026-10-05T14:02:19.4397192Z test diagnostics::tests::blocked_probe_never_runs_when_prerequisites_are_missing ... ok
windows	UNKNOWN STEP	2026-10-05T14:02:19.4397874Z test game::tests::artifact_limit_includes_exact_pretty_bytes_and_newline ... ok
windows	UNKNOWN STEP	2026-10-05T14:02:19.4456588Z test mount_path_tests::unused_drive_mount_root_does_not_require_a_parent ... ok
windows	UNKNOWN STEP	2026-10-05T14:02:19.4457219Z test diagnostics::tests::probe_requires_exact_bytes_and_refuses_longer_or_shorter_content ... ok
windows	UNKNOWN STEP	2026-10-05T14:02:19.4457785Z test game::tests::refuse_nested_output_without_mutating_source ... ok
windows	UNKNOWN STEP	2026-10-05T14:02:19.4460397Z test mount_path_tests::doctor_reports_structured_windows_mount_backend ... ok
windows	UNKNOWN STEP	2026-10-05T14:02:19.4460710Z 
windows	UNKNOWN STEP	2026-10-05T14:02:19.4460897Z test result: ok. 7 passed; 0 failed; 0 ignored; 0 measured; 0 filtered out; finished in 0.01s
windows	UNKNOWN STEP	2026-10-05T14:02:19.4461286Z 
windows	UNKNOWN STEP	2026-10-05T14:02:19.4482892Z ^[[1m^[[92m     Running^[[0m unittests src\lib.rs (target\debug\deps\playsparse_core-bf66df23f2f40d9c.exe)
windows	UNKNOWN STEP	2026-10-05T14:02:19.4565624Z 
windows	UNKNOWN STEP	2026-10-05T14:02:19.4565839Z running 4 tests
windows	UNKNOWN STEP	2026-10-05T14:02:19.4569252Z test tests::reject_unsafe_paths ... ok
windows	UNKNOWN STEP	2026-10-05T14:02:19.4569633Z test tests::official_blake3_vectors ... ok
windows	UNKNOWN STEP	2026-10-05T14:02:19.4657372Z test resources::tests::native_process_measurements_are_present_and_monotonic ... ok
windows	UNKNOWN STEP	2026-10-05T14:02:19.4768061Z test tests::large_offsets ... ok
windows	UNKNOWN STEP	2026-10-05T14:02:19.4768281Z 
windows	UNKNOWN STEP	2026-10-05T14:02:19.4768548Z test result: ok. 4 passed; 0 failed; 0 ignored; 0 measured; 0 filtered out; finished in 0.02s
windows	UNKNOWN STEP	2026-10-05T14:02:19.4768914Z 
windows	UNKNOWN STEP	2026-10-05T14:02:19.4787125Z ^[[1m^[[92m     Running^[[0m unittests src\lib.rs (target\debug\deps\playsparse_game-8349d1648ddc4b71.exe)
windows	UNKNOWN STEP	2026-10-05T14:02:19.4874830Z 
windows	UNKNOWN STEP	2026-10-05T14:02:19.4875144Z running 9 tests
windows	UNKNOWN STEP	2026-10-05T14:02:19.4899167Z test tests::bounded_artifact_read ... ok
windows	UNKNOWN STEP	2026-10-05T14:02:19.4964000Z test tests::extension_is_not_compression_proof ... ok
windows	UNKNOWN STEP	2026-10-05T14:02:19.5284073Z test tests::absent_scanner_falls_back_without_changing_plan ... ok
windows	UNKNOWN STEP	2026-10-05T14:02:19.5329762Z test tests::forged_decision_is_remeasured ... ok
windows	UNKNOWN STEP	2026-10-05T14:02:19.5375482Z test tests::deterministic_measurement_and_plan ... ok
windows	UNKNOWN STEP	2026-10-05T14:02:19.5561364Z test tests::artifact_validation_and_source_mismatch ... ok
windows	UNKNOWN STEP	2026-10-05T14:02:19.5912369Z test tests::scanner_malformed_oversized_and_wrong_source ... ok
windows	UNKNOWN STEP	2026-10-05T14:02:19.5998904Z test tests::scanner_unknown_and_multiple_signals_no_path_leak ... ok
windows	UNKNOWN STEP	2026-10-05T14:02:19.6032226Z test tests::zip_valid_boundaries_and_malformed_count_offset_flags ... ok
windows	UNKNOWN STEP	2026-10-05T14:02:19.6032549Z 
windows	UNKNOWN STEP	2026-10-05T14:02:19.6032750Z test result: ok. 9 passed; 0 failed; 0 ignored; 0 measured; 0 filtered out; finished in 0.12s
windows	UNKNOWN STEP	2026-10-05T14:02:19.6033013Z 
windows	UNKNOWN STEP	2026-10-05T14:02:19.6056404Z ^[[1m^[[92m     Running^[[0m unittests src\lib.rs (target\debug\deps\playsparse_overlay-2a846a50b6ef2713.exe)
windows	UNKNOWN STEP	2026-10-05T14:02:19.6159158Z 
windows	UNKNOWN STEP	2026-10-05T14:02:19.6159456Z running 14 tests
windows	UNKNOWN STEP	2026-10-05T14:02:21.2636869Z test tests::canonical_verbatim_windows_storage_paths_are_supported ... ok
windows	UNKNOWN STEP	2026-10-05T14:02:21.4025628Z test tests::exclusive_lock_is_retained_by_handles_and_discard_preserves_base ... ok
windows	UNKNOWN STEP	2026-10-05T14:02:21.4093670Z test tests::handle_delete_preserves_replacements_and_follows_live_renames ... ok
windows	UNKNOWN STEP	2026-10-05T14:02:21.8608729Z test tests::interrupted_metadata_and_copy_up_orphans_are_collected_without_data_loss ... ok
windows	UNKNOWN STEP	2026-10-05T14:02:22.0513332Z test tests::per_file_serialization_shared_reads_and_atomic_append ... ok
windows	UNKNOWN STEP	2026-10-05T14:02:22.3251290Z test tests::metadata_corruption_missing_objects_and_wrong_base_fail_closed ... ok
windows	UNKNOWN STEP	2026-10-05T14:02:22.6373047Z test tests::create_partial_append_truncate_modes_and_remount ... ok
windows	UNKNOWN STEP	2026-10-05T14:02:22.8588662Z test tests::rename_empty_directory_replace_and_file_replace_remount ... ok
windows	UNKNOWN STEP	2026-10-05T14:02:22.8966735Z test tests::refuses_overlap_unrecognized_roots_and_foreign_handles ... ok
windows	UNKNOWN STEP	2026-10-05T14:02:23.0807252Z test tests::renamed_base_tree_directory_handles_and_tombstones_persist ... ok
windows	UNKNOWN STEP	2026-10-05T14:02:23.3551099Z test tests::strict_paths_read_permissions_limits_and_wrong_types ... ok
windows	UNKNOWN STEP	2026-10-05T14:02:23.3844168Z test tests::stable_file_handles_survive_rename_replace_and_unlink ... ok
windows	UNKNOWN STEP	2026-10-05T14:02:23.5058495Z test tests::syntactically_valid_corrupt_metadata_is_rejected ... ok
windows	UNKNOWN STEP	2026-10-05T14:02:23.5568201Z test tests::truncate_zero_skips_copy_and_large_sparse_offsets_stay_u64 ... ok
windows	UNKNOWN STEP	2026-10-05T14:02:23.5568647Z 
windows	UNKNOWN STEP	2026-10-05T14:02:23.5568889Z test result: ok. 14 passed; 0 failed; 0 ignored; 0 measured; 0 filtered out; finished in 3.94s
windows	UNKNOWN STEP	2026-10-05T14:02:23.5569150Z 
windows	UNKNOWN STEP	2026-10-05T14:02:23.5590600Z ^[[1m^[[92m     Running^[[0m unittests src\lib.rs (target\debug\deps\playsparse_policy-c7d5a8712b2ecf20.exe)
windows	UNKNOWN STEP	2026-10-05T14:02:23.5681369Z 
windows	UNKNOWN STEP	2026-10-05T14:02:23.5681803Z running 6 tests
windows	UNKNOWN STEP	2026-10-05T14:02:23.5689258Z test tests::forward_coverage_counts_unique_bytes_and_resets_for_tiny_bursts_and_gaps ... ok
windows	UNKNOWN STEP	2026-10-05T14:02:23.5690067Z test tests::migrating_dispatch_workers_and_forward_overlap_are_sequential ... ok
windows	UNKNOWN STEP	2026-10-05T14:02:23.5693242Z test tests::sequence_confidence_random_rejection_and_expiry ... ok
windows	UNKNOWN STEP	2026-10-05T14:02:23.5727652Z test tests::strict_invalid_configuration_and_roundtrip ... ok
windows	UNKNOWN STEP	2026-10-05T14:02:23.5777533Z test tests::optimizer_uses_forward_overlap_confidence_and_rejects_random_stream ... ok
windows	UNKNOWN STEP	2026-10-05T14:02:23.5978935Z test tests::hotness_decays_and_tracking_is_bounded ... ok
windows	UNKNOWN STEP	2026-10-05T14:02:23.5979166Z 
windows	UNKNOWN STEP	2026-10-05T14:02:23.5979368Z test result: ok. 6 passed; 0 failed; 0 ignored; 0 measured; 0 filtered out; finished in 0.03s
windows	UNKNOWN STEP	2026-10-05T14:02:23.5979635Z 
windows	UNKNOWN STEP	2026-10-05T14:02:23.5999364Z ^[[1m^[[92m     Running^[[0m unittests src\lib.rs (target\debug\deps\playsparse_range-aafa4451b14fd955.exe)
windows	UNKNOWN STEP	2026-10-05T14:02:23.6106820Z 
windows	UNKNOWN STEP	2026-10-05T14:02:23.6107325Z running 10 tests
windows	UNKNOWN STEP	2026-10-05T14:02:23.6122118Z test prefetch::tests::reservations_dedup_queue_and_cancellation_stay_bounded ... ok
windows	UNKNOWN STEP	2026-10-05T14:02:23.6122832Z test prefetch::tests::expired_requests_never_execute_loader ... ok
windows	UNKNOWN STEP	2026-10-05T14:02:23.6128618Z test prefetch::tests::worker_rechecks_queued_admission_after_demand_changes_the_cache ... ok
windows	UNKNOWN STEP	2026-10-05T14:02:23.6132428Z test prefetch::tests::failed_objects_are_not_requeued_by_repeated_subchunk_predictions ... ok
windows	UNKNOWN STEP	2026-10-05T14:02:23.6358285Z test prefetch::tests::rejected_admission_history_is_bounded_without_source_io ... ok
windows	UNKNOWN STEP	2026-10-05T14:02:23.8900394Z test tests::loads_only_intersecting_chunks_and_handles_overflow ... ok
windows	UNKNOWN STEP	2026-10-05T14:02:23.9452667Z test tests::tiny_sequential_burst_does_not_predict_whole_chunks_until_chunk_coverage ... ok
windows	UNKNOWN STEP	2026-10-05T14:02:24.0416352Z test replay::tests::deterministic_replay_and_prefetch_accounting ... ok
windows	UNKNOWN STEP	2026-10-05T14:02:24.1350391Z test tests::traced_reads_preserve_bytes_and_record_failure ... ok
windows	UNKNOWN STEP	2026-10-05T14:02:36.1729373Z test tests::ranges_equal_source ... ok
windows	UNKNOWN STEP	2026-10-05T14:02:36.1729590Z 
windows	UNKNOWN STEP	2026-10-05T14:02:36.1729810Z test result: ok. 10 passed; 0 failed; 0 ignored; 0 measured; 0 filtered out; finished in 12.56s
windows	UNKNOWN STEP	2026-10-05T14:02:36.1730119Z 
windows	UNKNOWN STEP	2026-10-05T14:02:36.1751201Z ^[[1m^[[92m     Running^[[0m unittests src\lib.rs (target\debug\deps\playsparse_store-b80054def59ab21d.exe)
windows	UNKNOWN STEP	2026-10-05T14:02:36.1859708Z 
windows	UNKNOWN STEP	2026-10-05T14:02:36.1860061Z running 22 tests
windows	UNKNOWN STEP	2026-10-05T14:02:36.1907283Z test publication_tests::rejects_nested_destination_without_mutating_the_source ... ok
windows	UNKNOWN STEP	2026-10-05T14:02:36.2216560Z test game_tests::forged_plan_refused_before_creating_destination_parent ... ok
windows	UNKNOWN STEP	2026-10-05T14:02:36.4149285Z test tests::arbitrary_index_never_panics ... ok
windows	UNKNOWN STEP	2026-10-05T14:02:36.4909036Z test publication_tests::creates_nested_destination_only_outside_the_source ... ok
windows	UNKNOWN STEP	2026-10-05T14:02:36.5402745Z test tests::corrupt_missing_and_partial_are_errors ... ok
windows	UNKNOWN STEP	2026-10-05T14:02:36.5405085Z test tests::index_rejects_length_codec_reserved_and_duplicate ... ok
windows	UNKNOWN STEP	2026-10-05T14:02:36.5685952Z test tests::exclusive_publish_never_replaces_existing_empty_directory ... ok
windows	UNKNOWN STEP	2026-10-05T14:02:36.8811898Z test tests::object_corruption_detected ... ok
windows	UNKNOWN STEP	2026-10-05T14:02:37.1649167Z test tests::deterministic_chunker_index_manifest_and_pack ... ok
windows	UNKNOWN STEP	2026-10-05T14:02:37.3912454Z test tests::pack_verify_dedup_both_layouts ... ok
windows	UNKNOWN STEP	2026-10-05T14:02:37.4291035Z test tests::windows_pack_preserves_writable_and_readonly_intent ... ok
windows	UNKNOWN STEP	2026-10-05T14:02:37.8160557Z test tiers::tests::config_versions_fields_bounds_relative_paths_and_credentials_are_checked ... ok
windows	UNKNOWN STEP	2026-10-05T14:02:37.8592464Z test tiers::tests::concurrent_atomic_promotion_is_single_object_and_never_replaces_peer_data ... ok
windows	UNKNOWN STEP	2026-10-05T14:02:38.0721449Z test tiers::tests::metadata_only_open_retains_seal_index_and_available_pack_checks ... ok
windows	UNKNOWN STEP	2026-10-05T14:02:38.3727747Z test game_tests::measured_codec_byte_identity_and_generic_regression ... ok
windows	UNKNOWN STEP	2026-10-05T14:02:38.5472316Z test tiers::tests::local_corruption_is_hard_error_and_missing_secondary_identity_falls_remote ... ok
windows	UNKNOWN STEP	2026-10-05T14:02:38.8658356Z test tiers::tests::remote_promotion_is_persistent_verified_and_offline_readable ... ok
windows	UNKNOWN STEP	2026-10-05T14:02:38.9903712Z test tiers::tests::primary_and_metadata_only_remote_ranges_preserve_identity_and_bounds ... ok
windows	UNKNOWN STEP	2026-10-05T14:02:39.0253738Z test tiers::tests::header_and_body_timeouts_have_bounded_retry_and_metrics ... ok
windows	UNKNOWN STEP	2026-10-05T14:02:39.3519670Z test tiers::tests::secondary_own_locator_promotion_and_reopen_without_upstream ... ok
windows	UNKNOWN STEP	2026-10-05T14:02:39.5471942Z test tiers::tests::unreachable_remote_is_sanitized_and_local_fallback_avoids_http ... ok
windows	UNKNOWN STEP	2026-10-05T14:02:39.8963544Z test tiers::tests::remote_protocol_and_integrity_failures_never_return_unverified_bytes ... ok
windows	UNKNOWN STEP	2026-10-05T14:02:39.8963880Z 
windows	UNKNOWN STEP	2026-10-05T14:02:39.8964069Z test result: ok. 22 passed; 0 failed; 0 ignored; 0 measured; 0 filtered out; finished in 3.71s
windows	UNKNOWN STEP	2026-10-05T14:02:39.8964337Z 
windows	UNKNOWN STEP	2026-10-05T14:02:39.8987715Z ^[[1m^[[92m     Running^[[0m unittests src\lib.rs (target\debug\deps\playsparse_trace-8a3c6ab915bef324.exe)
windows	UNKNOWN STEP	2026-10-05T14:02:39.9078385Z 
windows	UNKNOWN STEP	2026-10-05T14:02:39.9078859Z running 10 tests
windows	UNKNOWN STEP	2026-10-05T14:02:39.9090306Z test tests::full_queue_drops_without_blocking_producer ... ok
windows	UNKNOWN STEP	2026-10-05T14:02:39.9101931Z test tests::failed_writer_and_invalid_destination_are_safe ... ok
windows	UNKNOWN STEP	2026-10-05T14:02:39.9134244Z test tests::preserves_operation_specific_request_and_return_values ... ok
windows	UNKNOWN STEP	2026-10-05T14:02:39.9215021Z test tests::rejects_overflowing_read_and_write_totals ... ok
windows	UNKNOWN STEP	2026-10-05T14:02:39.9299829Z test tests::concurrent_schema_shutdown_and_summary ... ok
windows	UNKNOWN STEP	2026-10-05T14:02:39.9375952Z test tests::rejects_oversized_imported_fields_in_all_event_consumers ... ok
windows	UNKNOWN STEP	2026-10-05T14:02:39.9413933Z test tests::rejects_unknown_schema_and_oversized_line ... ok
windows	UNKNOWN STEP	2026-10-05T14:02:40.0026775Z test tests::shutdown_racing_producers_accounts_every_event ... ok
windows	UNKNOWN STEP	2026-10-05T14:02:42.3661289Z test tests::rejects_unbounded_distinct_read_workers ... ok
windows	UNKNOWN STEP	2026-10-05T14:02:44.7616523Z test tests::rejects_retained_string_keys_before_identity_limit ... ok
windows	UNKNOWN STEP	2026-10-05T14:02:44.7616797Z 
windows	UNKNOWN STEP	2026-10-05T14:02:44.7616996Z test result: ok. 10 passed; 0 failed; 0 ignored; 0 measured; 0 filtered out; finished in 4.85s
windows	UNKNOWN STEP	2026-10-05T14:02:44.7617308Z 
windows	UNKNOWN STEP	2026-10-05T14:02:44.7638611Z ^[[1m^[[92m     Running^[[0m unittests src\lib.rs (target\debug\deps\playsparse_vfs_fuse-81d5074ba2054869.exe)
windows	UNKNOWN STEP	2026-10-05T14:02:44.7728848Z 
windows	UNKNOWN STEP	2026-10-05T14:02:44.7729446Z running 3 tests
windows	UNKNOWN STEP	2026-10-05T14:02:44.7733257Z test macos_diagnostic::tests::reports_all_missing_prerequisites_without_inventing_approval ... ok
windows	UNKNOWN STEP	2026-10-05T14:02:44.7734121Z test macos_diagnostic::tests::unsupported_transition_releases_and_future_major_are_blocked ... ok
windows	UNKNOWN STEP	2026-10-05T14:02:44.7734887Z test macos_diagnostic::tests::installation_and_feature_are_independent_gates ... ok
windows	UNKNOWN STEP	2026-10-05T14:02:44.7735287Z 
windows	UNKNOWN STEP	2026-10-05T14:02:44.7735596Z test result: ok. 3 passed; 0 failed; 0 ignored; 0 measured; 0 filtered out; finished in 0.00s
windows	UNKNOWN STEP	2026-10-05T14:02:44.7736027Z 
windows	UNKNOWN STEP	2026-10-05T14:02:44.7749823Z ^[[1m^[[92m     Running^[[0m unittests src\lib.rs (target\debug\deps\playsparse_vfs_win-dc994f1793891878.exe)
windows	UNKNOWN STEP	2026-10-05T14:02:44.7864715Z 
windows	UNKNOWN STEP	2026-10-05T14:02:44.7865519Z running 13 tests
windows	UNKNOWN STEP	2026-10-05T14:02:44.7915537Z test backend::tests::metadata_keeps_offsets_above_eight_gib ... ok
windows	UNKNOWN STEP	2026-10-05T14:02:44.7924678Z test backend::tests::readonly_descriptor_grants_native_read_execute_and_denies_mutation ... ok
windows	UNKNOWN STEP	2026-10-05T14:02:44.7965742Z test backend::tests::reject_device_names_and_overlapping_mount_directories ... ok
windows	UNKNOWN STEP	2026-10-05T14:02:45.1262709Z test backend::tests::read_callback_only_loads_intersecting_objects ... ok
windows	UNKNOWN STEP	2026-10-05T14:02:45.1264288Z test backend::tests::undersized_security_buffer_returns_overflow_without_modification ... ok
windows	UNKNOWN STEP	2026-10-05T14:02:45.1267078Z test backend::tests::writable_descriptor_grants_current_user_concrete_file_rights ... ok
windows	UNKNOWN STEP	2026-10-05T14:02:45.1765137Z test backend::tests::reject_case_collisions_before_mount ... ok
windows	UNKNOWN STEP	2026-10-05T14:02:45.1969218Z test backend::tests::reject_paths_that_exceed_driver_transaction_limit ... ok
windows	UNKNOWN STEP	2026-10-05T14:02:45.2023582Z test backend::tests::case_insensitive_lookup_retains_source_path ... ok
windows	UNKNOWN STEP	2026-10-05T14:02:45.8010607Z test backend::writable::tests::cleanup_of_replaced_open_inode_keeps_new_file ... ok
windows	UNKNOWN STEP	2026-10-05T14:02:45.8827659Z test backend::writable::tests::constrained_writes_and_unsupported_metadata_are_explicit ... ok
windows	UNKNOWN STEP	2026-10-05T14:02:45.9440985Z test backend::writable::tests::directory_handles_follow_ancestor_rename_and_reject_nonempty_delete ... ok
windows	UNKNOWN STEP	2026-10-05T14:02:45.9840933Z test backend::writable::tests::update_rename_delete_handles_preserve_base_and_remount ... ok
windows	UNKNOWN STEP	2026-10-05T14:02:45.9841256Z 
windows	UNKNOWN STEP	2026-10-05T14:02:45.9841452Z test result: ok. 13 passed; 0 failed; 0 ignored; 0 measured; 0 filtered out; finished in 1.20s
windows	UNKNOWN STEP	2026-10-05T14:02:45.9841709Z 
windows	UNKNOWN STEP	2026-10-05T14:02:45.9868826Z ^[[1m^[[92m   Doc-tests^[[0m playsparse_cache
windows	UNKNOWN STEP	2026-10-05T14:02:46.0345528Z 
windows	UNKNOWN STEP	2026-10-05T14:02:46.0346037Z running 0 tests
windows	UNKNOWN STEP	2026-10-05T14:02:46.0346240Z 
windows	UNKNOWN STEP	2026-10-05T14:02:46.0346549Z test result: ok. 0 passed; 0 failed; 0 ignored; 0 measured; 0 filtered out; finished in 0.00s
windows	UNKNOWN STEP	2026-10-05T14:02:46.0346952Z 
windows	UNKNOWN STEP	2026-10-05T14:02:46.0594598Z ^[[1m^[[92m   Doc-tests^[[0m playsparse_core
windows	UNKNOWN STEP	2026-10-05T14:02:46.1228141Z 
windows	UNKNOWN STEP	2026-10-05T14:02:46.1228628Z running 0 tests
windows	UNKNOWN STEP	2026-10-05T14:02:46.1228826Z 
windows	UNKNOWN STEP	2026-10-05T14:02:46.1229121Z test result: ok. 0 passed; 0 failed; 0 ignored; 0 measured; 0 filtered out; finished in 0.00s
windows	UNKNOWN STEP	2026-10-05T14:02:46.1229520Z 
windows	UNKNOWN STEP	2026-10-05T14:02:46.1305597Z ^[[1m^[[92m   Doc-tests^[[0m playsparse_game
windows	UNKNOWN STEP	2026-10-05T14:02:46.2404913Z 
windows	UNKNOWN STEP	2026-10-05T14:02:46.2405614Z running 0 tests
windows	UNKNOWN STEP	2026-10-05T14:02:46.2405833Z 
windows	UNKNOWN STEP	2026-10-05T14:02:46.2406065Z test result: ok. 0 passed; 0 failed; 0 ignored; 0 measured; 0 filtered out; finished in 0.00s
windows	UNKNOWN STEP	2026-10-05T14:02:46.2406344Z 
windows	UNKNOWN STEP	2026-10-05T14:02:46.2511719Z ^[[1m^[[92m   Doc-tests^[[0m playsparse_overlay
windows	UNKNOWN STEP	2026-10-05T14:02:46.3285960Z 
windows	UNKNOWN STEP	2026-10-05T14:02:46.3286458Z running 0 tests
windows	UNKNOWN STEP	2026-10-05T14:02:46.3286652Z 
windows	UNKNOWN STEP	2026-10-05T14:02:46.3286887Z test result: ok. 0 passed; 0 failed; 0 ignored; 0 measured; 0 filtered out; finished in 0.00s
windows	UNKNOWN STEP	2026-10-05T14:02:46.3287157Z 
windows	UNKNOWN STEP	2026-10-05T14:02:46.3417610Z ^[[1m^[[92m   Doc-tests^[[0m playsparse_policy
windows	UNKNOWN STEP	2026-10-05T14:02:46.3924370Z 
windows	UNKNOWN STEP	2026-10-05T14:02:46.3924876Z running 0 tests
windows	UNKNOWN STEP	2026-10-05T14:02:46.3925061Z 
windows	UNKNOWN STEP	2026-10-05T14:02:46.3925287Z test result: ok. 0 passed; 0 failed; 0 ignored; 0 measured; 0 filtered out; finished in 0.00s
windows	UNKNOWN STEP	2026-10-05T14:02:46.3925704Z 
windows	UNKNOWN STEP	2026-10-05T14:02:46.4040632Z ^[[1m^[[92m   Doc-tests^[[0m playsparse_range
windows	UNKNOWN STEP	2026-10-05T14:02:46.4620719Z 
windows	UNKNOWN STEP	2026-10-05T14:02:46.4621422Z running 0 tests
windows	UNKNOWN STEP	2026-10-05T14:02:46.4621648Z 
windows	UNKNOWN STEP	2026-10-05T14:02:46.4622004Z test result: ok. 0 passed; 0 failed; 0 ignored; 0 measured; 0 filtered out; finished in 0.00s
windows	UNKNOWN STEP	2026-10-05T14:02:46.4622459Z 
windows	UNKNOWN STEP	2026-10-05T14:02:46.4729076Z ^[[1m^[[92m   Doc-tests^[[0m playsparse_store
windows	UNKNOWN STEP	2026-10-05T14:02:46.5515724Z 
windows	UNKNOWN STEP	2026-10-05T14:02:46.5516254Z running 0 tests
windows	UNKNOWN STEP	2026-10-05T14:02:46.5516458Z 
windows	UNKNOWN STEP	2026-10-05T14:02:46.5516766Z test result: ok. 0 passed; 0 failed; 0 ignored; 0 measured; 0 filtered out; finished in 0.00s
windows	UNKNOWN STEP	2026-10-05T14:02:46.5517164Z 
windows	UNKNOWN STEP	2026-10-05T14:02:46.5700230Z ^[[1m^[[92m   Doc-tests^[[0m playsparse_trace
windows	UNKNOWN STEP	2026-10-05T14:02:46.6233055Z 
windows	UNKNOWN STEP	2026-10-05T14:02:46.6233796Z running 0 tests
windows	UNKNOWN STEP	2026-10-05T14:02:46.6233990Z 
windows	UNKNOWN STEP	2026-10-05T14:02:46.6234314Z test result: ok. 0 passed; 0 failed; 0 ignored; 0 measured; 0 filtered out; finished in 0.00s
windows	UNKNOWN STEP	2026-10-05T14:02:46.6234709Z 
windows	UNKNOWN STEP	2026-10-05T14:02:46.6333991Z ^[[1m^[[92m   Doc-tests^[[0m playsparse_vfs_fuse
windows	UNKNOWN STEP	2026-10-05T14:02:46.6790178Z 
windows	UNKNOWN STEP	2026-10-05T14:02:46.6790660Z running 0 tests
windows	UNKNOWN STEP	2026-10-05T14:02:46.6790857Z 
windows	UNKNOWN STEP	2026-10-05T14:02:46.6791187Z test result: ok. 0 passed; 0 failed; 0 ignored; 0 measured; 0 filtered out; finished in 0.00s
windows	UNKNOWN STEP	2026-10-05T14:02:46.6791579Z 
windows	UNKNOWN STEP	2026-10-05T14:02:46.7164233Z ^[[1m^[[92m   Doc-tests^[[0m playsparse_vfs_win
windows	UNKNOWN STEP	2026-10-05T14:02:46.7977220Z 
windows	UNKNOWN STEP	2026-10-05T14:02:46.7977869Z running 0 tests
windows	UNKNOWN STEP	2026-10-05T14:02:46.7978080Z 
windows	UNKNOWN STEP	2026-10-05T14:02:46.7978415Z test result: ok. 0 passed; 0 failed; 0 ignored; 0 measured; 0 filtered out; finished in 0.00s
windows	UNKNOWN STEP	2026-10-05T14:02:46.7978705Z 
windows	UNKNOWN STEP	2026-10-05T14:02:46.9123899Z ##[group]Run cargo build --locked --release --workspace
windows	UNKNOWN STEP	2026-10-05T14:02:46.9124296Z ^[[36;1mcargo build --locked --release --workspace^[[0m
windows	UNKNOWN STEP	2026-10-05T14:02:46.9179942Z shell: C:\Program Files\PowerShell\7\pwsh.EXE -command ". '{0}'"
windows	UNKNOWN STEP	2026-10-05T14:02:46.9180221Z env:
windows	UNKNOWN STEP	2026-10-05T14:02:46.9180392Z   CARGO_HOME: C:\Users\runneradmin\.cargo
windows	UNKNOWN STEP	2026-10-05T14:02:46.9180602Z   CARGO_INCREMENTAL: 0
windows	UNKNOWN STEP	2026-10-05T14:02:46.9180770Z   CARGO_TERM_COLOR: always
windows	UNKNOWN STEP	2026-10-05T14:02:46.9180951Z   CommandPromptType: Native
windows	UNKNOWN STEP	2026-10-05T14:02:46.9181236Z   DevEnvDir: C:\Program Files\Microsoft Visual Studio\18\Enterprise\Common7\IDE\
windows	UNKNOWN STEP	2026-10-05T14:02:46.9181636Z   ExtensionSdkDir: C:\Program Files (x86)\Microsoft SDKs\Windows Kits\10\ExtensionSDKs
windows	UNKNOWN STEP	2026-10-05T14:02:46.9183407Z   EXTERNAL_INCLUDE: C:\Program Files\Microsoft Visual Studio\18\Enterprise\VC\Tools\MSVC\14.51.36231\include;C:\Program Files\Microsoft Visual Studio\18\Enterprise\VC\Tools\MSVC\14.51.36231\ATLMFC\include;C:\Program Files\Microsoft Visual Studio\18\Enterprise\VC\Auxiliary\VS\include;C:\Program Files (x86)\Windows Kits\10\include\10.0.26100.0\ucrt;C:\Program Files (x86)\Windows Kits\10\\include\10.0.26100.0\\um;C:\Program Files (x86)\Windows Kits\10\\include\10.0.26100.0\\shared;C:\Program Files (x86)\Windows Kits\10\\include\10.0.26100.0\\winrt;C:\Program Files (x86)\Windows Kits\10\\include\10.0.26100.0\\cppwinrt;C:\Program Files (x86)\Windows Kits\NETFXSDK\4.8.1\include\um
windows	UNKNOWN STEP	2026-10-05T14:02:46.9185606Z   Framework40Version: v4.0
windows	UNKNOWN STEP	2026-10-05T14:02:46.9185830Z   FrameworkDir: C:\Windows\Microsoft.NET\Framework64\
windows	UNKNOWN STEP	2026-10-05T14:02:46.9186102Z   FrameworkDir64: C:\Windows\Microsoft.NET\Framework64\
windows	UNKNOWN STEP	2026-10-05T14:02:46.9186340Z   FrameworkVersion: v4.0.30319
windows	UNKNOWN STEP	2026-10-05T14:02:46.9186524Z   FrameworkVersion64: v4.0.30319
windows	UNKNOWN STEP	2026-10-05T14:02:46.9186936Z   FSHARPINSTALLDIR: C:\Program Files\Microsoft Visual Studio\18\Enterprise\Common7\IDE\CommonExtensions\Microsoft\FSharp\Tools
windows	UNKNOWN STEP	2026-10-05T14:02:46.9187393Z   HTMLHelpDir: C:\Program Files (x86)\HTML Help Workshop
windows	UNKNOWN STEP	2026-10-05T14:02:46.9189139Z   INCLUDE: C:\Program Files\Microsoft Visual Studio\18\Enterprise\VC\Tools\MSVC\14.51.36231\include;C:\Program Files\Microsoft Visual Studio\18\Enterprise\VC\Tools\MSVC\14.51.36231\ATLMFC\include;C:\Program Files\Microsoft Visual Studio\18\Enterprise\VC\Auxiliary\VS\include;C:\Program Files (x86)\Windows Kits\10\include\10.0.26100.0\ucrt;C:\Program Files (x86)\Windows Kits\10\\include\10.0.26100.0\\um;C:\Program Files (x86)\Windows Kits\10\\include\10.0.26100.0\\shared;C:\Program Files (x86)\Windows Kits\10\\include\10.0.26100.0\\winrt;C:\Program Files (x86)\Windows Kits\10\\include\10.0.26100.0\\cppwinrt;C:\Program Files (x86)\Windows Kits\NETFXSDK\4.8.1\include\um
windows	UNKNOWN STEP	2026-10-05T14:02:46.9191559Z   LIB: C:\Program Files\Microsoft Visual Studio\18\Enterprise\VC\Tools\MSVC\14.51.36231\ATLMFC\lib\x64;C:\Program Files\Microsoft Visual Studio\18\Enterprise\VC\Tools\MSVC\14.51.36231\lib\x64;C:\Program Files (x86)\Windows Kits\NETFXSDK\4.8.1\lib\um\x64;C:\Program Files (x86)\Windows Kits\10\lib\10.0.26100.0\ucrt\x64;C:\Program Files (x86)\Windows Kits\10\\lib\10.0.26100.0\\um\x64
windows	UNKNOWN STEP	2026-10-05T14:02:46.9193483Z   LIBPATH: C:\Program Files\Microsoft Visual Studio\18\Enterprise\VC\Tools\MSVC\14.51.36231\ATLMFC\lib\x64;C:\Program Files\Microsoft Visual Studio\18\Enterprise\VC\Tools\MSVC\14.51.36231\lib\x64;C:\Program Files\Microsoft Visual Studio\18\Enterprise\VC\Tools\MSVC\14.51.36231\lib\x86\store\references;C:\Program Files (x86)\Windows Kits\10\UnionMetadata\10.0.26100.0;C:\Program Files (x86)\Windows Kits\10\References\10.0.26100.0;C:\Windows\Microsoft.NET\Framework64\v4.0.30319
windows	UNKNOWN STEP	2026-10-05T14:02:46.9194760Z   llvmArm64: C:\Program Files\Microsoft Visual Studio\18\Enterprise\VC\Tools\Llvm\ARM64\bin
windows	UNKNOWN STEP	2026-10-05T14:02:46.9195193Z   llvmX64: C:\Program Files\Microsoft Visual Studio\18\Enterprise\VC\Tools\Llvm\x64\bin
windows	UNKNOWN STEP	2026-10-05T14:02:46.9195561Z   NETFXSDKDir: C:\Program Files (x86)\Windows Kits\NETFXSDK\4.8.1\
windows	UNKNOWN STEP	2026-10-05T14:02:46.9208014Z   Path: C:\Program Files\Microsoft Visual Studio\18\Enterprise\VC\Tools\MSVC\14.51.36231\bin\HostX64\x64;C:\Program Files\Microsoft Visual Studio\18\Enterprise\Common7\IDE\VC\VCPackages;C:\Program Files\Microsoft Visual Studio\18\Enterprise\Common7\IDE\CommonExtensions\Microsoft\TestWindow;C:\Program Files\Microsoft Visual Studio\18\Enterprise\Common7\IDE\CommonExtensions\Microsoft\TeamFoundation\Team Explorer;C:\Program Files\Microsoft Visual Studio\18\Enterprise\MSBuild\Current\bin\Roslyn;C:\Program Files (x86)\Microsoft SDKs\Windows\v10.0A\bin\NETFX 4.8.1 Tools\x64\;C:\Program Files (x86)\HTML Help Workshop;C:\Program Files\Microsoft Visual Studio\18\Enterprise\Common7\IDE\CommonExtensions\Microsoft\FSharp\Tools;C:\Program Files\Microsoft Visual Studio\18\Enterprise\Team Tools\DiagnosticsHub\Collector;C:\Program Files\Microsoft Visual Studio\18\Enterprise\Common7\IDE\Extensions\Microsoft\CodeCoverage.Console;C:\Program Files (x86)\Windows Kits\10\bin\10.0.26100.0\\x64;C:\Program Files (x86)\Windows Kits\10\bin\\x64;C:\Program Files\Microsoft Visual Studio\18\Enterprise\\MSBuild\Current\Bin\amd64;C:\Windows\Microsoft.NET\Framework64\v4.0.30319;C:\Program Files\Microsoft Visual Studio\18\Enterprise\Common7\IDE\;C:\Program Files\Microsoft Visual Studio\18\Enterprise\Common7\Tools\;C:\Program Files\MongoDB\Server\7.0\bin;C:\vcpkg;C:\tools\zstd;C:\hostedtoolcache\windows\stack\3.11.1\x64;C:\cabal\bin;C:\\ghcup\bin;C:\mingw64\bin;C:\Program Files\dotnet;C:\Program Files\MySQL\MySQL Server 8.0\bin;C:\Program Files\R\R-4.6.1\bin\x64;C:\SeleniumWebDrivers\GeckoDriver;C:\SeleniumWebDrivers\EdgeDriver\;C:\SeleniumWebDrivers\ChromeDriver;C:\Program Files (x86)\sbt\bin;C:\Program Files (x86)\GitHub CLI;C:\Program Files\Git\bin;C:\Program Files (x86)\pipx_bin;C:\npm\prefix;C:\hostedtoolcache\windows\go\1.24.13\x64\bin;C:\hostedtoolcache\windows\Python\3.12.10\x64\Scripts;C:\hostedtoolcache\windows\Python\3.12.10\x64;C:\hostedtoolcache\windows\Ruby\3.3.12\x64\bin;C:\Program Files\OpenSSL\bin;C:\tools\kotlinc\bin;C:\hostedtoolcache\windows\Java_Temurin-Hotspot_jdk\17.0.20-101\x64\bin;C:\Program Files\ImageMagick-7.1.2-Q16-HDRI;C:\Program Files\Microsoft SDKs\Azure\CLI2\wbin;C:\ProgramData\kind;C:\ProgramData\Chocolatey\bin;C:\Windows\system32;C:\Windows;C:\Windows\System32\Wbem;C:\Windows\System32\WindowsPowerShell\v1.0\;C:\Windows\System32\OpenSSH\;C:\Program Files\PowerShell\7\;C:\Program Files\Microsoft\Web Platform Installer\;C:\Program Files\Microsoft SQL Server\170\Tools\Binn\;C:\Program Files\Microsoft SQL Server\Client SDK\ODBC\170\Tools\Binn\;C:\Program Files\dotnet\;C:\Program Files (x86)\Windows Kits\10\Windows Performance Toolkit\;C:\Program Files (x86)\WiX Toolset v3.14\bin;C:\Program Files\Microsoft SQL Server\130\DTS\Binn\;C:\Program Files\Microsoft SQL Server\140\DTS\Binn\;C:\Program Files\Microsoft SQL Server\150\DTS\Binn\;C:\Program Files\Microsoft SQL Server\160\DTS\Binn\;C:\Program Files\Microsoft SQL Server\170\DTS\Binn\;C:\ProgramData\chocolatey\lib\pulumi\tools\Pulumi\bin;C:\Program Files\CMake\bin;C:\Strawberry\c\bin;C:\Strawberry\perl\site\bin;C:\Strawberry\perl\bin;C:\ProgramData\chocolatey\lib\maven\apache-maven-3.9.16\bin;C:\Program Files\Microsoft Service Fabric\bin\Fabric\Fabric.Code;C:\Program Files\Microsoft SDKs\Service Fabric\Tools\ServiceFabricLocalClusterManager;C:\Program Files\nodejs\;C:\Program Files\Git\cmd;C:\Program Files\Git\mingw64\bin;C:\Program Files\Git\usr\bin;C:\Program Files\GitHub CLI\;c:\tools\php;C:\Program Files\Amazon\AWSCLIV2\;C:\Program Files\Amazon\SessionManagerPlugin\bin\;C:\Program Files\Amazon\AWSSAMCLI\bin\;C:\Program Files\Microsoft SQL Server\130\Tools\Binn\;C:\Program Files\mongosh\;C:\Program Files\LLVM\bin;C:\Program Files (x86)\LLVM\bin;C:\Users\runneradmin\.dotnet\tools;C:\Users\runneradmin\.cargo\bin;C:\Users\runneradmin\AppData\Local\Microsoft\WindowsApps;C:\Program Files (x86)\Microsoft Visual Studio\Installer;C:\Program Files\Microsoft Visual Studio\18\Enterprise\VC\Tools\Llvm\x64\bin;C:\Program Files\Microsoft Visual Studio\18\Enterprise\Common7\IDE\CommonExtensions\Microsoft\CMake\CMake\bin;C:\Program Files\Microsoft Visual Studio\18\Enterprise\Common7\IDE\CommonExtensions\Microsoft\CMake\Ninja;C:\Program Files\Microsoft Visual Studio\18\Enterprise\Common7\IDE\VC\Linux\bin\ConnectionManagerExe;C:\Program Files\Microsoft Visual Studio\18\Enterprise\VC\vcpkg
windows	UNKNOWN STEP	2026-10-05T14:02:46.9219090Z   Platform: x64
windows	UNKNOWN STEP	2026-10-05T14:02:46.9219255Z   UCRTVersion: 10.0.26100.0
windows	UNKNOWN STEP	2026-10-05T14:02:46.9219490Z   UniversalCRTSdkDir: C:\Program Files (x86)\Windows Kits\10\
windows	UNKNOWN STEP	2026-10-05T14:02:46.9219738Z   use_x64_llvm: true
windows	UNKNOWN STEP	2026-10-05T14:02:46.9220013Z   VCIDEInstallDir: C:\Program Files\Microsoft Visual Studio\18\Enterprise\Common7\IDE\VC\
windows	UNKNOWN STEP	2026-10-05T14:02:46.9220403Z   VCINSTALLDIR: C:\Program Files\Microsoft Visual Studio\18\Enterprise\VC\
windows	UNKNOWN STEP	2026-10-05T14:02:46.9220760Z   VCPKG_ROOT: C:\Program Files\Microsoft Visual Studio\18\Enterprise\VC\vcpkg
windows	UNKNOWN STEP	2026-10-05T14:02:46.9221179Z   VCToolsInstallDir: C:\Program Files\Microsoft Visual Studio\18\Enterprise\VC\Tools\MSVC\14.51.36231\
windows	UNKNOWN STEP	2026-10-05T14:02:46.9221675Z   VCToolsRedistDir: C:\Program Files\Microsoft Visual Studio\18\Enterprise\VC\Redist\MSVC\14.51.36231\
windows	UNKNOWN STEP	2026-10-05T14:02:46.9222432Z   VCToolsVersion: 14.51.36231
windows	UNKNOWN STEP	2026-10-05T14:02:46.9222613Z   VisualStudioVersion: 18.0
windows	UNKNOWN STEP	2026-10-05T14:02:46.9222893Z   VS180COMNTOOLS: C:\Program Files\Microsoft Visual Studio\18\Enterprise\Common7\Tools\
windows	UNKNOWN STEP	2026-10-05T14:02:46.9223207Z   VSCMD_ARG_app_plat: Desktop
windows	UNKNOWN STEP	2026-10-05T14:02:46.9223396Z   VSCMD_ARG_HOST_ARCH: x64
windows	UNKNOWN STEP	2026-10-05T14:02:46.9223561Z   VSCMD_ARG_TGT_ARCH: x64
windows	UNKNOWN STEP	2026-10-05T14:02:46.9223720Z   VSCMD_VER: 18.10.2
windows	UNKNOWN STEP	2026-10-05T14:02:46.9223957Z   VSINSTALLDIR: C:\Program Files\Microsoft Visual Studio\18\Enterprise\
windows	UNKNOWN STEP	2026-10-05T14:02:46.9224486Z   VSSDK150INSTALL: C:\Program Files\Microsoft Visual Studio\18\Enterprise\VSSDK
windows	UNKNOWN STEP	2026-10-05T14:02:46.9224852Z   VSSDKINSTALL: C:\Program Files\Microsoft Visual Studio\18\Enterprise\VSSDK
windows	UNKNOWN STEP	2026-10-05T14:02:46.9225379Z   WindowsLibPath: C:\Program Files (x86)\Windows Kits\10\UnionMetadata\10.0.26100.0;C:\Program Files (x86)\Windows Kits\10\References\10.0.26100.0
windows	UNKNOWN STEP	2026-10-05T14:02:46.9225868Z   WindowsSdkBinPath: C:\Program Files (x86)\Windows Kits\10\bin\
windows	UNKNOWN STEP	2026-10-05T14:02:46.9226158Z   WindowsSdkDir: C:\Program Files (x86)\Windows Kits\10\
windows	UNKNOWN STEP	2026-10-05T14:02:46.9226392Z   WindowsSDKLibVersion: 10.0.26100.0\
windows	UNKNOWN STEP	2026-10-05T14:02:46.9226681Z   WindowsSdkVerBinPath: C:\Program Files (x86)\Windows Kits\10\bin\10.0.26100.0\
windows	UNKNOWN STEP	2026-10-05T14:02:46.9226972Z   WindowsSDKVersion: 10.0.26100.0\
windows	UNKNOWN STEP	2026-10-05T14:02:46.9227322Z   WindowsSDK_ExecutablePath_x64: C:\Program Files (x86)\Microsoft SDKs\Windows\v10.0A\bin\NETFX 4.8.1 Tools\x64\
windows	UNKNOWN STEP	2026-10-05T14:02:46.9227841Z   WindowsSDK_ExecutablePath_x86: C:\Program Files (x86)\Microsoft SDKs\Windows\v10.0A\bin\NETFX 4.8.1 Tools\
windows	UNKNOWN STEP	2026-10-05T14:02:46.9228190Z   __DOTNET_ADD_64BIT: 1
windows	UNKNOWN STEP	2026-10-05T14:02:46.9228364Z   __DOTNET_PREFERRED_BITNESS: 64
windows	UNKNOWN STEP	2026-10-05T14:02:46.9235077Z   __VSCMD_PREINIT_PATH: C:\Program Files\MongoDB\Server\7.0\bin;C:\vcpkg;C:\tools\zstd;C:\hostedtoolcache\windows\stack\3.11.1\x64;C:\cabal\bin;C:\\ghcup\bin;C:\mingw64\bin;C:\Program Files\dotnet;C:\Program Files\MySQL\MySQL Server 8.0\bin;C:\Program Files\R\R-4.6.1\bin\x64;C:\SeleniumWebDrivers\GeckoDriver;C:\SeleniumWebDrivers\EdgeDriver\;C:\SeleniumWebDrivers\ChromeDriver;C:\Program Files (x86)\sbt\bin;C:\Program Files (x86)\GitHub CLI;C:\Program Files\Git\bin;C:\Program Files (x86)\pipx_bin;C:\npm\prefix;C:\hostedtoolcache\windows\go\1.24.13\x64\bin;C:\hostedtoolcache\windows\Python\3.12.10\x64\Scripts;C:\hostedtoolcache\windows\Python\3.12.10\x64;C:\hostedtoolcache\windows\Ruby\3.3.12\x64\bin;C:\Program Files\OpenSSL\bin;C:\tools\kotlinc\bin;C:\hostedtoolcache\windows\Java_Temurin-Hotspot_jdk\17.0.20-101\x64\bin;C:\Program Files\ImageMagick-7.1.2-Q16-HDRI;C:\Program Files\Microsoft SDKs\Azure\CLI2\wbin;C:\ProgramData\kind;C:\ProgramData\Chocolatey\bin;C:\Windows\system32;C:\Windows;C:\Windows\System32\Wbem;C:\Windows\System32\WindowsPowerShell\v1.0\;C:\Windows\System32\OpenSSH\;C:\Program Files\PowerShell\7\;C:\Program Files\Microsoft\Web Platform Installer\;C:\Program Files\Microsoft SQL Server\170\Tools\Binn\;C:\Program Files\Microsoft SQL Server\Client SDK\ODBC\170\Tools\Binn\;C:\Program Files\dotnet\;C:\Program Files (x86)\Windows Kits\10\Windows Performance Toolkit\;C:\Program Files (x86)\WiX Toolset v3.14\bin;C:\Program Files\Microsoft SQL Server\130\DTS\Binn\;C:\Program Files\Microsoft SQL Server\140\DTS\Binn\;C:\Program Files\Microsoft SQL Server\150\DTS\Binn\;C:\Program Files\Microsoft SQL Server\160\DTS\Binn\;C:\Program Files\Microsoft SQL Server\170\DTS\Binn\;C:\ProgramData\chocolatey\lib\pulumi\tools\Pulumi\bin;C:\Program Files\CMake\bin;C:\Strawberry\c\bin;C:\Strawberry\perl\site\bin;C:\Strawberry\perl\bin;C:\ProgramData\chocolatey\lib\maven\apache-maven-3.9.16\bin;C:\Program Files\Microsoft Service Fabric\bin\Fabric\Fabric.Code;C:\Program Files\Microsoft SDKs\Service Fabric\Tools\ServiceFabricLocalClusterManager;C:\Program Files\nodejs\;C:\Program Files\Git\cmd;C:\Program Files\Git\mingw64\bin;C:\Program Files\Git\usr\bin;C:\Program Files\GitHub CLI\;c:\tools\php;C:\Program Files (x86)\sbt\bin;C:\Program Files\Amazon\AWSCLIV2\;C:\Program Files\Amazon\SessionManagerPlugin\bin\;C:\Program Files\Amazon\AWSSAMCLI\bin\;C:\Program Files\Microsoft SQL Server\130\Tools\Binn\;C:\Program Files\mongosh\;C:\Program Files\LLVM\bin;C:\Program Files (x86)\LLVM\bin;C:\Users\runneradmin\.dotnet\tools;C:\Users\runneradmin\.cargo\bin;C:\Users\runneradmin\AppData\Local\Microsoft\WindowsApps;C:\Program Files (x86)\Microsoft Visual Studio\Installer
windows	UNKNOWN STEP	2026-10-05T14:02:46.9241782Z   CACHE_ON_FAILURE: false
windows	UNKNOWN STEP	2026-10-05T14:02:46.9241968Z   LIBCLANG_PATH: C:\Program Files\LLVM\bin
windows	UNKNOWN STEP	2026-10-05T14:02:46.9242177Z ##[endgroup]
windows	UNKNOWN STEP	2026-10-05T14:02:47.3741438Z ^[[1m^[[92m   Compiling^[[0m playsparse-core v0.1.0 (D:\a\PlaySparse\PlaySparse\crates\playsparse-core)
windows	UNKNOWN STEP	2026-10-05T14:02:47.3821400Z ^[[1m^[[92m   Compiling^[[0m playsparse-vfs-win v0.1.0 (D:\a\PlaySparse\PlaySparse\crates\playsparse-vfs-win)
windows	UNKNOWN STEP	2026-10-05T14:02:47.3829245Z ^[[1m^[[92m   Compiling^[[0m playsparse-cli v0.1.0 (D:\a\PlaySparse\PlaySparse\crates\playsparse-cli)
windows	UNKNOWN STEP	2026-10-05T14:02:47.6872311Z ^[[1m^[[92m   Compiling^[[0m playsparse-game v0.1.0 (D:\a\PlaySparse\PlaySparse\crates\playsparse-game)
windows	UNKNOWN STEP	2026-10-05T14:02:47.6873185Z ^[[1m^[[92m   Compiling^[[0m playsparse-trace v0.1.0 (D:\a\PlaySparse\PlaySparse\crates\playsparse-trace)
windows	UNKNOWN STEP	2026-10-05T14:02:47.6874464Z ^[[1m^[[92m   Compiling^[[0m playsparse-cache v0.1.0 (D:\a\PlaySparse\PlaySparse\crates\playsparse-cache)
windows	UNKNOWN STEP	2026-10-05T14:02:48.1427221Z ^[[1m^[[92m   Compiling^[[0m playsparse-policy v0.1.0 (D:\a\PlaySparse\PlaySparse\crates\playsparse-policy)
windows	UNKNOWN STEP	2026-10-05T14:02:48.2319530Z ^[[1m^[[92m   Compiling^[[0m io-probe v0.1.0 (D:\a\PlaySparse\PlaySparse\tools\io-probe)
windows	UNKNOWN STEP	2026-10-05T14:02:50.3649278Z ^[[1m^[[92m   Compiling^[[0m playsparse-store v0.1.0 (D:\a\PlaySparse\PlaySparse\crates\playsparse-store)
windows	UNKNOWN STEP	2026-10-05T14:02:51.4627515Z ^[[1m^[[92m   Compiling^[[0m playsparse-range v0.1.0 (D:\a\PlaySparse\PlaySparse\crates\playsparse-range)
windows	UNKNOWN STEP	2026-10-05T14:02:55.4363770Z ^[[1m^[[92m   Compiling^[[0m playsparse-overlay v0.1.0 (D:\a\PlaySparse\PlaySparse\crates\playsparse-overlay)
windows	UNKNOWN STEP	2026-10-05T14:02:59.4884298Z ^[[1m^[[92m   Compiling^[[0m playsparse-vfs-fuse v0.1.0 (D:\a\PlaySparse\PlaySparse\crates\playsparse-vfs-fuse)
windows	UNKNOWN STEP	2026-10-05T14:03:28.3299526Z ^[[1m^[[92m    Finished^[[0m `release` profile [optimized] target(s) in 41.14s
windows	UNKNOWN STEP	2026-10-05T14:03:28.4672466Z ##[group]Run $env:PLAYSPARSE_GAME_TEST_BINARY = (Resolve-Path 'target/release/playsparse.exe').Path
windows	UNKNOWN STEP	2026-10-05T14:03:28.4673400Z ^[[36;1m$env:PLAYSPARSE_GAME_TEST_BINARY = (Resolve-Path 'target/release/playsparse.exe').Path^[[0m
windows	UNKNOWN STEP	2026-10-05T14:03:28.4673998Z ^[[36;1mpython -m unittest discover -s tests -p test_game_awareness.py -v^[[0m
windows	UNKNOWN STEP	2026-10-05T14:03:28.4674422Z ^[[36;1mif ($LASTEXITCODE -ne 0) { throw 'Game-awareness CLI regression failed' }^[[0m
windows	UNKNOWN STEP	2026-10-05T14:03:28.4765780Z shell: C:\Program Files\PowerShell\7\pwsh.EXE -command ". '{0}'"
windows	UNKNOWN STEP	2026-10-05T14:03:28.4766230Z env:
windows	UNKNOWN STEP	2026-10-05T14:03:28.4766492Z   CARGO_HOME: C:\Users\runneradmin\.cargo
windows	UNKNOWN STEP	2026-10-05T14:03:28.4766823Z   CARGO_INCREMENTAL: 0
windows	UNKNOWN STEP	2026-10-05T14:03:28.4767097Z   CARGO_TERM_COLOR: always
windows	UNKNOWN STEP	2026-10-05T14:03:28.4767372Z   CommandPromptType: Native
windows	UNKNOWN STEP	2026-10-05T14:03:28.4767798Z   DevEnvDir: C:\Program Files\Microsoft Visual Studio\18\Enterprise\Common7\IDE\
windows	UNKNOWN STEP	2026-10-05T14:03:28.4768503Z   ExtensionSdkDir: C:\Program Files (x86)\Microsoft SDKs\Windows Kits\10\ExtensionSDKs
windows	UNKNOWN STEP	2026-10-05T14:03:28.4773271Z   EXTERNAL_INCLUDE: C:\Program Files\Microsoft Visual Studio\18\Enterprise\VC\Tools\MSVC\14.51.36231\include;C:\Program Files\Microsoft Visual Studio\18\Enterprise\VC\Tools\MSVC\14.51.36231\ATLMFC\include;C:\Program Files\Microsoft Visual Studio\18\Enterprise\VC\Auxiliary\VS\include;C:\Program Files (x86)\Windows Kits\10\include\10.0.26100.0\ucrt;C:\Program Files (x86)\Windows Kits\10\\include\10.0.26100.0\\um;C:\Program Files (x86)\Windows Kits\10\\include\10.0.26100.0\\shared;C:\Program Files (x86)\Windows Kits\10\\include\10.0.26100.0\\winrt;C:\Program Files (x86)\Windows Kits\10\\include\10.0.26100.0\\cppwinrt;C:\Program Files (x86)\Windows Kits\NETFXSDK\4.8.1\include\um
windows	UNKNOWN STEP	2026-10-05T14:03:28.4778701Z   Framework40Version: v4.0
windows	UNKNOWN STEP	2026-10-05T14:03:28.4779051Z   FrameworkDir: C:\Windows\Microsoft.NET\Framework64\
windows	UNKNOWN STEP	2026-10-05T14:03:28.4779492Z   FrameworkDir64: C:\Windows\Microsoft.NET\Framework64\
windows	UNKNOWN STEP	2026-10-05T14:03:28.4779876Z   FrameworkVersion: v4.0.30319
windows	UNKNOWN STEP	2026-10-05T14:03:28.4780175Z   FrameworkVersion64: v4.0.30319
windows	UNKNOWN STEP	2026-10-05T14:03:28.4780836Z   FSHARPINSTALLDIR: C:\Program Files\Microsoft Visual Studio\18\Enterprise\Common7\IDE\CommonExtensions\Microsoft\FSharp\Tools
windows	UNKNOWN STEP	2026-10-05T14:03:28.4781622Z   HTMLHelpDir: C:\Program Files (x86)\HTML Help Workshop
windows	UNKNOWN STEP	2026-10-05T14:03:28.4785133Z   INCLUDE: C:\Program Files\Microsoft Visual Studio\18\Enterprise\VC\Tools\MSVC\14.51.36231\include;C:\Program Files\Microsoft Visual Studio\18\Enterprise\VC\Tools\MSVC\14.51.36231\ATLMFC\include;C:\Program Files\Microsoft Visual Studio\18\Enterprise\VC\Auxiliary\VS\include;C:\Program Files (x86)\Windows Kits\10\include\10.0.26100.0\ucrt;C:\Program Files (x86)\Windows Kits\10\\include\10.0.26100.0\\um;C:\Program Files (x86)\Windows Kits\10\\include\10.0.26100.0\\shared;C:\Program Files (x86)\Windows Kits\10\\include\10.0.26100.0\\winrt;C:\Program Files (x86)\Windows Kits\10\\include\10.0.26100.0\\cppwinrt;C:\Program Files (x86)\Windows Kits\NETFXSDK\4.8.1\include\um
windows	UNKNOWN STEP	2026-10-05T14:03:28.4789182Z   LIB: C:\Program Files\Microsoft Visual Studio\18\Enterprise\VC\Tools\MSVC\14.51.36231\ATLMFC\lib\x64;C:\Program Files\Microsoft Visual Studio\18\Enterprise\VC\Tools\MSVC\14.51.36231\lib\x64;C:\Program Files (x86)\Windows Kits\NETFXSDK\4.8.1\lib\um\x64;C:\Program Files (x86)\Windows Kits\10\lib\10.0.26100.0\ucrt\x64;C:\Program Files (x86)\Windows Kits\10\\lib\10.0.26100.0\\um\x64
windows	UNKNOWN STEP	2026-10-05T14:03:28.4793686Z   LIBPATH: C:\Program Files\Microsoft Visual Studio\18\Enterprise\VC\Tools\MSVC\14.51.36231\ATLMFC\lib\x64;C:\Program Files\Microsoft Visual Studio\18\Enterprise\VC\Tools\MSVC\14.51.36231\lib\x64;C:\Program Files\Microsoft Visual Studio\18\Enterprise\VC\Tools\MSVC\14.51.36231\lib\x86\store\references;C:\Program Files (x86)\Windows Kits\10\UnionMetadata\10.0.26100.0;C:\Program Files (x86)\Windows Kits\10\References\10.0.26100.0;C:\Windows\Microsoft.NET\Framework64\v4.0.30319
windows	UNKNOWN STEP	2026-10-05T14:03:28.4800444Z   llvmArm64: C:\Program Files\Microsoft Visual Studio\18\Enterprise\VC\Tools\Llvm\ARM64\bin
windows	UNKNOWN STEP	2026-10-05T14:03:28.4801467Z   llvmX64: C:\Program Files\Microsoft Visual Studio\18\Enterprise\VC\Tools\Llvm\x64\bin
windows	UNKNOWN STEP	2026-10-05T14:03:28.4802129Z   NETFXSDKDir: C:\Program Files (x86)\Windows Kits\NETFXSDK\4.8.1\
windows	UNKNOWN STEP	2026-10-05T14:03:28.4824258Z   Path: C:\Program Files\Microsoft Visual Studio\18\Enterprise\VC\Tools\MSVC\14.51.36231\bin\HostX64\x64;C:\Program Files\Microsoft Visual Studio\18\Enterprise\Common7\IDE\VC\VCPackages;C:\Program Files\Microsoft Visual Studio\18\Enterprise\Common7\IDE\CommonExtensions\Microsoft\TestWindow;C:\Program Files\Microsoft Visual Studio\18\Enterprise\Common7\IDE\CommonExtensions\Microsoft\TeamFoundation\Team Explorer;C:\Program Files\Microsoft Visual Studio\18\Enterprise\MSBuild\Current\bin\Roslyn;C:\Program Files (x86)\Microsoft SDKs\Windows\v10.0A\bin\NETFX 4.8.1 Tools\x64\;C:\Program Files (x86)\HTML Help Workshop;C:\Program Files\Microsoft Visual Studio\18\Enterprise\Common7\IDE\CommonExtensions\Microsoft\FSharp\Tools;C:\Program Files\Microsoft Visual Studio\18\Enterprise\Team Tools\DiagnosticsHub\Collector;C:\Program Files\Microsoft Visual Studio\18\Enterprise\Common7\IDE\Extensions\Microsoft\CodeCoverage.Console;C:\Program Files (x86)\Windows Kits\10\bin\10.0.26100.0\\x64;C:\Program Files (x86)\Windows Kits\10\bin\\x64;C:\Program Files\Microsoft Visual Studio\18\Enterprise\\MSBuild\Current\Bin\amd64;C:\Windows\Microsoft.NET\Framework64\v4.0.30319;C:\Program Files\Microsoft Visual Studio\18\Enterprise\Common7\IDE\;C:\Program Files\Microsoft Visual Studio\18\Enterprise\Common7\Tools\;C:\Program Files\MongoDB\Server\7.0\bin;C:\vcpkg;C:\tools\zstd;C:\hostedtoolcache\windows\stack\3.11.1\x64;C:\cabal\bin;C:\\ghcup\bin;C:\mingw64\bin;C:\Program Files\dotnet;C:\Program Files\MySQL\MySQL Server 8.0\bin;C:\Program Files\R\R-4.6.1\bin\x64;C:\SeleniumWebDrivers\GeckoDriver;C:\SeleniumWebDrivers\EdgeDriver\;C:\SeleniumWebDrivers\ChromeDriver;C:\Program Files (x86)\sbt\bin;C:\Program Files (x86)\GitHub CLI;C:\Program Files\Git\bin;C:\Program Files (x86)\pipx_bin;C:\npm\prefix;C:\hostedtoolcache\windows\go\1.24.13\x64\bin;C:\hostedtoolcache\windows\Python\3.12.10\x64\Scripts;C:\hostedtoolcache\windows\Python\3.12.10\x64;C:\hostedtoolcache\windows\Ruby\3.3.12\x64\bin;C:\Program Files\OpenSSL\bin;C:\tools\kotlinc\bin;C:\hostedtoolcache\windows\Java_Temurin-Hotspot_jdk\17.0.20-101\x64\bin;C:\Program Files\ImageMagick-7.1.2-Q16-HDRI;C:\Program Files\Microsoft SDKs\Azure\CLI2\wbin;C:\ProgramData\kind;C:\ProgramData\Chocolatey\bin;C:\Windows\system32;C:\Windows;C:\Windows\System32\Wbem;C:\Windows\System32\WindowsPowerShell\v1.0\;C:\Windows\System32\OpenSSH\;C:\Program Files\PowerShell\7\;C:\Program Files\Microsoft\Web Platform Installer\;C:\Program Files\Microsoft SQL Server\170\Tools\Binn\;C:\Program Files\Microsoft SQL Server\Client SDK\ODBC\170\Tools\Binn\;C:\Program Files\dotnet\;C:\Program Files (x86)\Windows Kits\10\Windows Performance Toolkit\;C:\Program Files (x86)\WiX Toolset v3.14\bin;C:\Program Files\Microsoft SQL Server\130\DTS\Binn\;C:\Program Files\Microsoft SQL Server\140\DTS\Binn\;C:\Program Files\Microsoft SQL Server\150\DTS\Binn\;C:\Program Files\Microsoft SQL Server\160\DTS\Binn\;C:\Program Files\Microsoft SQL Server\170\DTS\Binn\;C:\ProgramData\chocolatey\lib\pulumi\tools\Pulumi\bin;C:\Program Files\CMake\bin;C:\Strawberry\c\bin;C:\Strawberry\perl\site\bin;C:\Strawberry\perl\bin;C:\ProgramData\chocolatey\lib\maven\apache-maven-3.9.16\bin;C:\Program Files\Microsoft Service Fabric\bin\Fabric\Fabric.Code;C:\Program Files\Microsoft SDKs\Service Fabric\Tools\ServiceFabricLocalClusterManager;C:\Program Files\nodejs\;C:\Program Files\Git\cmd;C:\Program Files\Git\mingw64\bin;C:\Program Files\Git\usr\bin;C:\Program Files\GitHub CLI\;c:\tools\php;C:\Program Files\Amazon\AWSCLIV2\;C:\Program Files\Amazon\SessionManagerPlugin\bin\;C:\Program Files\Amazon\AWSSAMCLI\bin\;C:\Program Files\Microsoft SQL Server\130\Tools\Binn\;C:\Program Files\mongosh\;C:\Program Files\LLVM\bin;C:\Program Files (x86)\LLVM\bin;C:\Users\runneradmin\.dotnet\tools;C:\Users\runneradmin\.cargo\bin;C:\Users\runneradmin\AppData\Local\Microsoft\WindowsApps;C:\Program Files (x86)\Microsoft Visual Studio\Installer;C:\Program Files\Microsoft Visual Studio\18\Enterprise\VC\Tools\Llvm\x64\bin;C:\Program Files\Microsoft Visual Studio\18\Enterprise\Common7\IDE\CommonExtensions\Microsoft\CMake\CMake\bin;C:\Program Files\Microsoft Visual Studio\18\Enterprise\Common7\IDE\CommonExtensions\Microsoft\CMake\Ninja;C:\Program Files\Microsoft Visual Studio\18\Enterprise\Common7\IDE\VC\Linux\bin\ConnectionManagerExe;C:\Program Files\Microsoft Visual Studio\18\Enterprise\VC\vcpkg
windows	UNKNOWN STEP	2026-10-05T14:03:28.4843439Z   Platform: x64
windows	UNKNOWN STEP	2026-10-05T14:03:28.4843708Z   UCRTVersion: 10.0.26100.0
windows	UNKNOWN STEP	2026-10-05T14:03:28.4844085Z   UniversalCRTSdkDir: C:\Program Files (x86)\Windows Kits\10\
windows	UNKNOWN STEP	2026-10-05T14:03:28.4844508Z   use_x64_llvm: true
windows	UNKNOWN STEP	2026-10-05T14:03:28.4844971Z   VCIDEInstallDir: C:\Program Files\Microsoft Visual Studio\18\Enterprise\Common7\IDE\VC\
windows	UNKNOWN STEP	2026-10-05T14:03:28.4845653Z   VCINSTALLDIR: C:\Program Files\Microsoft Visual Studio\18\Enterprise\VC\
windows	UNKNOWN STEP	2026-10-05T14:03:28.4846240Z   VCPKG_ROOT: C:\Program Files\Microsoft Visual Studio\18\Enterprise\VC\vcpkg
windows	UNKNOWN STEP	2026-10-05T14:03:28.4846952Z   VCToolsInstallDir: C:\Program Files\Microsoft Visual Studio\18\Enterprise\VC\Tools\MSVC\14.51.36231\
windows	UNKNOWN STEP	2026-10-05T14:03:28.4847739Z   VCToolsRedistDir: C:\Program Files\Microsoft Visual Studio\18\Enterprise\VC\Redist\MSVC\14.51.36231\
windows	UNKNOWN STEP	2026-10-05T14:03:28.4848305Z   VCToolsVersion: 14.51.36231
windows	UNKNOWN STEP	2026-10-05T14:03:28.4848576Z   VisualStudioVersion: 18.0
windows	UNKNOWN STEP	2026-10-05T14:03:28.4849005Z   VS180COMNTOOLS: C:\Program Files\Microsoft Visual Studio\18\Enterprise\Common7\Tools\
windows	UNKNOWN STEP	2026-10-05T14:03:28.4849476Z   VSCMD_ARG_app_plat: Desktop
windows	UNKNOWN STEP	2026-10-05T14:03:28.4849720Z   VSCMD_ARG_HOST_ARCH: x64
windows	UNKNOWN STEP	2026-10-05T14:03:28.4850183Z   VSCMD_ARG_TGT_ARCH: x64
windows	UNKNOWN STEP	2026-10-05T14:03:28.4850422Z   VSCMD_VER: 18.10.2
windows	UNKNOWN STEP	2026-10-05T14:03:28.4850751Z   VSINSTALLDIR: C:\Program Files\Microsoft Visual Studio\18\Enterprise\
windows	UNKNOWN STEP	2026-10-05T14:03:28.4851292Z   VSSDK150INSTALL: C:\Program Files\Microsoft Visual Studio\18\Enterprise\VSSDK
windows	UNKNOWN STEP	2026-10-05T14:03:28.4851869Z   VSSDKINSTALL: C:\Program Files\Microsoft Visual Studio\18\Enterprise\VSSDK
windows	UNKNOWN STEP	2026-10-05T14:03:28.4852693Z   WindowsLibPath: C:\Program Files (x86)\Windows Kits\10\UnionMetadata\10.0.26100.0;C:\Program Files (x86)\Windows Kits\10\References\10.0.26100.0
windows	UNKNOWN STEP	2026-10-05T14:03:28.4853458Z   WindowsSdkBinPath: C:\Program Files (x86)\Windows Kits\10\bin\
windows	UNKNOWN STEP	2026-10-05T14:03:28.4853914Z   WindowsSdkDir: C:\Program Files (x86)\Windows Kits\10\
windows	UNKNOWN STEP	2026-10-05T14:03:28.4854304Z   WindowsSDKLibVersion: 10.0.26100.0\
windows	UNKNOWN STEP	2026-10-05T14:03:28.4854763Z   WindowsSdkVerBinPath: C:\Program Files (x86)\Windows Kits\10\bin\10.0.26100.0\
windows	UNKNOWN STEP	2026-10-05T14:03:28.4855218Z   WindowsSDKVersion: 10.0.26100.0\
windows	UNKNOWN STEP	2026-10-05T14:03:28.4876074Z   WindowsSDK_ExecutablePath_x64: C:\Program Files (x86)\Microsoft SDKs\Windows\v10.0A\bin\NETFX 4.8.1 Tools\x64\
windows	UNKNOWN STEP	2026-10-05T14:03:28.4876990Z   WindowsSDK_ExecutablePath_x86: C:\Program Files (x86)\Microsoft SDKs\Windows\v10.0A\bin\NETFX 4.8.1 Tools\
windows	UNKNOWN STEP	2026-10-05T14:03:28.4877829Z   __DOTNET_ADD_64BIT: 1
windows	UNKNOWN STEP	2026-10-05T14:03:28.4878055Z   __DOTNET_PREFERRED_BITNESS: 64
windows	UNKNOWN STEP	2026-10-05T14:03:28.4884956Z   __VSCMD_PREINIT_PATH: C:\Program Files\MongoDB\Server\7.0\bin;C:\vcpkg;C:\tools\zstd;C:\hostedtoolcache\windows\stack\3.11.1\x64;C:\cabal\bin;C:\\ghcup\bin;C:\mingw64\bin;C:\Program Files\dotnet;C:\Program Files\MySQL\MySQL Server 8.0\bin;C:\Program Files\R\R-4.6.1\bin\x64;C:\SeleniumWebDrivers\GeckoDriver;C:\SeleniumWebDrivers\EdgeDriver\;C:\SeleniumWebDrivers\ChromeDriver;C:\Program Files (x86)\sbt\bin;C:\Program Files (x86)\GitHub CLI;C:\Program Files\Git\bin;C:\Program Files (x86)\pipx_bin;C:\npm\prefix;C:\hostedtoolcache\windows\go\1.24.13\x64\bin;C:\hostedtoolcache\windows\Python\3.12.10\x64\Scripts;C:\hostedtoolcache\windows\Python\3.12.10\x64;C:\hostedtoolcache\windows\Ruby\3.3.12\x64\bin;C:\Program Files\OpenSSL\bin;C:\tools\kotlinc\bin;C:\hostedtoolcache\windows\Java_Temurin-Hotspot_jdk\17.0.20-101\x64\bin;C:\Program Files\ImageMagick-7.1.2-Q16-HDRI;C:\Program Files\Microsoft SDKs\Azure\CLI2\wbin;C:\ProgramData\kind;C:\ProgramData\Chocolatey\bin;C:\Windows\system32;C:\Windows;C:\Windows\System32\Wbem;C:\Windows\System32\WindowsPowerShell\v1.0\;C:\Windows\System32\OpenSSH\;C:\Program Files\PowerShell\7\;C:\Program Files\Microsoft\Web Platform Installer\;C:\Program Files\Microsoft SQL Server\170\Tools\Binn\;C:\Program Files\Microsoft SQL Server\Client SDK\ODBC\170\Tools\Binn\;C:\Program Files\dotnet\;C:\Program Files (x86)\Windows Kits\10\Windows Performance Toolkit\;C:\Program Files (x86)\WiX Toolset v3.14\bin;C:\Program Files\Microsoft SQL Server\130\DTS\Binn\;C:\Program Files\Microsoft SQL Server\140\DTS\Binn\;C:\Program Files\Microsoft SQL Server\150\DTS\Binn\;C:\Program Files\Microsoft SQL Server\160\DTS\Binn\;C:\Program Files\Microsoft SQL Server\170\DTS\Binn\;C:\ProgramData\chocolatey\lib\pulumi\tools\Pulumi\bin;C:\Program Files\CMake\bin;C:\Strawberry\c\bin;C:\Strawberry\perl\site\bin;C:\Strawberry\perl\bin;C:\ProgramData\chocolatey\lib\maven\apache-maven-3.9.16\bin;C:\Program Files\Microsoft Service Fabric\bin\Fabric\Fabric.Code;C:\Program Files\Microsoft SDKs\Service Fabric\Tools\ServiceFabricLocalClusterManager;C:\Program Files\nodejs\;C:\Program Files\Git\cmd;C:\Program Files\Git\mingw64\bin;C:\Program Files\Git\usr\bin;C:\Program Files\GitHub CLI\;c:\tools\php;C:\Program Files (x86)\sbt\bin;C:\Program Files\Amazon\AWSCLIV2\;C:\Program Files\Amazon\SessionManagerPlugin\bin\;C:\Program Files\Amazon\AWSSAMCLI\bin\;C:\Program Files\Microsoft SQL Server\130\Tools\Binn\;C:\Program Files\mongosh\;C:\Program Files\LLVM\bin;C:\Program Files (x86)\LLVM\bin;C:\Users\runneradmin\.dotnet\tools;C:\Users\runneradmin\.cargo\bin;C:\Users\runneradmin\AppData\Local\Microsoft\WindowsApps;C:\Program Files (x86)\Microsoft Visual Studio\Installer
windows	UNKNOWN STEP	2026-10-05T14:03:28.4911588Z   CACHE_ON_FAILURE: false
windows	UNKNOWN STEP	2026-10-05T14:03:28.4911921Z   LIBCLANG_PATH: C:\Program Files\LLVM\bin
windows	UNKNOWN STEP	2026-10-05T14:03:28.4912269Z ##[endgroup]
windows	UNKNOWN STEP	2026-10-05T14:03:33.1483248Z test_analyze_profile_retains_generic_baseline (test_game_awareness.CliTests.test_analyze_profile_retains_generic_baseline) ... ok
windows	UNKNOWN STEP	2026-10-05T14:03:33.6689309Z test_generic_absent_fallback_and_byte_identity (test_game_awareness.CliTests.test_generic_absent_fallback_and_byte_identity) ... ok
windows	UNKNOWN STEP	2026-10-05T14:03:33.9250729Z test_profile_version_paths_source_mismatch_and_nested_output (test_game_awareness.CliTests.test_profile_version_paths_source_mismatch_and_nested_output) ... ok
windows	UNKNOWN STEP	2026-10-05T14:03:34.4104923Z test_zip_original_bytes_and_plan_tampering (test_game_awareness.CliTests.test_zip_original_bytes_and_plan_tampering) ... ok
windows	UNKNOWN STEP	2026-10-05T14:03:34.7530911Z test_generation_reproducible_and_keeps_stable_records (test_game_awareness.FixtureTests.test_generation_reproducible_and_keeps_stable_records) ... ok
windows	UNKNOWN STEP	2026-10-05T14:03:34.7532388Z test_summary_uses_every_trial_and_missing_stays_null (test_game_awareness.FixtureTests.test_summary_uses_every_trial_and_missing_stays_null) ... ok
windows	UNKNOWN STEP	2026-10-05T14:03:34.7532988Z 
windows	UNKNOWN STEP	2026-10-05T14:03:34.7534619Z ----------------------------------------------------------------------
windows	UNKNOWN STEP	2026-10-05T14:03:34.7535059Z Ran 6 tests in 2.397s
windows	UNKNOWN STEP	2026-10-05T14:03:34.7535252Z 
windows	UNKNOWN STEP	2026-10-05T14:03:34.7535356Z OK
windows	UNKNOWN STEP	2026-10-05T14:03:34.8321796Z ##[group]Run python -m unittest discover -s tests -p 'test_*validation.py' -v
windows	UNKNOWN STEP	2026-10-05T14:03:34.8322377Z ^[[36;1mpython -m unittest discover -s tests -p 'test_*validation.py' -v^[[0m
windows	UNKNOWN STEP	2026-10-05T14:03:34.8322821Z ^[[36;1mif ($LASTEXITCODE -ne 0) { throw 'Validation/WOF regression tests failed' }^[[0m
windows	UNKNOWN STEP	2026-10-05T14:03:34.8378781Z shell: C:\Program Files\PowerShell\7\pwsh.EXE -command ". '{0}'"
windows	UNKNOWN STEP	2026-10-05T14:03:34.8379082Z env:
windows	UNKNOWN STEP	2026-10-05T14:03:34.8379247Z   CARGO_HOME: C:\Users\runneradmin\.cargo
windows	UNKNOWN STEP	2026-10-05T14:03:34.8379497Z   CARGO_INCREMENTAL: 0
windows	UNKNOWN STEP	2026-10-05T14:03:34.8379691Z   CARGO_TERM_COLOR: always
windows	UNKNOWN STEP	2026-10-05T14:03:34.8379888Z   CommandPromptType: Native
windows	UNKNOWN STEP	2026-10-05T14:03:34.8380206Z   DevEnvDir: C:\Program Files\Microsoft Visual Studio\18\Enterprise\Common7\IDE\
windows	UNKNOWN STEP	2026-10-05T14:03:34.8380652Z   ExtensionSdkDir: C:\Program Files (x86)\Microsoft SDKs\Windows Kits\10\ExtensionSDKs
windows	UNKNOWN STEP	2026-10-05T14:03:34.8382676Z   EXTERNAL_INCLUDE: C:\Program Files\Microsoft Visual Studio\18\Enterprise\VC\Tools\MSVC\14.51.36231\include;C:\Program Files\Microsoft Visual Studio\18\Enterprise\VC\Tools\MSVC\14.51.36231\ATLMFC\include;C:\Program Files\Microsoft Visual Studio\18\Enterprise\VC\Auxiliary\VS\include;C:\Program Files (x86)\Windows Kits\10\include\10.0.26100.0\ucrt;C:\Program Files (x86)\Windows Kits\10\\include\10.0.26100.0\\um;C:\Program Files (x86)\Windows Kits\10\\include\10.0.26100.0\\shared;C:\Program Files (x86)\Windows Kits\10\\include\10.0.26100.0\\winrt;C:\Program Files (x86)\Windows Kits\10\\include\10.0.26100.0\\cppwinrt;C:\Program Files (x86)\Windows Kits\NETFXSDK\4.8.1\include\um
windows	UNKNOWN STEP	2026-10-05T14:03:34.8384536Z   Framework40Version: v4.0
windows	UNKNOWN STEP	2026-10-05T14:03:34.8384768Z   FrameworkDir: C:\Windows\Microsoft.NET\Framework64\
windows	UNKNOWN STEP	2026-10-05T14:03:34.8385069Z   FrameworkDir64: C:\Windows\Microsoft.NET\Framework64\
windows	UNKNOWN STEP	2026-10-05T14:03:34.8385328Z   FrameworkVersion: v4.0.30319
windows	UNKNOWN STEP	2026-10-05T14:03:34.8385539Z   FrameworkVersion64: v4.0.30319
windows	UNKNOWN STEP	2026-10-05T14:03:34.8385996Z   FSHARPINSTALLDIR: C:\Program Files\Microsoft Visual Studio\18\Enterprise\Common7\IDE\CommonExtensions\Microsoft\FSharp\Tools
windows	UNKNOWN STEP	2026-10-05T14:03:34.8386492Z   HTMLHelpDir: C:\Program Files (x86)\HTML Help Workshop
windows	UNKNOWN STEP	2026-10-05T14:03:34.8388325Z   INCLUDE: C:\Program Files\Microsoft Visual Studio\18\Enterprise\VC\Tools\MSVC\14.51.36231\include;C:\Program Files\Microsoft Visual Studio\18\Enterprise\VC\Tools\MSVC\14.51.36231\ATLMFC\include;C:\Program Files\Microsoft Visual Studio\18\Enterprise\VC\Auxiliary\VS\include;C:\Program Files (x86)\Windows Kits\10\include\10.0.26100.0\ucrt;C:\Program Files (x86)\Windows Kits\10\\include\10.0.26100.0\\um;C:\Program Files (x86)\Windows Kits\10\\include\10.0.26100.0\\shared;C:\Program Files (x86)\Windows Kits\10\\include\10.0.26100.0\\winrt;C:\Program Files (x86)\Windows Kits\10\\include\10.0.26100.0\\cppwinrt;C:\Program Files (x86)\Windows Kits\NETFXSDK\4.8.1\include\um
windows	UNKNOWN STEP	2026-10-05T14:03:34.8391243Z   LIB: C:\Program Files\Microsoft Visual Studio\18\Enterprise\VC\Tools\MSVC\14.51.36231\ATLMFC\lib\x64;C:\Program Files\Microsoft Visual Studio\18\Enterprise\VC\Tools\MSVC\14.51.36231\lib\x64;C:\Program Files (x86)\Windows Kits\NETFXSDK\4.8.1\lib\um\x64;C:\Program Files (x86)\Windows Kits\10\lib\10.0.26100.0\ucrt\x64;C:\Program Files (x86)\Windows Kits\10\\lib\10.0.26100.0\\um\x64
windows	UNKNOWN STEP	2026-10-05T14:03:34.8393911Z   LIBPATH: C:\Program Files\Microsoft Visual Studio\18\Enterprise\VC\Tools\MSVC\14.51.36231\ATLMFC\lib\x64;C:\Program Files\Microsoft Visual Studio\18\Enterprise\VC\Tools\MSVC\14.51.36231\lib\x64;C:\Program Files\Microsoft Visual Studio\18\Enterprise\VC\Tools\MSVC\14.51.36231\lib\x86\store\references;C:\Program Files (x86)\Windows Kits\10\UnionMetadata\10.0.26100.0;C:\Program Files (x86)\Windows Kits\10\References\10.0.26100.0;C:\Windows\Microsoft.NET\Framework64\v4.0.30319
windows	UNKNOWN STEP	2026-10-05T14:03:34.8395431Z   llvmArm64: C:\Program Files\Microsoft Visual Studio\18\Enterprise\VC\Tools\Llvm\ARM64\bin
windows	UNKNOWN STEP	2026-10-05T14:03:34.8397158Z   llvmX64: C:\Program Files\Microsoft Visual Studio\18\Enterprise\VC\Tools\Llvm\x64\bin
windows	UNKNOWN STEP	2026-10-05T14:03:34.8397621Z   NETFXSDKDir: C:\Program Files (x86)\Windows Kits\NETFXSDK\4.8.1\
windows	UNKNOWN STEP	2026-10-05T14:03:34.8410113Z   Path: C:\Program Files\Microsoft Visual Studio\18\Enterprise\VC\Tools\MSVC\14.51.36231\bin\HostX64\x64;C:\Program Files\Microsoft Visual Studio\18\Enterprise\Common7\IDE\VC\VCPackages;C:\Program Files\Microsoft Visual Studio\18\Enterprise\Common7\IDE\CommonExtensions\Microsoft\TestWindow;C:\Program Files\Microsoft Visual Studio\18\Enterprise\Common7\IDE\CommonExtensions\Microsoft\TeamFoundation\Team Explorer;C:\Program Files\Microsoft Visual Studio\18\Enterprise\MSBuild\Current\bin\Roslyn;C:\Program Files (x86)\Microsoft SDKs\Windows\v10.0A\bin\NETFX 4.8.1 Tools\x64\;C:\Program Files (x86)\HTML Help Workshop;C:\Program Files\Microsoft Visual Studio\18\Enterprise\Common7\IDE\CommonExtensions\Microsoft\FSharp\Tools;C:\Program Files\Microsoft Visual Studio\18\Enterprise\Team Tools\DiagnosticsHub\Collector;C:\Program Files\Microsoft Visual Studio\18\Enterprise\Common7\IDE\Extensions\Microsoft\CodeCoverage.Console;C:\Program Files (x86)\Windows Kits\10\bin\10.0.26100.0\\x64;C:\Program Files (x86)\Windows Kits\10\bin\\x64;C:\Program Files\Microsoft Visual Studio\18\Enterprise\\MSBuild\Current\Bin\amd64;C:\Windows\Microsoft.NET\Framework64\v4.0.30319;C:\Program Files\Microsoft Visual Studio\18\Enterprise\Common7\IDE\;C:\Program Files\Microsoft Visual Studio\18\Enterprise\Common7\Tools\;C:\Program Files\MongoDB\Server\7.0\bin;C:\vcpkg;C:\tools\zstd;C:\hostedtoolcache\windows\stack\3.11.1\x64;C:\cabal\bin;C:\\ghcup\bin;C:\mingw64\bin;C:\Program Files\dotnet;C:\Program Files\MySQL\MySQL Server 8.0\bin;C:\Program Files\R\R-4.6.1\bin\x64;C:\SeleniumWebDrivers\GeckoDriver;C:\SeleniumWebDrivers\EdgeDriver\;C:\SeleniumWebDrivers\ChromeDriver;C:\Program Files (x86)\sbt\bin;C:\Program Files (x86)\GitHub CLI;C:\Program Files\Git\bin;C:\Program Files (x86)\pipx_bin;C:\npm\prefix;C:\hostedtoolcache\windows\go\1.24.13\x64\bin;C:\hostedtoolcache\windows\Python\3.12.10\x64\Scripts;C:\hostedtoolcache\windows\Python\3.12.10\x64;C:\hostedtoolcache\windows\Ruby\3.3.12\x64\bin;C:\Program Files\OpenSSL\bin;C:\tools\kotlinc\bin;C:\hostedtoolcache\windows\Java_Temurin-Hotspot_jdk\17.0.20-101\x64\bin;C:\Program Files\ImageMagick-7.1.2-Q16-HDRI;C:\Program Files\Microsoft SDKs\Azure\CLI2\wbin;C:\ProgramData\kind;C:\ProgramData\Chocolatey\bin;C:\Windows\system32;C:\Windows;C:\Windows\System32\Wbem;C:\Windows\System32\WindowsPowerShell\v1.0\;C:\Windows\System32\OpenSSH\;C:\Program Files\PowerShell\7\;C:\Program Files\Microsoft\Web Platform Installer\;C:\Program Files\Microsoft SQL Server\170\Tools\Binn\;C:\Program Files\Microsoft SQL Server\Client SDK\ODBC\170\Tools\Binn\;C:\Program Files\dotnet\;C:\Program Files (x86)\Windows Kits\10\Windows Performance Toolkit\;C:\Program Files (x86)\WiX Toolset v3.14\bin;C:\Program Files\Microsoft SQL Server\130\DTS\Binn\;C:\Program Files\Microsoft SQL Server\140\DTS\Binn\;C:\Program Files\Microsoft SQL Server\150\DTS\Binn\;C:\Program Files\Microsoft SQL Server\160\DTS\Binn\;C:\Program Files\Microsoft SQL Server\170\DTS\Binn\;C:\ProgramData\chocolatey\lib\pulumi\tools\Pulumi\bin;C:\Program Files\CMake\bin;C:\Strawberry\c\bin;C:\Strawberry\perl\site\bin;C:\Strawberry\perl\bin;C:\ProgramData\chocolatey\lib\maven\apache-maven-3.9.16\bin;C:\Program Files\Microsoft Service Fabric\bin\Fabric\Fabric.Code;C:\Program Files\Microsoft SDKs\Service Fabric\Tools\ServiceFabricLocalClusterManager;C:\Program Files\nodejs\;C:\Program Files\Git\cmd;C:\Program Files\Git\mingw64\bin;C:\Program Files\Git\usr\bin;C:\Program Files\GitHub CLI\;c:\tools\php;C:\Program Files\Amazon\AWSCLIV2\;C:\Program Files\Amazon\SessionManagerPlugin\bin\;C:\Program Files\Amazon\AWSSAMCLI\bin\;C:\Program Files\Microsoft SQL Server\130\Tools\Binn\;C:\Program Files\mongosh\;C:\Program Files\LLVM\bin;C:\Program Files (x86)\LLVM\bin;C:\Users\runneradmin\.dotnet\tools;C:\Users\runneradmin\.cargo\bin;C:\Users\runneradmin\AppData\Local\Microsoft\WindowsApps;C:\Program Files (x86)\Microsoft Visual Studio\Installer;C:\Program Files\Microsoft Visual Studio\18\Enterprise\VC\Tools\Llvm\x64\bin;C:\Program Files\Microsoft Visual Studio\18\Enterprise\Common7\IDE\CommonExtensions\Microsoft\CMake\CMake\bin;C:\Program Files\Microsoft Visual Studio\18\Enterprise\Common7\IDE\CommonExtensions\Microsoft\CMake\Ninja;C:\Program Files\Microsoft Visual Studio\18\Enterprise\Common7\IDE\VC\Linux\bin\ConnectionManagerExe;C:\Program Files\Microsoft Visual Studio\18\Enterprise\VC\vcpkg
windows	UNKNOWN STEP	2026-10-05T14:03:34.8422807Z   Platform: x64
windows	UNKNOWN STEP	2026-10-05T14:03:34.8422996Z   UCRTVersion: 10.0.26100.0
windows	UNKNOWN STEP	2026-10-05T14:03:34.8423267Z   UniversalCRTSdkDir: C:\Program Files (x86)\Windows Kits\10\
windows	UNKNOWN STEP	2026-10-05T14:03:34.8423546Z   use_x64_llvm: true
windows	UNKNOWN STEP	2026-10-05T14:03:34.8423853Z   VCIDEInstallDir: C:\Program Files\Microsoft Visual Studio\18\Enterprise\Common7\IDE\VC\
windows	UNKNOWN STEP	2026-10-05T14:03:34.8424304Z   VCINSTALLDIR: C:\Program Files\Microsoft Visual Studio\18\Enterprise\VC\
windows	UNKNOWN STEP	2026-10-05T14:03:34.8424702Z   VCPKG_ROOT: C:\Program Files\Microsoft Visual Studio\18\Enterprise\VC\vcpkg
windows	UNKNOWN STEP	2026-10-05T14:03:34.8425190Z   VCToolsInstallDir: C:\Program Files\Microsoft Visual Studio\18\Enterprise\VC\Tools\MSVC\14.51.36231\
windows	UNKNOWN STEP	2026-10-05T14:03:34.8425738Z   VCToolsRedistDir: C:\Program Files\Microsoft Visual Studio\18\Enterprise\VC\Redist\MSVC\14.51.36231\
windows	UNKNOWN STEP	2026-10-05T14:03:34.8426115Z   VCToolsVersion: 14.51.36231
windows	UNKNOWN STEP	2026-10-05T14:03:34.8426315Z   VisualStudioVersion: 18.0
windows	UNKNOWN STEP	2026-10-05T14:03:34.8426624Z   VS180COMNTOOLS: C:\Program Files\Microsoft Visual Studio\18\Enterprise\Common7\Tools\
windows	UNKNOWN STEP	2026-10-05T14:03:34.8426987Z   VSCMD_ARG_app_plat: Desktop
windows	UNKNOWN STEP	2026-10-05T14:03:34.8427180Z   VSCMD_ARG_HOST_ARCH: x64
windows	UNKNOWN STEP	2026-10-05T14:03:34.8427361Z   VSCMD_ARG_TGT_ARCH: x64
windows	UNKNOWN STEP	2026-10-05T14:03:34.8427533Z   VSCMD_VER: 18.10.2
windows	UNKNOWN STEP	2026-10-05T14:03:34.8427792Z   VSINSTALLDIR: C:\Program Files\Microsoft Visual Studio\18\Enterprise\
windows	UNKNOWN STEP	2026-10-05T14:03:34.8428196Z   VSSDK150INSTALL: C:\Program Files\Microsoft Visual Studio\18\Enterprise\VSSDK
windows	UNKNOWN STEP	2026-10-05T14:03:34.8428607Z   VSSDKINSTALL: C:\Program Files\Microsoft Visual Studio\18\Enterprise\VSSDK
windows	UNKNOWN STEP	2026-10-05T14:03:34.8429183Z   WindowsLibPath: C:\Program Files (x86)\Windows Kits\10\UnionMetadata\10.0.26100.0;C:\Program Files (x86)\Windows Kits\10\References\10.0.26100.0
windows	UNKNOWN STEP	2026-10-05T14:03:34.8429736Z   WindowsSdkBinPath: C:\Program Files (x86)\Windows Kits\10\bin\
windows	UNKNOWN STEP	2026-10-05T14:03:34.8430057Z   WindowsSdkDir: C:\Program Files (x86)\Windows Kits\10\
windows	UNKNOWN STEP	2026-10-05T14:03:34.8430314Z   WindowsSDKLibVersion: 10.0.26100.0\
windows	UNKNOWN STEP	2026-10-05T14:03:34.8430625Z   WindowsSdkVerBinPath: C:\Program Files (x86)\Windows Kits\10\bin\10.0.26100.0\
windows	UNKNOWN STEP	2026-10-05T14:03:34.8431059Z   WindowsSDKVersion: 10.0.26100.0\
windows	UNKNOWN STEP	2026-10-05T14:03:34.8431453Z   WindowsSDK_ExecutablePath_x64: C:\Program Files (x86)\Microsoft SDKs\Windows\v10.0A\bin\NETFX 4.8.1 Tools\x64\
windows	UNKNOWN STEP	2026-10-05T14:03:34.8432035Z   WindowsSDK_ExecutablePath_x86: C:\Program Files (x86)\Microsoft SDKs\Windows\v10.0A\bin\NETFX 4.8.1 Tools\
windows	UNKNOWN STEP	2026-10-05T14:03:34.8432562Z   __DOTNET_ADD_64BIT: 1
windows	UNKNOWN STEP	2026-10-05T14:03:34.8432747Z   __DOTNET_PREFERRED_BITNESS: 64
windows	UNKNOWN STEP	2026-10-05T14:03:34.8440360Z   __VSCMD_PREINIT_PATH: C:\Program Files\MongoDB\Server\7.0\bin;C:\vcpkg;C:\tools\zstd;C:\hostedtoolcache\windows\stack\3.11.1\x64;C:\cabal\bin;C:\\ghcup\bin;C:\mingw64\bin;C:\Program Files\dotnet;C:\Program Files\MySQL\MySQL Server 8.0\bin;C:\Program Files\R\R-4.6.1\bin\x64;C:\SeleniumWebDrivers\GeckoDriver;C:\SeleniumWebDrivers\EdgeDriver\;C:\SeleniumWebDrivers\ChromeDriver;C:\Program Files (x86)\sbt\bin;C:\Program Files (x86)\GitHub CLI;C:\Program Files\Git\bin;C:\Program Files (x86)\pipx_bin;C:\npm\prefix;C:\hostedtoolcache\windows\go\1.24.13\x64\bin;C:\hostedtoolcache\windows\Python\3.12.10\x64\Scripts;C:\hostedtoolcache\windows\Python\3.12.10\x64;C:\hostedtoolcache\windows\Ruby\3.3.12\x64\bin;C:\Program Files\OpenSSL\bin;C:\tools\kotlinc\bin;C:\hostedtoolcache\windows\Java_Temurin-Hotspot_jdk\17.0.20-101\x64\bin;C:\Program Files\ImageMagick-7.1.2-Q16-HDRI;C:\Program Files\Microsoft SDKs\Azure\CLI2\wbin;C:\ProgramData\kind;C:\ProgramData\Chocolatey\bin;C:\Windows\system32;C:\Windows;C:\Windows\System32\Wbem;C:\Windows\System32\WindowsPowerShell\v1.0\;C:\Windows\System32\OpenSSH\;C:\Program Files\PowerShell\7\;C:\Program Files\Microsoft\Web Platform Installer\;C:\Program Files\Microsoft SQL Server\170\Tools\Binn\;C:\Program Files\Microsoft SQL Server\Client SDK\ODBC\170\Tools\Binn\;C:\Program Files\dotnet\;C:\Program Files (x86)\Windows Kits\10\Windows Performance Toolkit\;C:\Program Files (x86)\WiX Toolset v3.14\bin;C:\Program Files\Microsoft SQL Server\130\DTS\Binn\;C:\Program Files\Microsoft SQL Server\140\DTS\Binn\;C:\Program Files\Microsoft SQL Server\150\DTS\Binn\;C:\Program Files\Microsoft SQL Server\160\DTS\Binn\;C:\Program Files\Microsoft SQL Server\170\DTS\Binn\;C:\ProgramData\chocolatey\lib\pulumi\tools\Pulumi\bin;C:\Program Files\CMake\bin;C:\Strawberry\c\bin;C:\Strawberry\perl\site\bin;C:\Strawberry\perl\bin;C:\ProgramData\chocolatey\lib\maven\apache-maven-3.9.16\bin;C:\Program Files\Microsoft Service Fabric\bin\Fabric\Fabric.Code;C:\Program Files\Microsoft SDKs\Service Fabric\Tools\ServiceFabricLocalClusterManager;C:\Program Files\nodejs\;C:\Program Files\Git\cmd;C:\Program Files\Git\mingw64\bin;C:\Program Files\Git\usr\bin;C:\Program Files\GitHub CLI\;c:\tools\php;C:\Program Files (x86)\sbt\bin;C:\Program Files\Amazon\AWSCLIV2\;C:\Program Files\Amazon\SessionManagerPlugin\bin\;C:\Program Files\Amazon\AWSSAMCLI\bin\;C:\Program Files\Microsoft SQL Server\130\Tools\Binn\;C:\Program Files\mongosh\;C:\Program Files\LLVM\bin;C:\Program Files (x86)\LLVM\bin;C:\Users\runneradmin\.dotnet\tools;C:\Users\runneradmin\.cargo\bin;C:\Users\runneradmin\AppData\Local\Microsoft\WindowsApps;C:\Program Files (x86)\Microsoft Visual Studio\Installer
windows	UNKNOWN STEP	2026-10-05T14:03:34.8447882Z   CACHE_ON_FAILURE: false
windows	UNKNOWN STEP	2026-10-05T14:03:34.8448085Z   LIBCLANG_PATH: C:\Program Files\LLVM\bin
windows	UNKNOWN STEP	2026-10-05T14:03:34.8448307Z ##[endgroup]
windows	UNKNOWN STEP	2026-10-05T14:03:36.1478821Z test_disk_shortage_blocks_before_commands (test_posix_validation.IntegrationFaultTests.test_disk_shortage_blocks_before_commands) ... ok
windows	UNKNOWN STEP	2026-10-05T14:03:36.1506618Z test_empty_directory_changes_installation_identity (test_posix_validation.IntegrationFaultTests.test_empty_directory_changes_installation_identity) ... ok
windows	UNKNOWN STEP	2026-10-05T14:03:36.3659314Z test_failed_application_still_verifies_source_and_base (test_posix_validation.IntegrationFaultTests.test_failed_application_still_verifies_source_and_base) ... ok
windows	UNKNOWN STEP	2026-10-05T14:03:36.5808504Z test_synthetic_game_stays_not_run_and_runtime_mutation_fails (test_posix_validation.IntegrationFaultTests.test_synthetic_game_stays_not_run_and_runtime_mutation_fails) ... ok
windows	UNKNOWN STEP	2026-10-05T14:03:36.6366789Z test_atomic_failure_preserves_previous_json (test_posix_validation.LifecycleTests.test_atomic_failure_preserves_previous_json) ... ok
windows	UNKNOWN STEP	2026-10-05T14:03:36.6367675Z test_dangling_work_symlink_is_refused (test_posix_validation.LifecycleTests.test_dangling_work_symlink_is_refused) ... skipped 'symlink creation privilege varies on Windows'
windows	UNKNOWN STEP	2026-10-05T14:03:36.7388052Z test_direct_argv_with_spaces_and_shell_metacharacters (test_posix_validation.LifecycleTests.test_direct_argv_with_spaces_and_shell_metacharacters) ... ok
windows	UNKNOWN STEP	2026-10-05T14:03:36.7396230Z test_disconnected_linux_mount_is_found_without_stat (test_posix_validation.LifecycleTests.test_disconnected_linux_mount_is_found_without_stat) ... ok
windows	UNKNOWN STEP	2026-10-05T14:03:36.8182567Z test_explicit_environment_reaches_child_without_secret_logging (test_posix_validation.LifecycleTests.test_explicit_environment_reaches_child_without_secret_logging) ... ok
windows	UNKNOWN STEP	2026-10-05T14:03:36.8226657Z test_reused_and_overlapping_work_keeps_existing_evidence (test_posix_validation.LifecycleTests.test_reused_and_overlapping_work_keeps_existing_evidence) ... ok
windows	UNKNOWN STEP	2026-10-05T14:03:36.8227647Z test_sigint_and_sigterm_record_failure_and_reap_child (test_posix_validation.LifecycleTests.test_sigint_and_sigterm_record_failure_and_reap_child) ... skipped 'POSIX signals and process groups'
windows	UNKNOWN STEP	2026-10-05T14:03:36.8761850Z test_spawn_failure_records_fail_and_preserves_logs (test_posix_validation.LifecycleTests.test_spawn_failure_records_fail_and_preserves_logs) ... ok
windows	UNKNOWN STEP	2026-10-05T14:03:36.8763218Z test_timeout_reaps_child (test_posix_validation.LifecycleTests.test_timeout_reaps_child) ... skipped 'POSIX signals and process groups'
windows	UNKNOWN STEP	2026-10-05T14:03:37.5803637Z test_binary_and_source_mismatch_cannot_be_overridden (test_posix_validation.ProvenanceTests.test_binary_and_source_mismatch_cannot_be_overridden) ... ok
windows	UNKNOWN STEP	2026-10-05T14:03:37.9293417Z test_changed_source_during_build_has_no_receipt (test_posix_validation.ProvenanceTests.test_changed_source_during_build_has_no_receipt) ... ok
windows	UNKNOWN STEP	2026-10-05T14:03:38.4498183Z test_strict_dirty_and_unverified_gates (test_posix_validation.ProvenanceTests.test_strict_dirty_and_unverified_gates) ... ok
windows	UNKNOWN STEP	2026-10-05T14:03:38.5213891Z test_mount_table_failure_is_saved_and_signal_handlers_restore (test_posix_validation.SdkLifecycleTests.test_mount_table_failure_is_saved_and_signal_handlers_restore) ... ok
windows	UNKNOWN STEP	2026-10-05T14:03:38.5848176Z test_repository_change_cannot_pass_even_when_commands_pass (test_posix_validation.SdkLifecycleTests.test_repository_change_cannot_pass_even_when_commands_pass) ... ok
windows	UNKNOWN STEP	2026-10-05T14:03:38.6302523Z test_retained_image_mount_cannot_pass (test_posix_validation.SdkLifecycleTests.test_retained_image_mount_cannot_pass) ... ok
windows	UNKNOWN STEP	2026-10-05T14:03:40.0634386Z test_native_streams_resources_and_disposable_wof (test_windows_validation.NativeWindowsTests.test_native_streams_resources_and_disposable_wof) ... ok
windows	UNKNOWN STEP	2026-10-05T14:03:40.0635693Z test_cleanup_interrupt_is_recorded_without_aborting_cleanup (test_windows_validation.PortableWindowsTests.test_cleanup_interrupt_is_recorded_without_aborting_cleanup) ... ok
windows	UNKNOWN STEP	2026-10-05T14:03:40.0636662Z test_current_winfsp_metrics_use_verified_application_bytes (test_windows_validation.PortableWindowsTests.test_current_winfsp_metrics_use_verified_application_bytes) ... ok
windows	UNKNOWN STEP	2026-10-05T14:03:40.0648768Z test_dead_provider_still_attempts_owned_unmount (test_windows_validation.PortableWindowsTests.test_dead_provider_still_attempts_owned_unmount) ... ok
windows	UNKNOWN STEP	2026-10-05T14:03:40.0719230Z test_disposable_copy_is_independent_and_original_is_unchanged (test_windows_validation.PortableWindowsTests.test_disposable_copy_is_independent_and_original_is_unchanged) ... ok
windows	UNKNOWN STEP	2026-10-05T14:03:40.0724217Z test_game_arguments_are_literal_argv_elements (test_windows_validation.PortableWindowsTests.test_game_arguments_are_literal_argv_elements) ... ok
windows	UNKNOWN STEP	2026-10-05T14:03:40.0866205Z test_generated_application_does_not_become_game_evidence (test_windows_validation.PortableWindowsTests.test_generated_application_does_not_become_game_evidence) ... ok
windows	UNKNOWN STEP	2026-10-05T14:03:40.0903360Z test_identical_query_plan_and_byte_checks (test_windows_validation.PortableWindowsTests.test_identical_query_plan_and_byte_checks) ... ok
windows	UNKNOWN STEP	2026-10-05T14:03:40.0904600Z test_no_vm_hint_is_not_physical_evidence (test_windows_validation.PortableWindowsTests.test_no_vm_hint_is_not_physical_evidence) ... ok
windows	UNKNOWN STEP	2026-10-05T14:03:40.0931801Z test_nonpassing_stage_cannot_be_promoted_by_exit_zero (test_windows_validation.PortableWindowsTests.test_nonpassing_stage_cannot_be_promoted_by_exit_zero) ... ok
windows	UNKNOWN STEP	2026-10-05T14:03:42.9115000Z test_powershell_handoff_preserves_unicode_and_literal_arguments (test_windows_validation.PortableWindowsTests.test_powershell_handoff_preserves_unicode_and_literal_arguments) ... ok
windows	UNKNOWN STEP	2026-10-05T14:03:42.9116114Z test_stream_allocation_includes_compressed_backing_data (test_windows_validation.PortableWindowsTests.test_stream_allocation_includes_compressed_backing_data) ... ok
windows	UNKNOWN STEP	2026-10-05T14:03:42.9117036Z test_unknown_wof_flags_are_rejected (test_windows_validation.PortableWindowsTests.test_unknown_wof_flags_are_rejected) ... ok
windows	UNKNOWN STEP	2026-10-05T14:03:42.9118225Z test_windows_rooted_path_cannot_escape_the_workload_root (test_windows_validation.PortableWindowsTests.test_windows_rooted_path_cannot_escape_the_workload_root) ... ok
windows	UNKNOWN STEP	2026-10-05T14:03:42.9134080Z test_wof_is_verified_by_provider_and_algorithm (test_windows_validation.PortableWindowsTests.test_wof_is_verified_by_provider_and_algorithm) ... ok
windows	UNKNOWN STEP	2026-10-05T14:03:42.9147345Z test_work_checks_every_source_before_mkdir (test_windows_validation.PortableWindowsTests.test_work_checks_every_source_before_mkdir) ... ok
windows	UNKNOWN STEP	2026-10-05T14:03:42.9148039Z 
windows	UNKNOWN STEP	2026-10-05T14:03:42.9148201Z ----------------------------------------------------------------------
windows	UNKNOWN STEP	2026-10-05T14:03:42.9148553Z Ran 35 tests in 6.832s
windows	UNKNOWN STEP	2026-10-05T14:03:42.9148699Z 
windows	UNKNOWN STEP	2026-10-05T14:03:42.9148783Z OK (skipped=3)
windows	UNKNOWN STEP	2026-10-05T14:03:43.0268858Z ##[group]Run $tokens = $null; $parseErrors = $null
windows	UNKNOWN STEP	2026-10-05T14:03:43.0269244Z ^[[36;1m$tokens = $null; $parseErrors = $null^[[0m
windows	UNKNOWN STEP	2026-10-05T14:03:43.0269823Z ^[[36;1m[System.Management.Automation.Language.Parser]::ParseFile((Resolve-Path tools/windows-hardware-validation.ps1), [ref]$tokens, [ref]$parseErrors) | Out-Null^[[0m
windows	UNKNOWN STEP	2026-10-05T14:03:43.0270506Z ^[[36;1mif ($parseErrors.Count) { $parseErrors | Format-List; throw 'Hardware harness syntax errors' }^[[0m
windows	UNKNOWN STEP	2026-10-05T14:03:43.0328330Z shell: C:\Program Files\PowerShell\7\pwsh.EXE -command ". '{0}'"
windows	UNKNOWN STEP	2026-10-05T14:03:43.0328755Z env:
windows	UNKNOWN STEP	2026-10-05T14:03:43.0328993Z   CARGO_HOME: C:\Users\runneradmin\.cargo
windows	UNKNOWN STEP	2026-10-05T14:03:43.0329335Z   CARGO_INCREMENTAL: 0
windows	UNKNOWN STEP	2026-10-05T14:03:43.0329685Z   CARGO_TERM_COLOR: always
windows	UNKNOWN STEP	2026-10-05T14:03:43.0329969Z   CommandPromptType: Native
windows	UNKNOWN STEP	2026-10-05T14:03:43.0330432Z   DevEnvDir: C:\Program Files\Microsoft Visual Studio\18\Enterprise\Common7\IDE\
windows	UNKNOWN STEP	2026-10-05T14:03:43.0331160Z   ExtensionSdkDir: C:\Program Files (x86)\Microsoft SDKs\Windows Kits\10\ExtensionSDKs
windows	UNKNOWN STEP	2026-10-05T14:03:43.0334330Z   EXTERNAL_INCLUDE: C:\Program Files\Microsoft Visual Studio\18\Enterprise\VC\Tools\MSVC\14.51.36231\include;C:\Program Files\Microsoft Visual Studio\18\Enterprise\VC\Tools\MSVC\14.51.36231\ATLMFC\include;C:\Program Files\Microsoft Visual Studio\18\Enterprise\VC\Auxiliary\VS\include;C:\Program Files (x86)\Windows Kits\10\include\10.0.26100.0\ucrt;C:\Program Files (x86)\Windows Kits\10\\include\10.0.26100.0\\um;C:\Program Files (x86)\Windows Kits\10\\include\10.0.26100.0\\shared;C:\Program Files (x86)\Windows Kits\10\\include\10.0.26100.0\\winrt;C:\Program Files (x86)\Windows Kits\10\\include\10.0.26100.0\\cppwinrt;C:\Program Files (x86)\Windows Kits\NETFXSDK\4.8.1\include\um
windows	UNKNOWN STEP	2026-10-05T14:03:43.0337308Z   Framework40Version: v4.0
windows	UNKNOWN STEP	2026-10-05T14:03:43.0337655Z   FrameworkDir: C:\Windows\Microsoft.NET\Framework64\
windows	UNKNOWN STEP	2026-10-05T14:03:43.0338101Z   FrameworkDir64: C:\Windows\Microsoft.NET\Framework64\
windows	UNKNOWN STEP	2026-10-05T14:03:43.0338503Z   FrameworkVersion: v4.0.30319
windows	UNKNOWN STEP	2026-10-05T14:03:43.0338815Z   FrameworkVersion64: v4.0.30319
windows	UNKNOWN STEP	2026-10-05T14:03:43.0339662Z   FSHARPINSTALLDIR: C:\Program Files\Microsoft Visual Studio\18\Enterprise\Common7\IDE\CommonExtensions\Microsoft\FSharp\Tools
windows	UNKNOWN STEP	2026-10-05T14:03:43.0340405Z   HTMLHelpDir: C:\Program Files (x86)\HTML Help Workshop
windows	UNKNOWN STEP	2026-10-05T14:03:43.0342279Z   INCLUDE: C:\Program Files\Microsoft Visual Studio\18\Enterprise\VC\Tools\MSVC\14.51.36231\include;C:\Program Files\Microsoft Visual Studio\18\Enterprise\VC\Tools\MSVC\14.51.36231\ATLMFC\include;C:\Program Files\Microsoft Visual Studio\18\Enterprise\VC\Auxiliary\VS\include;C:\Program Files (x86)\Windows Kits\10\include\10.0.26100.0\ucrt;C:\Program Files (x86)\Windows Kits\10\\include\10.0.26100.0\\um;C:\Program Files (x86)\Windows Kits\10\\include\10.0.26100.0\\shared;C:\Program Files (x86)\Windows Kits\10\\include\10.0.26100.0\\winrt;C:\Program Files (x86)\Windows Kits\10\\include\10.0.26100.0\\cppwinrt;C:\Program Files (x86)\Windows Kits\NETFXSDK\4.8.1\include\um
windows	UNKNOWN STEP	2026-10-05T14:03:43.0344681Z   LIB: C:\Program Files\Microsoft Visual Studio\18\Enterprise\VC\Tools\MSVC\14.51.36231\ATLMFC\lib\x64;C:\Program Files\Microsoft Visual Studio\18\Enterprise\VC\Tools\MSVC\14.51.36231\lib\x64;C:\Program Files (x86)\Windows Kits\NETFXSDK\4.8.1\lib\um\x64;C:\Program Files (x86)\Windows Kits\10\lib\10.0.26100.0\ucrt\x64;C:\Program Files (x86)\Windows Kits\10\\lib\10.0.26100.0\\um\x64
windows	UNKNOWN STEP	2026-10-05T14:03:43.0346874Z   LIBPATH: C:\Program Files\Microsoft Visual Studio\18\Enterprise\VC\Tools\MSVC\14.51.36231\ATLMFC\lib\x64;C:\Program Files\Microsoft Visual Studio\18\Enterprise\VC\Tools\MSVC\14.51.36231\lib\x64;C:\Program Files\Microsoft Visual Studio\18\Enterprise\VC\Tools\MSVC\14.51.36231\lib\x86\store\references;C:\Program Files (x86)\Windows Kits\10\UnionMetadata\10.0.26100.0;C:\Program Files (x86)\Windows Kits\10\References\10.0.26100.0;C:\Windows\Microsoft.NET\Framework64\v4.0.30319
windows	UNKNOWN STEP	2026-10-05T14:03:43.0349395Z   llvmArm64: C:\Program Files\Microsoft Visual Studio\18\Enterprise\VC\Tools\Llvm\ARM64\bin
windows	UNKNOWN STEP	2026-10-05T14:03:43.0349847Z   llvmX64: C:\Program Files\Microsoft Visual Studio\18\Enterprise\VC\Tools\Llvm\x64\bin
windows	UNKNOWN STEP	2026-10-05T14:03:43.0350215Z   NETFXSDKDir: C:\Program Files (x86)\Windows Kits\NETFXSDK\4.8.1\
windows	UNKNOWN STEP	2026-10-05T14:03:43.0361256Z   Path: C:\Program Files\Microsoft Visual Studio\18\Enterprise\VC\Tools\MSVC\14.51.36231\bin\HostX64\x64;C:\Program Files\Microsoft Visual Studio\18\Enterprise\Common7\IDE\VC\VCPackages;C:\Program Files\Microsoft Visual Studio\18\Enterprise\Common7\IDE\CommonExtensions\Microsoft\TestWindow;C:\Program Files\Microsoft Visual Studio\18\Enterprise\Common7\IDE\CommonExtensions\Microsoft\TeamFoundation\Team Explorer;C:\Program Files\Microsoft Visual Studio\18\Enterprise\MSBuild\Current\bin\Roslyn;C:\Program Files (x86)\Microsoft SDKs\Windows\v10.0A\bin\NETFX 4.8.1 Tools\x64\;C:\Program Files (x86)\HTML Help Workshop;C:\Program Files\Microsoft Visual Studio\18\Enterprise\Common7\IDE\CommonExtensions\Microsoft\FSharp\Tools;C:\Program Files\Microsoft Visual Studio\18\Enterprise\Team Tools\DiagnosticsHub\Collector;C:\Program Files\Microsoft Visual Studio\18\Enterprise\Common7\IDE\Extensions\Microsoft\CodeCoverage.Console;C:\Program Files (x86)\Windows Kits\10\bin\10.0.26100.0\\x64;C:\Program Files (x86)\Windows Kits\10\bin\\x64;C:\Program Files\Microsoft Visual Studio\18\Enterprise\\MSBuild\Current\Bin\amd64;C:\Windows\Microsoft.NET\Framework64\v4.0.30319;C:\Program Files\Microsoft Visual Studio\18\Enterprise\Common7\IDE\;C:\Program Files\Microsoft Visual Studio\18\Enterprise\Common7\Tools\;C:\Program Files\MongoDB\Server\7.0\bin;C:\vcpkg;C:\tools\zstd;C:\hostedtoolcache\windows\stack\3.11.1\x64;C:\cabal\bin;C:\\ghcup\bin;C:\mingw64\bin;C:\Program Files\dotnet;C:\Program Files\MySQL\MySQL Server 8.0\bin;C:\Program Files\R\R-4.6.1\bin\x64;C:\SeleniumWebDrivers\GeckoDriver;C:\SeleniumWebDrivers\EdgeDriver\;C:\SeleniumWebDrivers\ChromeDriver;C:\Program Files (x86)\sbt\bin;C:\Program Files (x86)\GitHub CLI;C:\Program Files\Git\bin;C:\Program Files (x86)\pipx_bin;C:\npm\prefix;C:\hostedtoolcache\windows\go\1.24.13\x64\bin;C:\hostedtoolcache\windows\Python\3.12.10\x64\Scripts;C:\hostedtoolcache\windows\Python\3.12.10\x64;C:\hostedtoolcache\windows\Ruby\3.3.12\x64\bin;C:\Program Files\OpenSSL\bin;C:\tools\kotlinc\bin;C:\hostedtoolcache\windows\Java_Temurin-Hotspot_jdk\17.0.20-101\x64\bin;C:\Program Files\ImageMagick-7.1.2-Q16-HDRI;C:\Program Files\Microsoft SDKs\Azure\CLI2\wbin;C:\ProgramData\kind;C:\ProgramData\Chocolatey\bin;C:\Windows\system32;C:\Windows;C:\Windows\System32\Wbem;C:\Windows\System32\WindowsPowerShell\v1.0\;C:\Windows\System32\OpenSSH\;C:\Program Files\PowerShell\7\;C:\Program Files\Microsoft\Web Platform Installer\;C:\Program Files\Microsoft SQL Server\170\Tools\Binn\;C:\Program Files\Microsoft SQL Server\Client SDK\ODBC\170\Tools\Binn\;C:\Program Files\dotnet\;C:\Program Files (x86)\Windows Kits\10\Windows Performance Toolkit\;C:\Program Files (x86)\WiX Toolset v3.14\bin;C:\Program Files\Microsoft SQL Server\130\DTS\Binn\;C:\Program Files\Microsoft SQL Server\140\DTS\Binn\;C:\Program Files\Microsoft SQL Server\150\DTS\Binn\;C:\Program Files\Microsoft SQL Server\160\DTS\Binn\;C:\Program Files\Microsoft SQL Server\170\DTS\Binn\;C:\ProgramData\chocolatey\lib\pulumi\tools\Pulumi\bin;C:\Program Files\CMake\bin;C:\Strawberry\c\bin;C:\Strawberry\perl\site\bin;C:\Strawberry\perl\bin;C:\ProgramData\chocolatey\lib\maven\apache-maven-3.9.16\bin;C:\Program Files\Microsoft Service Fabric\bin\Fabric\Fabric.Code;C:\Program Files\Microsoft SDKs\Service Fabric\Tools\ServiceFabricLocalClusterManager;C:\Program Files\nodejs\;C:\Program Files\Git\cmd;C:\Program Files\Git\mingw64\bin;C:\Program Files\Git\usr\bin;C:\Program Files\GitHub CLI\;c:\tools\php;C:\Program Files\Amazon\AWSCLIV2\;C:\Program Files\Amazon\SessionManagerPlugin\bin\;C:\Program Files\Amazon\AWSSAMCLI\bin\;C:\Program Files\Microsoft SQL Server\130\Tools\Binn\;C:\Program Files\mongosh\;C:\Program Files\LLVM\bin;C:\Program Files (x86)\LLVM\bin;C:\Users\runneradmin\.dotnet\tools;C:\Users\runneradmin\.cargo\bin;C:\Users\runneradmin\AppData\Local\Microsoft\WindowsApps;C:\Program Files (x86)\Microsoft Visual Studio\Installer;C:\Program Files\Microsoft Visual Studio\18\Enterprise\VC\Tools\Llvm\x64\bin;C:\Program Files\Microsoft Visual Studio\18\Enterprise\Common7\IDE\CommonExtensions\Microsoft\CMake\CMake\bin;C:\Program Files\Microsoft Visual Studio\18\Enterprise\Common7\IDE\CommonExtensions\Microsoft\CMake\Ninja;C:\Program Files\Microsoft Visual Studio\18\Enterprise\Common7\IDE\VC\Linux\bin\ConnectionManagerExe;C:\Program Files\Microsoft Visual Studio\18\Enterprise\VC\vcpkg
windows	UNKNOWN STEP	2026-10-05T14:03:43.0372473Z   Platform: x64
windows	UNKNOWN STEP	2026-10-05T14:03:43.0372636Z   UCRTVersion: 10.0.26100.0
windows	UNKNOWN STEP	2026-10-05T14:03:43.0372870Z   UniversalCRTSdkDir: C:\Program Files (x86)\Windows Kits\10\
windows	UNKNOWN STEP	2026-10-05T14:03:43.0373121Z   use_x64_llvm: true
windows	UNKNOWN STEP	2026-10-05T14:03:43.0373403Z   VCIDEInstallDir: C:\Program Files\Microsoft Visual Studio\18\Enterprise\Common7\IDE\VC\
windows	UNKNOWN STEP	2026-10-05T14:03:43.0373801Z   VCINSTALLDIR: C:\Program Files\Microsoft Visual Studio\18\Enterprise\VC\
windows	UNKNOWN STEP	2026-10-05T14:03:43.0374152Z   VCPKG_ROOT: C:\Program Files\Microsoft Visual Studio\18\Enterprise\VC\vcpkg
windows	UNKNOWN STEP	2026-10-05T14:03:43.0374587Z   VCToolsInstallDir: C:\Program Files\Microsoft Visual Studio\18\Enterprise\VC\Tools\MSVC\14.51.36231\
windows	UNKNOWN STEP	2026-10-05T14:03:43.0375068Z   VCToolsRedistDir: C:\Program Files\Microsoft Visual Studio\18\Enterprise\VC\Redist\MSVC\14.51.36231\
windows	UNKNOWN STEP	2026-10-05T14:03:43.0375401Z   VCToolsVersion: 14.51.36231
windows	UNKNOWN STEP	2026-10-05T14:03:43.0375582Z   VisualStudioVersion: 18.0
windows	UNKNOWN STEP	2026-10-05T14:03:43.0375860Z   VS180COMNTOOLS: C:\Program Files\Microsoft Visual Studio\18\Enterprise\Common7\Tools\
windows	UNKNOWN STEP	2026-10-05T14:03:43.0376166Z   VSCMD_ARG_app_plat: Desktop
windows	UNKNOWN STEP	2026-10-05T14:03:43.0376337Z   VSCMD_ARG_HOST_ARCH: x64
windows	UNKNOWN STEP	2026-10-05T14:03:43.0376499Z   VSCMD_ARG_TGT_ARCH: x64
windows	UNKNOWN STEP	2026-10-05T14:03:43.0376673Z   VSCMD_VER: 18.10.2
windows	UNKNOWN STEP	2026-10-05T14:03:43.0376902Z   VSINSTALLDIR: C:\Program Files\Microsoft Visual Studio\18\Enterprise\
windows	UNKNOWN STEP	2026-10-05T14:03:43.0377255Z   VSSDK150INSTALL: C:\Program Files\Microsoft Visual Studio\18\Enterprise\VSSDK
windows	UNKNOWN STEP	2026-10-05T14:03:43.0377718Z   VSSDKINSTALL: C:\Program Files\Microsoft Visual Studio\18\Enterprise\VSSDK
windows	UNKNOWN STEP	2026-10-05T14:03:43.0378237Z   WindowsLibPath: C:\Program Files (x86)\Windows Kits\10\UnionMetadata\10.0.26100.0;C:\Program Files (x86)\Windows Kits\10\References\10.0.26100.0
windows	UNKNOWN STEP	2026-10-05T14:03:43.0378728Z   WindowsSdkBinPath: C:\Program Files (x86)\Windows Kits\10\bin\
windows	UNKNOWN STEP	2026-10-05T14:03:43.0379020Z   WindowsSdkDir: C:\Program Files (x86)\Windows Kits\10\
windows	UNKNOWN STEP	2026-10-05T14:03:43.0379257Z   WindowsSDKLibVersion: 10.0.26100.0\
windows	UNKNOWN STEP	2026-10-05T14:03:43.0379538Z   WindowsSdkVerBinPath: C:\Program Files (x86)\Windows Kits\10\bin\10.0.26100.0\
windows	UNKNOWN STEP	2026-10-05T14:03:43.0379827Z   WindowsSDKVersion: 10.0.26100.0\
windows	UNKNOWN STEP	2026-10-05T14:03:43.0380177Z   WindowsSDK_ExecutablePath_x64: C:\Program Files (x86)\Microsoft SDKs\Windows\v10.0A\bin\NETFX 4.8.1 Tools\x64\
windows	UNKNOWN STEP	2026-10-05T14:03:43.0380685Z   WindowsSDK_ExecutablePath_x86: C:\Program Files (x86)\Microsoft SDKs\Windows\v10.0A\bin\NETFX 4.8.1 Tools\
windows	UNKNOWN STEP	2026-10-05T14:03:43.0381029Z   __DOTNET_ADD_64BIT: 1
windows	UNKNOWN STEP	2026-10-05T14:03:43.0381199Z   __DOTNET_PREFERRED_BITNESS: 64
windows	UNKNOWN STEP	2026-10-05T14:03:43.0388005Z   __VSCMD_PREINIT_PATH: C:\Program Files\MongoDB\Server\7.0\bin;C:\vcpkg;C:\tools\zstd;C:\hostedtoolcache\windows\stack\3.11.1\x64;C:\cabal\bin;C:\\ghcup\bin;C:\mingw64\bin;C:\Program Files\dotnet;C:\Program Files\MySQL\MySQL Server 8.0\bin;C:\Program Files\R\R-4.6.1\bin\x64;C:\SeleniumWebDrivers\GeckoDriver;C:\SeleniumWebDrivers\EdgeDriver\;C:\SeleniumWebDrivers\ChromeDriver;C:\Program Files (x86)\sbt\bin;C:\Program Files (x86)\GitHub CLI;C:\Program Files\Git\bin;C:\Program Files (x86)\pipx_bin;C:\npm\prefix;C:\hostedtoolcache\windows\go\1.24.13\x64\bin;C:\hostedtoolcache\windows\Python\3.12.10\x64\Scripts;C:\hostedtoolcache\windows\Python\3.12.10\x64;C:\hostedtoolcache\windows\Ruby\3.3.12\x64\bin;C:\Program Files\OpenSSL\bin;C:\tools\kotlinc\bin;C:\hostedtoolcache\windows\Java_Temurin-Hotspot_jdk\17.0.20-101\x64\bin;C:\Program Files\ImageMagick-7.1.2-Q16-HDRI;C:\Program Files\Microsoft SDKs\Azure\CLI2\wbin;C:\ProgramData\kind;C:\ProgramData\Chocolatey\bin;C:\Windows\system32;C:\Windows;C:\Windows\System32\Wbem;C:\Windows\System32\WindowsPowerShell\v1.0\;C:\Windows\System32\OpenSSH\;C:\Program Files\PowerShell\7\;C:\Program Files\Microsoft\Web Platform Installer\;C:\Program Files\Microsoft SQL Server\170\Tools\Binn\;C:\Program Files\Microsoft SQL Server\Client SDK\ODBC\170\Tools\Binn\;C:\Program Files\dotnet\;C:\Program Files (x86)\Windows Kits\10\Windows Performance Toolkit\;C:\Program Files (x86)\WiX Toolset v3.14\bin;C:\Program Files\Microsoft SQL Server\130\DTS\Binn\;C:\Program Files\Microsoft SQL Server\140\DTS\Binn\;C:\Program Files\Microsoft SQL Server\150\DTS\Binn\;C:\Program Files\Microsoft SQL Server\160\DTS\Binn\;C:\Program Files\Microsoft SQL Server\170\DTS\Binn\;C:\ProgramData\chocolatey\lib\pulumi\tools\Pulumi\bin;C:\Program Files\CMake\bin;C:\Strawberry\c\bin;C:\Strawberry\perl\site\bin;C:\Strawberry\perl\bin;C:\ProgramData\chocolatey\lib\maven\apache-maven-3.9.16\bin;C:\Program Files\Microsoft Service Fabric\bin\Fabric\Fabric.Code;C:\Program Files\Microsoft SDKs\Service Fabric\Tools\ServiceFabricLocalClusterManager;C:\Program Files\nodejs\;C:\Program Files\Git\cmd;C:\Program Files\Git\mingw64\bin;C:\Program Files\Git\usr\bin;C:\Program Files\GitHub CLI\;c:\tools\php;C:\Program Files (x86)\sbt\bin;C:\Program Files\Amazon\AWSCLIV2\;C:\Program Files\Amazon\SessionManagerPlugin\bin\;C:\Program Files\Amazon\AWSSAMCLI\bin\;C:\Program Files\Microsoft SQL Server\130\Tools\Binn\;C:\Program Files\mongosh\;C:\Program Files\LLVM\bin;C:\Program Files (x86)\LLVM\bin;C:\Users\runneradmin\.dotnet\tools;C:\Users\runneradmin\.cargo\bin;C:\Users\runneradmin\AppData\Local\Microsoft\WindowsApps;C:\Program Files (x86)\Microsoft Visual Studio\Installer
windows	UNKNOWN STEP	2026-10-05T14:03:43.0394648Z   CACHE_ON_FAILURE: false
windows	UNKNOWN STEP	2026-10-05T14:03:43.0394841Z   LIBCLANG_PATH: C:\Program Files\LLVM\bin
windows	UNKNOWN STEP	2026-10-05T14:03:43.0395040Z ##[endgroup]
windows	UNKNOWN STEP	2026-10-05T14:03:43.3775920Z ##[group]Run $evidence = Join-Path $env:RUNNER_TEMP 'playsparse-windows-ci'
windows	UNKNOWN STEP	2026-10-05T14:03:43.3776591Z ^[[36;1m$evidence = Join-Path $env:RUNNER_TEMP 'playsparse-windows-ci'^[[0m
windows	UNKNOWN STEP	2026-10-05T14:03:43.3776976Z ^[[36;1m./tools/windows-hardware-validation.ps1 -EvidenceRoot $evidence^[[0m
windows	UNKNOWN STEP	2026-10-05T14:03:43.3777750Z ^[[36;1mif ($LASTEXITCODE -ne 0) { throw 'Canonical Windows validation failed' }^[[0m
windows	UNKNOWN STEP	2026-10-05T14:03:43.3778185Z ^[[36;1m$result = Get-Content (Join-Path $evidence 'result.json') -Raw | ConvertFrom-Json^[[0m
windows	UNKNOWN STEP	2026-10-05T14:03:43.3778877Z ^[[36;1mif ($result.status -ne 'PASS' -or $result.windows_physical_validation.status -ne 'BLOCKED') { throw 'Hosted validation must pass software stages while retaining physical BLOCKED' }^[[0m
windows	UNKNOWN STEP	2026-10-05T14:03:43.3779437Z ^[[36;1m^[[0m
windows	UNKNOWN STEP	2026-10-05T14:03:43.3779675Z ^[[36;1m# GitHub's Windows Server runner keeps WOF attached to the system^[[0m
windows	UNKNOWN STEP	2026-10-05T14:03:43.3780049Z ^[[36;1m# volume, while RUNNER_TEMP is a separate D: data volume where^[[0m
windows	UNKNOWN STEP	2026-10-05T14:03:43.3780393Z ^[[36;1m# compact /EXE can fail even on NTFS. Keep the large mounted-runtime^[[0m
windows	UNKNOWN STEP	2026-10-05T14:03:43.3780745Z ^[[36;1m# evidence on D:, but run the small disposable WOF comparison on C:.^[[0m
windows	UNKNOWN STEP	2026-10-05T14:03:43.3781034Z ^[[36;1m$systemRoot = "$env:SystemDrive\"^[[0m
windows	UNKNOWN STEP	2026-10-05T14:03:43.3781298Z ^[[36;1m$suffix = "$env:GITHUB_RUN_ID-$env:GITHUB_RUN_ATTEMPT"^[[0m
windows	UNKNOWN STEP	2026-10-05T14:03:43.3781627Z ^[[36;1m$source = Join-Path $systemRoot "playsparse-wof-source-$suffix"^[[0m
windows	UNKNOWN STEP	2026-10-05T14:03:43.3781967Z ^[[36;1m$wofWork = Join-Path $systemRoot "playsparse-wof-ci-$suffix"^[[0m
windows	UNKNOWN STEP	2026-10-05T14:03:43.3782366Z ^[[36;1mif ((Test-Path $source) -or (Test-Path $wofWork)) { throw 'Fresh WOF paths already exist' }^[[0m
windows	UNKNOWN STEP	2026-10-05T14:03:43.3782803Z ^[[36;1mNew-Item -ItemType Directory -Path $source -ErrorAction Stop | Out-Null^[[0m
windows	UNKNOWN STEP	2026-10-05T14:03:43.3783530Z ^[[36;1mpython -c "from pathlib import Path; import sys; p=Path(sys.argv[1]); (p/'compressible.bin').write_bytes(b'PlaySparse WOF CI bytes\n' * 300000); (p/'small.txt').write_text('owned generated CI fixture\n')" $source^[[0m
windows	UNKNOWN STEP	2026-10-05T14:03:43.3784209Z ^[[36;1mif ($LASTEXITCODE -ne 0) { throw 'WOF fixture creation failed' }^[[0m
windows	UNKNOWN STEP	2026-10-05T14:03:43.3784481Z ^[[36;1m^[[0m
windows	UNKNOWN STEP	2026-10-05T14:03:43.3784708Z ^[[36;1m$playsparse = (Resolve-Path 'target/release/playsparse.exe').Path^[[0m
windows	UNKNOWN STEP	2026-10-05T14:03:43.3785566Z ^[[36;1mpython tools/windows-comparison.py --work $wofWork --source $source --playsparse $playsparse --binary-manifest (Join-Path $evidence 'binary-build-manifest.json') --environment (Join-Path $evidence 'environment.json') --algorithm XPRESS4K --timeout 1800^[[0m
windows	UNKNOWN STEP	2026-10-05T14:03:43.3786427Z ^[[36;1mif ($LASTEXITCODE -ne 0) { throw 'Disposable WOF comparison failed' }^[[0m
windows	UNKNOWN STEP	2026-10-05T14:03:43.3786832Z ^[[36;1m$wofResult = Get-Content (Join-Path $wofWork 'result.json') -Raw | ConvertFrom-Json^[[0m
windows	UNKNOWN STEP	2026-10-05T14:03:43.3787495Z ^[[36;1mif ($wofResult.status -ne 'PASS' -or $wofResult.physical_wof_validation.status -ne 'BLOCKED') { throw 'Hosted WOF comparison must pass while retaining physical BLOCKED' }^[[0m
windows	UNKNOWN STEP	2026-10-05T14:03:43.3788009Z ^[[36;1m^[[0m
windows	UNKNOWN STEP	2026-10-05T14:03:43.3788240Z ^[[36;1m# upload-artifact cannot combine C: and D: inputs in one artifact.^[[0m
windows	UNKNOWN STEP	2026-10-05T14:03:43.3788600Z ^[[36;1m# Copy only the bounded comparison evidence back under RUNNER_TEMP.^[[0m
windows	UNKNOWN STEP	2026-10-05T14:03:43.3788936Z ^[[36;1m$wofArchive = Join-Path $evidence 'wof-system-volume'^[[0m
windows	UNKNOWN STEP	2026-10-05T14:03:43.3789296Z ^[[36;1mNew-Item -ItemType Directory -Path $wofArchive -ErrorAction Stop | Out-Null^[[0m
windows	UNKNOWN STEP	2026-10-05T14:03:43.3789815Z ^[[36;1mGet-ChildItem -Path $wofWork -File | Where-Object { $_.Extension -in '.json', '.log' } | Copy-Item -Destination $wofArchive^[[0m
windows	UNKNOWN STEP	2026-10-05T14:03:43.3845115Z shell: C:\Program Files\PowerShell\7\pwsh.EXE -command ". '{0}'"
windows	UNKNOWN STEP	2026-10-05T14:03:43.3845396Z env:
windows	UNKNOWN STEP	2026-10-05T14:03:43.3845557Z   CARGO_HOME: C:\Users\runneradmin\.cargo
windows	UNKNOWN STEP	2026-10-05T14:03:43.3845776Z   CARGO_INCREMENTAL: 0
windows	UNKNOWN STEP	2026-10-05T14:03:43.3845946Z   CARGO_TERM_COLOR: always
windows	UNKNOWN STEP	2026-10-05T14:03:43.3847509Z   CommandPromptType: Native
windows	UNKNOWN STEP	2026-10-05T14:03:43.3847828Z   DevEnvDir: C:\Program Files\Microsoft Visual Studio\18\Enterprise\Common7\IDE\
windows	UNKNOWN STEP	2026-10-05T14:03:43.3848379Z   ExtensionSdkDir: C:\Program Files (x86)\Microsoft SDKs\Windows Kits\10\ExtensionSDKs
windows	UNKNOWN STEP	2026-10-05T14:03:43.3850138Z   EXTERNAL_INCLUDE: C:\Program Files\Microsoft Visual Studio\18\Enterprise\VC\Tools\MSVC\14.51.36231\include;C:\Program Files\Microsoft Visual Studio\18\Enterprise\VC\Tools\MSVC\14.51.36231\ATLMFC\include;C:\Program Files\Microsoft Visual Studio\18\Enterprise\VC\Auxiliary\VS\include;C:\Program Files (x86)\Windows Kits\10\include\10.0.26100.0\ucrt;C:\Program Files (x86)\Windows Kits\10\\include\10.0.26100.0\\um;C:\Program Files (x86)\Windows Kits\10\\include\10.0.26100.0\\shared;C:\Program Files (x86)\Windows Kits\10\\include\10.0.26100.0\\winrt;C:\Program Files (x86)\Windows Kits\10\\include\10.0.26100.0\\cppwinrt;C:\Program Files (x86)\Windows Kits\NETFXSDK\4.8.1\include\um
windows	UNKNOWN STEP	2026-10-05T14:03:43.3851789Z   Framework40Version: v4.0
windows	UNKNOWN STEP	2026-10-05T14:03:43.3852009Z   FrameworkDir: C:\Windows\Microsoft.NET\Framework64\
windows	UNKNOWN STEP	2026-10-05T14:03:43.3852287Z   FrameworkDir64: C:\Windows\Microsoft.NET\Framework64\
windows	UNKNOWN STEP	2026-10-05T14:03:43.3852532Z   FrameworkVersion: v4.0.30319
windows	UNKNOWN STEP	2026-10-05T14:03:43.3852720Z   FrameworkVersion64: v4.0.30319
windows	UNKNOWN STEP	2026-10-05T14:03:43.3853121Z   FSHARPINSTALLDIR: C:\Program Files\Microsoft Visual Studio\18\Enterprise\Common7\IDE\CommonExtensions\Microsoft\FSharp\Tools
windows	UNKNOWN STEP	2026-10-05T14:03:43.3853575Z   HTMLHelpDir: C:\Program Files (x86)\HTML Help Workshop
windows	UNKNOWN STEP	2026-10-05T14:03:43.3855193Z   INCLUDE: C:\Program Files\Microsoft Visual Studio\18\Enterprise\VC\Tools\MSVC\14.51.36231\include;C:\Program Files\Microsoft Visual Studio\18\Enterprise\VC\Tools\MSVC\14.51.36231\ATLMFC\include;C:\Program Files\Microsoft Visual Studio\18\Enterprise\VC\Auxiliary\VS\include;C:\Program Files (x86)\Windows Kits\10\include\10.0.26100.0\ucrt;C:\Program Files (x86)\Windows Kits\10\\include\10.0.26100.0\\um;C:\Program Files (x86)\Windows Kits\10\\include\10.0.26100.0\\shared;C:\Program Files (x86)\Windows Kits\10\\include\10.0.26100.0\\winrt;C:\Program Files (x86)\Windows Kits\10\\include\10.0.26100.0\\cppwinrt;C:\Program Files (x86)\Windows Kits\NETFXSDK\4.8.1\include\um
windows	UNKNOWN STEP	2026-10-05T14:03:43.3857518Z   LIB: C:\Program Files\Microsoft Visual Studio\18\Enterprise\VC\Tools\MSVC\14.51.36231\ATLMFC\lib\x64;C:\Program Files\Microsoft Visual Studio\18\Enterprise\VC\Tools\MSVC\14.51.36231\lib\x64;C:\Program Files (x86)\Windows Kits\NETFXSDK\4.8.1\lib\um\x64;C:\Program Files (x86)\Windows Kits\10\lib\10.0.26100.0\ucrt\x64;C:\Program Files (x86)\Windows Kits\10\\lib\10.0.26100.0\\um\x64
windows	UNKNOWN STEP	2026-10-05T14:03:43.3859805Z   LIBPATH: C:\Program Files\Microsoft Visual Studio\18\Enterprise\VC\Tools\MSVC\14.51.36231\ATLMFC\lib\x64;C:\Program Files\Microsoft Visual Studio\18\Enterprise\VC\Tools\MSVC\14.51.36231\lib\x64;C:\Program Files\Microsoft Visual Studio\18\Enterprise\VC\Tools\MSVC\14.51.36231\lib\x86\store\references;C:\Program Files (x86)\Windows Kits\10\UnionMetadata\10.0.26100.0;C:\Program Files (x86)\Windows Kits\10\References\10.0.26100.0;C:\Windows\Microsoft.NET\Framework64\v4.0.30319
windows	UNKNOWN STEP	2026-10-05T14:03:43.3861107Z   llvmArm64: C:\Program Files\Microsoft Visual Studio\18\Enterprise\VC\Tools\Llvm\ARM64\bin
windows	UNKNOWN STEP	2026-10-05T14:03:43.3861528Z   llvmX64: C:\Program Files\Microsoft Visual Studio\18\Enterprise\VC\Tools\Llvm\x64\bin
windows	UNKNOWN STEP	2026-10-05T14:03:43.3861898Z   NETFXSDKDir: C:\Program Files (x86)\Windows Kits\NETFXSDK\4.8.1\
windows	UNKNOWN STEP	2026-10-05T14:03:43.3872981Z   Path: C:\Program Files\Microsoft Visual Studio\18\Enterprise\VC\Tools\MSVC\14.51.36231\bin\HostX64\x64;C:\Program Files\Microsoft Visual Studio\18\Enterprise\Common7\IDE\VC\VCPackages;C:\Program Files\Microsoft Visual Studio\18\Enterprise\Common7\IDE\CommonExtensions\Microsoft\TestWindow;C:\Program Files\Microsoft Visual Studio\18\Enterprise\Common7\IDE\CommonExtensions\Microsoft\TeamFoundation\Team Explorer;C:\Program Files\Microsoft Visual Studio\18\Enterprise\MSBuild\Current\bin\Roslyn;C:\Program Files (x86)\Microsoft SDKs\Windows\v10.0A\bin\NETFX 4.8.1 Tools\x64\;C:\Program Files (x86)\HTML Help Workshop;C:\Program Files\Microsoft Visual Studio\18\Enterprise\Common7\IDE\CommonExtensions\Microsoft\FSharp\Tools;C:\Program Files\Microsoft Visual Studio\18\Enterprise\Team Tools\DiagnosticsHub\Collector;C:\Program Files\Microsoft Visual Studio\18\Enterprise\Common7\IDE\Extensions\Microsoft\CodeCoverage.Console;C:\Program Files (x86)\Windows Kits\10\bin\10.0.26100.0\\x64;C:\Program Files (x86)\Windows Kits\10\bin\\x64;C:\Program Files\Microsoft Visual Studio\18\Enterprise\\MSBuild\Current\Bin\amd64;C:\Windows\Microsoft.NET\Framework64\v4.0.30319;C:\Program Files\Microsoft Visual Studio\18\Enterprise\Common7\IDE\;C:\Program Files\Microsoft Visual Studio\18\Enterprise\Common7\Tools\;C:\Program Files\MongoDB\Server\7.0\bin;C:\vcpkg;C:\tools\zstd;C:\hostedtoolcache\windows\stack\3.11.1\x64;C:\cabal\bin;C:\\ghcup\bin;C:\mingw64\bin;C:\Program Files\dotnet;C:\Program Files\MySQL\MySQL Server 8.0\bin;C:\Program Files\R\R-4.6.1\bin\x64;C:\SeleniumWebDrivers\GeckoDriver;C:\SeleniumWebDrivers\EdgeDriver\;C:\SeleniumWebDrivers\ChromeDriver;C:\Program Files (x86)\sbt\bin;C:\Program Files (x86)\GitHub CLI;C:\Program Files\Git\bin;C:\Program Files (x86)\pipx_bin;C:\npm\prefix;C:\hostedtoolcache\windows\go\1.24.13\x64\bin;C:\hostedtoolcache\windows\Python\3.12.10\x64\Scripts;C:\hostedtoolcache\windows\Python\3.12.10\x64;C:\hostedtoolcache\windows\Ruby\3.3.12\x64\bin;C:\Program Files\OpenSSL\bin;C:\tools\kotlinc\bin;C:\hostedtoolcache\windows\Java_Temurin-Hotspot_jdk\17.0.20-101\x64\bin;C:\Program Files\ImageMagick-7.1.2-Q16-HDRI;C:\Program Files\Microsoft SDKs\Azure\CLI2\wbin;C:\ProgramData\kind;C:\ProgramData\Chocolatey\bin;C:\Windows\system32;C:\Windows;C:\Windows\System32\Wbem;C:\Windows\System32\WindowsPowerShell\v1.0\;C:\Windows\System32\OpenSSH\;C:\Program Files\PowerShell\7\;C:\Program Files\Microsoft\Web Platform Installer\;C:\Program Files\Microsoft SQL Server\170\Tools\Binn\;C:\Program Files\Microsoft SQL Server\Client SDK\ODBC\170\Tools\Binn\;C:\Program Files\dotnet\;C:\Program Files (x86)\Windows Kits\10\Windows Performance Toolkit\;C:\Program Files (x86)\WiX Toolset v3.14\bin;C:\Program Files\Microsoft SQL Server\130\DTS\Binn\;C:\Program Files\Microsoft SQL Server\140\DTS\Binn\;C:\Program Files\Microsoft SQL Server\150\DTS\Binn\;C:\Program Files\Microsoft SQL Server\160\DTS\Binn\;C:\Program Files\Microsoft SQL Server\170\DTS\Binn\;C:\ProgramData\chocolatey\lib\pulumi\tools\Pulumi\bin;C:\Program Files\CMake\bin;C:\Strawberry\c\bin;C:\Strawberry\perl\site\bin;C:\Strawberry\perl\bin;C:\ProgramData\chocolatey\lib\maven\apache-maven-3.9.16\bin;C:\Program Files\Microsoft Service Fabric\bin\Fabric\Fabric.Code;C:\Program Files\Microsoft SDKs\Service Fabric\Tools\ServiceFabricLocalClusterManager;C:\Program Files\nodejs\;C:\Program Files\Git\cmd;C:\Program Files\Git\mingw64\bin;C:\Program Files\Git\usr\bin;C:\Program Files\GitHub CLI\;c:\tools\php;C:\Program Files\Amazon\AWSCLIV2\;C:\Program Files\Amazon\SessionManagerPlugin\bin\;C:\Program Files\Amazon\AWSSAMCLI\bin\;C:\Program Files\Microsoft SQL Server\130\Tools\Binn\;C:\Program Files\mongosh\;C:\Program Files\LLVM\bin;C:\Program Files (x86)\LLVM\bin;C:\Users\runneradmin\.dotnet\tools;C:\Users\runneradmin\.cargo\bin;C:\Users\runneradmin\AppData\Local\Microsoft\WindowsApps;C:\Program Files (x86)\Microsoft Visual Studio\Installer;C:\Program Files\Microsoft Visual Studio\18\Enterprise\VC\Tools\Llvm\x64\bin;C:\Program Files\Microsoft Visual Studio\18\Enterprise\Common7\IDE\CommonExtensions\Microsoft\CMake\CMake\bin;C:\Program Files\Microsoft Visual Studio\18\Enterprise\Common7\IDE\CommonExtensions\Microsoft\CMake\Ninja;C:\Program Files\Microsoft Visual Studio\18\Enterprise\Common7\IDE\VC\Linux\bin\ConnectionManagerExe;C:\Program Files\Microsoft Visual Studio\18\Enterprise\VC\vcpkg
windows	UNKNOWN STEP	2026-10-05T14:03:43.3884462Z   Platform: x64
windows	UNKNOWN STEP	2026-10-05T14:03:43.3884632Z   UCRTVersion: 10.0.26100.0
windows	UNKNOWN STEP	2026-10-05T14:03:43.3884866Z   UniversalCRTSdkDir: C:\Program Files (x86)\Windows Kits\10\
windows	UNKNOWN STEP	2026-10-05T14:03:43.3885205Z   use_x64_llvm: true
windows	UNKNOWN STEP	2026-10-05T14:03:43.3885487Z   VCIDEInstallDir: C:\Program Files\Microsoft Visual Studio\18\Enterprise\Common7\IDE\VC\
windows	UNKNOWN STEP	2026-10-05T14:03:43.3885957Z   VCINSTALLDIR: C:\Program Files\Microsoft Visual Studio\18\Enterprise\VC\
windows	UNKNOWN STEP	2026-10-05T14:03:43.3886319Z   VCPKG_ROOT: C:\Program Files\Microsoft Visual Studio\18\Enterprise\VC\vcpkg
windows	UNKNOWN STEP	2026-10-05T14:03:43.3886759Z   VCToolsInstallDir: C:\Program Files\Microsoft Visual Studio\18\Enterprise\VC\Tools\MSVC\14.51.36231\
windows	UNKNOWN STEP	2026-10-05T14:03:43.3887255Z   VCToolsRedistDir: C:\Program Files\Microsoft Visual Studio\18\Enterprise\VC\Redist\MSVC\14.51.36231\
windows	UNKNOWN STEP	2026-10-05T14:03:43.3887600Z   VCToolsVersion: 14.51.36231
windows	UNKNOWN STEP	2026-10-05T14:03:43.3887797Z   VisualStudioVersion: 18.0
windows	UNKNOWN STEP	2026-10-05T14:03:43.3888085Z   VS180COMNTOOLS: C:\Program Files\Microsoft Visual Studio\18\Enterprise\Common7\Tools\
windows	UNKNOWN STEP	2026-10-05T14:03:43.3888401Z   VSCMD_ARG_app_plat: Desktop
windows	UNKNOWN STEP	2026-10-05T14:03:43.3888585Z   VSCMD_ARG_HOST_ARCH: x64
windows	UNKNOWN STEP	2026-10-05T14:03:43.3888768Z   VSCMD_ARG_TGT_ARCH: x64
windows	UNKNOWN STEP	2026-10-05T14:03:43.3888934Z   VSCMD_VER: 18.10.2
windows	UNKNOWN STEP	2026-10-05T14:03:43.3889170Z   VSINSTALLDIR: C:\Program Files\Microsoft Visual Studio\18\Enterprise\
windows	UNKNOWN STEP	2026-10-05T14:03:43.3889533Z   VSSDK150INSTALL: C:\Program Files\Microsoft Visual Studio\18\Enterprise\VSSDK
windows	UNKNOWN STEP	2026-10-05T14:03:43.3889911Z   VSSDKINSTALL: C:\Program Files\Microsoft Visual Studio\18\Enterprise\VSSDK
windows	UNKNOWN STEP	2026-10-05T14:03:43.3890428Z   WindowsLibPath: C:\Program Files (x86)\Windows Kits\10\UnionMetadata\10.0.26100.0;C:\Program Files (x86)\Windows Kits\10\References\10.0.26100.0
windows	UNKNOWN STEP	2026-10-05T14:03:43.3890920Z   WindowsSdkBinPath: C:\Program Files (x86)\Windows Kits\10\bin\
windows	UNKNOWN STEP	2026-10-05T14:03:43.3891227Z   WindowsSdkDir: C:\Program Files (x86)\Windows Kits\10\
windows	UNKNOWN STEP	2026-10-05T14:03:43.3891473Z   WindowsSDKLibVersion: 10.0.26100.0\
windows	UNKNOWN STEP	2026-10-05T14:03:43.3891761Z   WindowsSdkVerBinPath: C:\Program Files (x86)\Windows Kits\10\bin\10.0.26100.0\
windows	UNKNOWN STEP	2026-10-05T14:03:43.3892055Z   WindowsSDKVersion: 10.0.26100.0\
windows	UNKNOWN STEP	2026-10-05T14:03:43.3892415Z   WindowsSDK_ExecutablePath_x64: C:\Program Files (x86)\Microsoft SDKs\Windows\v10.0A\bin\NETFX 4.8.1 Tools\x64\
windows	UNKNOWN STEP	2026-10-05T14:03:43.3892930Z   WindowsSDK_ExecutablePath_x86: C:\Program Files (x86)\Microsoft SDKs\Windows\v10.0A\bin\NETFX 4.8.1 Tools\
windows	UNKNOWN STEP	2026-10-05T14:03:43.3893277Z   __DOTNET_ADD_64BIT: 1
windows	UNKNOWN STEP	2026-10-05T14:03:43.3893449Z   __DOTNET_PREFERRED_BITNESS: 64
windows	UNKNOWN STEP	2026-10-05T14:03:43.3900253Z   __VSCMD_PREINIT_PATH: C:\Program Files\MongoDB\Server\7.0\bin;C:\vcpkg;C:\tools\zstd;C:\hostedtoolcache\windows\stack\3.11.1\x64;C:\cabal\bin;C:\\ghcup\bin;C:\mingw64\bin;C:\Program Files\dotnet;C:\Program Files\MySQL\MySQL Server 8.0\bin;C:\Program Files\R\R-4.6.1\bin\x64;C:\SeleniumWebDrivers\GeckoDriver;C:\SeleniumWebDrivers\EdgeDriver\;C:\SeleniumWebDrivers\ChromeDriver;C:\Program Files (x86)\sbt\bin;C:\Program Files (x86)\GitHub CLI;C:\Program Files\Git\bin;C:\Program Files (x86)\pipx_bin;C:\npm\prefix;C:\hostedtoolcache\windows\go\1.24.13\x64\bin;C:\hostedtoolcache\windows\Python\3.12.10\x64\Scripts;C:\hostedtoolcache\windows\Python\3.12.10\x64;C:\hostedtoolcache\windows\Ruby\3.3.12\x64\bin;C:\Program Files\OpenSSL\bin;C:\tools\kotlinc\bin;C:\hostedtoolcache\windows\Java_Temurin-Hotspot_jdk\17.0.20-101\x64\bin;C:\Program Files\ImageMagick-7.1.2-Q16-HDRI;C:\Program Files\Microsoft SDKs\Azure\CLI2\wbin;C:\ProgramData\kind;C:\ProgramData\Chocolatey\bin;C:\Windows\system32;C:\Windows;C:\Windows\System32\Wbem;C:\Windows\System32\WindowsPowerShell\v1.0\;C:\Windows\System32\OpenSSH\;C:\Program Files\PowerShell\7\;C:\Program Files\Microsoft\Web Platform Installer\;C:\Program Files\Microsoft SQL Server\170\Tools\Binn\;C:\Program Files\Microsoft SQL Server\Client SDK\ODBC\170\Tools\Binn\;C:\Program Files\dotnet\;C:\Program Files (x86)\Windows Kits\10\Windows Performance Toolkit\;C:\Program Files (x86)\WiX Toolset v3.14\bin;C:\Program Files\Microsoft SQL Server\130\DTS\Binn\;C:\Program Files\Microsoft SQL Server\140\DTS\Binn\;C:\Program Files\Microsoft SQL Server\150\DTS\Binn\;C:\Program Files\Microsoft SQL Server\160\DTS\Binn\;C:\Program Files\Microsoft SQL Server\170\DTS\Binn\;C:\ProgramData\chocolatey\lib\pulumi\tools\Pulumi\bin;C:\Program Files\CMake\bin;C:\Strawberry\c\bin;C:\Strawberry\perl\site\bin;C:\Strawberry\perl\bin;C:\ProgramData\chocolatey\lib\maven\apache-maven-3.9.16\bin;C:\Program Files\Microsoft Service Fabric\bin\Fabric\Fabric.Code;C:\Program Files\Microsoft SDKs\Service Fabric\Tools\ServiceFabricLocalClusterManager;C:\Program Files\nodejs\;C:\Program Files\Git\cmd;C:\Program Files\Git\mingw64\bin;C:\Program Files\Git\usr\bin;C:\Program Files\GitHub CLI\;c:\tools\php;C:\Program Files (x86)\sbt\bin;C:\Program Files\Amazon\AWSCLIV2\;C:\Program Files\Amazon\SessionManagerPlugin\bin\;C:\Program Files\Amazon\AWSSAMCLI\bin\;C:\Program Files\Microsoft SQL Server\130\Tools\Binn\;C:\Program Files\mongosh\;C:\Program Files\LLVM\bin;C:\Program Files (x86)\LLVM\bin;C:\Users\runneradmin\.dotnet\tools;C:\Users\runneradmin\.cargo\bin;C:\Users\runneradmin\AppData\Local\Microsoft\WindowsApps;C:\Program Files (x86)\Microsoft Visual Studio\Installer
windows	UNKNOWN STEP	2026-10-05T14:03:43.3906918Z   CACHE_ON_FAILURE: false
windows	UNKNOWN STEP	2026-10-05T14:03:43.3907110Z   LIBCLANG_PATH: C:\Program Files\LLVM\bin
windows	UNKNOWN STEP	2026-10-05T14:03:43.3907320Z ##[endgroup]
windows	UNKNOWN STEP	2026-10-05T14:05:45.1075019Z {
windows	UNKNOWN STEP	2026-10-05T14:05:45.1075323Z   "status": "PASS",
windows	UNKNOWN STEP	2026-10-05T14:05:45.1075666Z   "evidence": "D:\\a\\_temp\\playsparse-windows-ci",
windows	UNKNOWN STEP	2026-10-05T14:05:45.1076042Z   "error": null
windows	UNKNOWN STEP	2026-10-05T14:05:45.1076295Z }
windows	UNKNOWN STEP	2026-10-05T14:05:50.4696093Z {
windows	UNKNOWN STEP	2026-10-05T14:05:50.4696487Z   "status": "PASS",
windows	UNKNOWN STEP	2026-10-05T14:05:50.4696751Z   "evidence": "C:\\playsparse-wof-ci-37321274058-1",
windows	UNKNOWN STEP	2026-10-05T14:05:50.4697016Z   "error": null
windows	UNKNOWN STEP	2026-10-05T14:05:50.4697177Z }
windows	UNKNOWN STEP	2026-10-05T14:05:50.7600953Z ##[group]Run actions/upload-artifact@v4
windows	UNKNOWN STEP	2026-10-05T14:05:50.7601231Z with:
windows	UNKNOWN STEP	2026-10-05T14:05:50.7601566Z   name: windows-runtime-evidence
windows	UNKNOWN STEP	2026-10-05T14:05:50.7656247Z   path: D:\a\_temp/playsparse-windows-ci/result.json
windows	UNKNOWN STEP	D:\a\_temp/playsparse-windows-ci/environment.json
windows	UNKNOWN STEP	D:\a\_temp/playsparse-windows-ci/*.log
windows	UNKNOWN STEP	D:\a\_temp/playsparse-windows-ci/*/evidence
windows	UNKNOWN STEP	D:\a\_temp/playsparse-windows-ci/wof-system-volume/*.json
windows	UNKNOWN STEP	D:\a\_temp/playsparse-windows-ci/wof-system-volume/*.log
windows	UNKNOWN STEP	D:\a\_temp/winfsp-install.log
windows	UNKNOWN STEP	
windows	UNKNOWN STEP	2026-10-05T14:05:50.7657277Z   if-no-files-found: warn
windows	UNKNOWN STEP	2026-10-05T14:05:50.7657459Z   compression-level: 6
windows	UNKNOWN STEP	2026-10-05T14:05:50.7657621Z   overwrite: false
windows	UNKNOWN STEP	2026-10-05T14:05:50.7657794Z   include-hidden-files: false
windows	UNKNOWN STEP	2026-10-05T14:05:50.7657967Z env:
windows	UNKNOWN STEP	2026-10-05T14:05:50.7658130Z   CARGO_HOME: C:\Users\runneradmin\.cargo
windows	UNKNOWN STEP	2026-10-05T14:05:50.7658332Z   CARGO_INCREMENTAL: 0
windows	UNKNOWN STEP	2026-10-05T14:05:50.7658499Z   CARGO_TERM_COLOR: always
windows	UNKNOWN STEP	2026-10-05T14:05:50.7658685Z   CommandPromptType: Native
windows	UNKNOWN STEP	2026-10-05T14:05:50.7658993Z   DevEnvDir: C:\Program Files\Microsoft Visual Studio\18\Enterprise\Common7\IDE\
windows	UNKNOWN STEP	2026-10-05T14:05:50.7659408Z   ExtensionSdkDir: C:\Program Files (x86)\Microsoft SDKs\Windows Kits\10\ExtensionSDKs
windows	UNKNOWN STEP	2026-10-05T14:05:50.7661157Z   EXTERNAL_INCLUDE: C:\Program Files\Microsoft Visual Studio\18\Enterprise\VC\Tools\MSVC\14.51.36231\include;C:\Program Files\Microsoft Visual Studio\18\Enterprise\VC\Tools\MSVC\14.51.36231\ATLMFC\include;C:\Program Files\Microsoft Visual Studio\18\Enterprise\VC\Auxiliary\VS\include;C:\Program Files (x86)\Windows Kits\10\include\10.0.26100.0\ucrt;C:\Program Files (x86)\Windows Kits\10\\include\10.0.26100.0\\um;C:\Program Files (x86)\Windows Kits\10\\include\10.0.26100.0\\shared;C:\Program Files (x86)\Windows Kits\10\\include\10.0.26100.0\\winrt;C:\Program Files (x86)\Windows Kits\10\\include\10.0.26100.0\\cppwinrt;C:\Program Files (x86)\Windows Kits\NETFXSDK\4.8.1\include\um
windows	UNKNOWN STEP	2026-10-05T14:05:50.7663094Z   Framework40Version: v4.0
windows	UNKNOWN STEP	2026-10-05T14:05:50.7663314Z   FrameworkDir: C:\Windows\Microsoft.NET\Framework64\
windows	UNKNOWN STEP	2026-10-05T14:05:50.7663586Z   FrameworkDir64: C:\Windows\Microsoft.NET\Framework64\
windows	UNKNOWN STEP	2026-10-05T14:05:50.7663819Z   FrameworkVersion: v4.0.30319
windows	UNKNOWN STEP	2026-10-05T14:05:50.7664005Z   FrameworkVersion64: v4.0.30319
windows	UNKNOWN STEP	2026-10-05T14:05:50.7664415Z   FSHARPINSTALLDIR: C:\Program Files\Microsoft Visual Studio\18\Enterprise\Common7\IDE\CommonExtensions\Microsoft\FSharp\Tools
windows	UNKNOWN STEP	2026-10-05T14:05:50.7664864Z   HTMLHelpDir: C:\Program Files (x86)\HTML Help Workshop
windows	UNKNOWN STEP	2026-10-05T14:05:50.7666918Z   INCLUDE: C:\Program Files\Microsoft Visual Studio\18\Enterprise\VC\Tools\MSVC\14.51.36231\include;C:\Program Files\Microsoft Visual Studio\18\Enterprise\VC\Tools\MSVC\14.51.36231\ATLMFC\include;C:\Program Files\Microsoft Visual Studio\18\Enterprise\VC\Auxiliary\VS\include;C:\Program Files (x86)\Windows Kits\10\include\10.0.26100.0\ucrt;C:\Program Files (x86)\Windows Kits\10\\include\10.0.26100.0\\um;C:\Program Files (x86)\Windows Kits\10\\include\10.0.26100.0\\shared;C:\Program Files (x86)\Windows Kits\10\\include\10.0.26100.0\\winrt;C:\Program Files (x86)\Windows Kits\10\\include\10.0.26100.0\\cppwinrt;C:\Program Files (x86)\Windows Kits\NETFXSDK\4.8.1\include\um
windows	UNKNOWN STEP	2026-10-05T14:05:50.7669302Z   LIB: C:\Program Files\Microsoft Visual Studio\18\Enterprise\VC\Tools\MSVC\14.51.36231\ATLMFC\lib\x64;C:\Program Files\Microsoft Visual Studio\18\Enterprise\VC\Tools\MSVC\14.51.36231\lib\x64;C:\Program Files (x86)\Windows Kits\NETFXSDK\4.8.1\lib\um\x64;C:\Program Files (x86)\Windows Kits\10\lib\10.0.26100.0\ucrt\x64;C:\Program Files (x86)\Windows Kits\10\\lib\10.0.26100.0\\um\x64
windows	UNKNOWN STEP	2026-10-05T14:05:50.7672564Z   LIBPATH: C:\Program Files\Microsoft Visual Studio\18\Enterprise\VC\Tools\MSVC\14.51.36231\ATLMFC\lib\x64;C:\Program Files\Microsoft Visual Studio\18\Enterprise\VC\Tools\MSVC\14.51.36231\lib\x64;C:\Program Files\Microsoft Visual Studio\18\Enterprise\VC\Tools\MSVC\14.51.36231\lib\x86\store\references;C:\Program Files (x86)\Windows Kits\10\UnionMetadata\10.0.26100.0;C:\Program Files (x86)\Windows Kits\10\References\10.0.26100.0;C:\Windows\Microsoft.NET\Framework64\v4.0.30319
windows	UNKNOWN STEP	2026-10-05T14:05:50.7673948Z   llvmArm64: C:\Program Files\Microsoft Visual Studio\18\Enterprise\VC\Tools\Llvm\ARM64\bin
windows	UNKNOWN STEP	2026-10-05T14:05:50.7674386Z   llvmX64: C:\Program Files\Microsoft Visual Studio\18\Enterprise\VC\Tools\Llvm\x64\bin
windows	UNKNOWN STEP	2026-10-05T14:05:50.7674756Z   NETFXSDKDir: C:\Program Files (x86)\Windows Kits\NETFXSDK\4.8.1\
windows	UNKNOWN STEP	2026-10-05T14:05:50.7686154Z   Path: C:\Program Files\Microsoft Visual Studio\18\Enterprise\VC\Tools\MSVC\14.51.36231\bin\HostX64\x64;C:\Program Files\Microsoft Visual Studio\18\Enterprise\Common7\IDE\VC\VCPackages;C:\Program Files\Microsoft Visual Studio\18\Enterprise\Common7\IDE\CommonExtensions\Microsoft\TestWindow;C:\Program Files\Microsoft Visual Studio\18\Enterprise\Common7\IDE\CommonExtensions\Microsoft\TeamFoundation\Team Explorer;C:\Program Files\Microsoft Visual Studio\18\Enterprise\MSBuild\Current\bin\Roslyn;C:\Program Files (x86)\Microsoft SDKs\Windows\v10.0A\bin\NETFX 4.8.1 Tools\x64\;C:\Program Files (x86)\HTML Help Workshop;C:\Program Files\Microsoft Visual Studio\18\Enterprise\Common7\IDE\CommonExtensions\Microsoft\FSharp\Tools;C:\Program Files\Microsoft Visual Studio\18\Enterprise\Team Tools\DiagnosticsHub\Collector;C:\Program Files\Microsoft Visual Studio\18\Enterprise\Common7\IDE\Extensions\Microsoft\CodeCoverage.Console;C:\Program Files (x86)\Windows Kits\10\bin\10.0.26100.0\\x64;C:\Program Files (x86)\Windows Kits\10\bin\\x64;C:\Program Files\Microsoft Visual Studio\18\Enterprise\\MSBuild\Current\Bin\amd64;C:\Windows\Microsoft.NET\Framework64\v4.0.30319;C:\Program Files\Microsoft Visual Studio\18\Enterprise\Common7\IDE\;C:\Program Files\Microsoft Visual Studio\18\Enterprise\Common7\Tools\;C:\Program Files\MongoDB\Server\7.0\bin;C:\vcpkg;C:\tools\zstd;C:\hostedtoolcache\windows\stack\3.11.1\x64;C:\cabal\bin;C:\\ghcup\bin;C:\mingw64\bin;C:\Program Files\dotnet;C:\Program Files\MySQL\MySQL Server 8.0\bin;C:\Program Files\R\R-4.6.1\bin\x64;C:\SeleniumWebDrivers\GeckoDriver;C:\SeleniumWebDrivers\EdgeDriver\;C:\SeleniumWebDrivers\ChromeDriver;C:\Program Files (x86)\sbt\bin;C:\Program Files (x86)\GitHub CLI;C:\Program Files\Git\bin;C:\Program Files (x86)\pipx_bin;C:\npm\prefix;C:\hostedtoolcache\windows\go\1.24.13\x64\bin;C:\hostedtoolcache\windows\Python\3.12.10\x64\Scripts;C:\hostedtoolcache\windows\Python\3.12.10\x64;C:\hostedtoolcache\windows\Ruby\3.3.12\x64\bin;C:\Program Files\OpenSSL\bin;C:\tools\kotlinc\bin;C:\hostedtoolcache\windows\Java_Temurin-Hotspot_jdk\17.0.20-101\x64\bin;C:\Program Files\ImageMagick-7.1.2-Q16-HDRI;C:\Program Files\Microsoft SDKs\Azure\CLI2\wbin;C:\ProgramData\kind;C:\ProgramData\Chocolatey\bin;C:\Windows\system32;C:\Windows;C:\Windows\System32\Wbem;C:\Windows\System32\WindowsPowerShell\v1.0\;C:\Windows\System32\OpenSSH\;C:\Program Files\PowerShell\7\;C:\Program Files\Microsoft\Web Platform Installer\;C:\Program Files\Microsoft SQL Server\170\Tools\Binn\;C:\Program Files\Microsoft SQL Server\Client SDK\ODBC\170\Tools\Binn\;C:\Program Files\dotnet\;C:\Program Files (x86)\Windows Kits\10\Windows Performance Toolkit\;C:\Program Files (x86)\WiX Toolset v3.14\bin;C:\Program Files\Microsoft SQL Server\130\DTS\Binn\;C:\Program Files\Microsoft SQL Server\140\DTS\Binn\;C:\Program Files\Microsoft SQL Server\150\DTS\Binn\;C:\Program Files\Microsoft SQL Server\160\DTS\Binn\;C:\Program Files\Microsoft SQL Server\170\DTS\Binn\;C:\ProgramData\chocolatey\lib\pulumi\tools\Pulumi\bin;C:\Program Files\CMake\bin;C:\Strawberry\c\bin;C:\Strawberry\perl\site\bin;C:\Strawberry\perl\bin;C:\ProgramData\chocolatey\lib\maven\apache-maven-3.9.16\bin;C:\Program Files\Microsoft Service Fabric\bin\Fabric\Fabric.Code;C:\Program Files\Microsoft SDKs\Service Fabric\Tools\ServiceFabricLocalClusterManager;C:\Program Files\nodejs\;C:\Program Files\Git\cmd;C:\Program Files\Git\mingw64\bin;C:\Program Files\Git\usr\bin;C:\Program Files\GitHub CLI\;c:\tools\php;C:\Program Files\Amazon\AWSCLIV2\;C:\Program Files\Amazon\SessionManagerPlugin\bin\;C:\Program Files\Amazon\AWSSAMCLI\bin\;C:\Program Files\Microsoft SQL Server\130\Tools\Binn\;C:\Program Files\mongosh\;C:\Program Files\LLVM\bin;C:\Program Files (x86)\LLVM\bin;C:\Users\runneradmin\.dotnet\tools;C:\Users\runneradmin\.cargo\bin;C:\Users\runneradmin\AppData\Local\Microsoft\WindowsApps;C:\Program Files (x86)\Microsoft Visual Studio\Installer;C:\Program Files\Microsoft Visual Studio\18\Enterprise\VC\Tools\Llvm\x64\bin;C:\Program Files\Microsoft Visual Studio\18\Enterprise\Common7\IDE\CommonExtensions\Microsoft\CMake\CMake\bin;C:\Program Files\Microsoft Visual Studio\18\Enterprise\Common7\IDE\CommonExtensions\Microsoft\CMake\Ninja;C:\Program Files\Microsoft Visual Studio\18\Enterprise\Common7\IDE\VC\Linux\bin\ConnectionManagerExe;C:\Program Files\Microsoft Visual Studio\18\Enterprise\VC\vcpkg
windows	UNKNOWN STEP	2026-10-05T14:05:50.7697075Z   Platform: x64
windows	UNKNOWN STEP	2026-10-05T14:05:50.7697239Z   UCRTVersion: 10.0.26100.0
windows	UNKNOWN STEP	2026-10-05T14:05:50.7697468Z   UniversalCRTSdkDir: C:\Program Files (x86)\Windows Kits\10\
windows	UNKNOWN STEP	2026-10-05T14:05:50.7697714Z   use_x64_llvm: true
windows	UNKNOWN STEP	2026-10-05T14:05:50.7697987Z   VCIDEInstallDir: C:\Program Files\Microsoft Visual Studio\18\Enterprise\Common7\IDE\VC\
windows	UNKNOWN STEP	2026-10-05T14:05:50.7698391Z   VCINSTALLDIR: C:\Program Files\Microsoft Visual Studio\18\Enterprise\VC\
windows	UNKNOWN STEP	2026-10-05T14:05:50.7698754Z   VCPKG_ROOT: C:\Program Files\Microsoft Visual Studio\18\Enterprise\VC\vcpkg
windows	UNKNOWN STEP	2026-10-05T14:05:50.7699188Z   VCToolsInstallDir: C:\Program Files\Microsoft Visual Studio\18\Enterprise\VC\Tools\MSVC\14.51.36231\
windows	UNKNOWN STEP	2026-10-05T14:05:50.7699690Z   VCToolsRedistDir: C:\Program Files\Microsoft Visual Studio\18\Enterprise\VC\Redist\MSVC\14.51.36231\
windows	UNKNOWN STEP	2026-10-05T14:05:50.7700039Z   VCToolsVersion: 14.51.36231
windows	UNKNOWN STEP	2026-10-05T14:05:50.7700226Z   VisualStudioVersion: 18.0
windows	UNKNOWN STEP	2026-10-05T14:05:50.7700515Z   VS180COMNTOOLS: C:\Program Files\Microsoft Visual Studio\18\Enterprise\Common7\Tools\
windows	UNKNOWN STEP	2026-10-05T14:05:50.7700836Z   VSCMD_ARG_app_plat: Desktop
windows	UNKNOWN STEP	2026-10-05T14:05:50.7701023Z   VSCMD_ARG_HOST_ARCH: x64
windows	UNKNOWN STEP	2026-10-05T14:05:50.7701193Z   VSCMD_ARG_TGT_ARCH: x64
windows	UNKNOWN STEP	2026-10-05T14:05:50.7701361Z   VSCMD_VER: 18.10.2
windows	UNKNOWN STEP	2026-10-05T14:05:50.7701601Z   VSINSTALLDIR: C:\Program Files\Microsoft Visual Studio\18\Enterprise\
windows	UNKNOWN STEP	2026-10-05T14:05:50.7702147Z   VSSDK150INSTALL: C:\Program Files\Microsoft Visual Studio\18\Enterprise\VSSDK
windows	UNKNOWN STEP	2026-10-05T14:05:50.7702528Z   VSSDKINSTALL: C:\Program Files\Microsoft Visual Studio\18\Enterprise\VSSDK
windows	UNKNOWN STEP	2026-10-05T14:05:50.7703139Z   WindowsLibPath: C:\Program Files (x86)\Windows Kits\10\UnionMetadata\10.0.26100.0;C:\Program Files (x86)\Windows Kits\10\References\10.0.26100.0
windows	UNKNOWN STEP	2026-10-05T14:05:50.7703792Z   WindowsSdkBinPath: C:\Program Files (x86)\Windows Kits\10\bin\
windows	UNKNOWN STEP	2026-10-05T14:05:50.7704085Z   WindowsSdkDir: C:\Program Files (x86)\Windows Kits\10\
windows	UNKNOWN STEP	2026-10-05T14:05:50.7704327Z   WindowsSDKLibVersion: 10.0.26100.0\
windows	UNKNOWN STEP	2026-10-05T14:05:50.7704622Z   WindowsSdkVerBinPath: C:\Program Files (x86)\Windows Kits\10\bin\10.0.26100.0\
windows	UNKNOWN STEP	2026-10-05T14:05:50.7704916Z   WindowsSDKVersion: 10.0.26100.0\
windows	UNKNOWN STEP	2026-10-05T14:05:50.7705272Z   WindowsSDK_ExecutablePath_x64: C:\Program Files (x86)\Microsoft SDKs\Windows\v10.0A\bin\NETFX 4.8.1 Tools\x64\
windows	UNKNOWN STEP	2026-10-05T14:05:50.7705780Z   WindowsSDK_ExecutablePath_x86: C:\Program Files (x86)\Microsoft SDKs\Windows\v10.0A\bin\NETFX 4.8.1 Tools\
windows	UNKNOWN STEP	2026-10-05T14:05:50.7706133Z   __DOTNET_ADD_64BIT: 1
windows	UNKNOWN STEP	2026-10-05T14:05:50.7706305Z   __DOTNET_PREFERRED_BITNESS: 64
windows	UNKNOWN STEP	2026-10-05T14:05:50.7712865Z   __VSCMD_PREINIT_PATH: C:\Program Files\MongoDB\Server\7.0\bin;C:\vcpkg;C:\tools\zstd;C:\hostedtoolcache\windows\stack\3.11.1\x64;C:\cabal\bin;C:\\ghcup\bin;C:\mingw64\bin;C:\Program Files\dotnet;C:\Program Files\MySQL\MySQL Server 8.0\bin;C:\Program Files\R\R-4.6.1\bin\x64;C:\SeleniumWebDrivers\GeckoDriver;C:\SeleniumWebDrivers\EdgeDriver\;C:\SeleniumWebDrivers\ChromeDriver;C:\Program Files (x86)\sbt\bin;C:\Program Files (x86)\GitHub CLI;C:\Program Files\Git\bin;C:\Program Files (x86)\pipx_bin;C:\npm\prefix;C:\hostedtoolcache\windows\go\1.24.13\x64\bin;C:\hostedtoolcache\windows\Python\3.12.10\x64\Scripts;C:\hostedtoolcache\windows\Python\3.12.10\x64;C:\hostedtoolcache\windows\Ruby\3.3.12\x64\bin;C:\Program Files\OpenSSL\bin;C:\tools\kotlinc\bin;C:\hostedtoolcache\windows\Java_Temurin-Hotspot_jdk\17.0.20-101\x64\bin;C:\Program Files\ImageMagick-7.1.2-Q16-HDRI;C:\Program Files\Microsoft SDKs\Azure\CLI2\wbin;C:\ProgramData\kind;C:\ProgramData\Chocolatey\bin;C:\Windows\system32;C:\Windows;C:\Windows\System32\Wbem;C:\Windows\System32\WindowsPowerShell\v1.0\;C:\Windows\System32\OpenSSH\;C:\Program Files\PowerShell\7\;C:\Program Files\Microsoft\Web Platform Installer\;C:\Program Files\Microsoft SQL Server\170\Tools\Binn\;C:\Program Files\Microsoft SQL Server\Client SDK\ODBC\170\Tools\Binn\;C:\Program Files\dotnet\;C:\Program Files (x86)\Windows Kits\10\Windows Performance Toolkit\;C:\Program Files (x86)\WiX Toolset v3.14\bin;C:\Program Files\Microsoft SQL Server\130\DTS\Binn\;C:\Program Files\Microsoft SQL Server\140\DTS\Binn\;C:\Program Files\Microsoft SQL Server\150\DTS\Binn\;C:\Program Files\Microsoft SQL Server\160\DTS\Binn\;C:\Program Files\Microsoft SQL Server\170\DTS\Binn\;C:\ProgramData\chocolatey\lib\pulumi\tools\Pulumi\bin;C:\Program Files\CMake\bin;C:\Strawberry\c\bin;C:\Strawberry\perl\site\bin;C:\Strawberry\perl\bin;C:\ProgramData\chocolatey\lib\maven\apache-maven-3.9.16\bin;C:\Program Files\Microsoft Service Fabric\bin\Fabric\Fabric.Code;C:\Program Files\Microsoft SDKs\Service Fabric\Tools\ServiceFabricLocalClusterManager;C:\Program Files\nodejs\;C:\Program Files\Git\cmd;C:\Program Files\Git\mingw64\bin;C:\Program Files\Git\usr\bin;C:\Program Files\GitHub CLI\;c:\tools\php;C:\Program Files (x86)\sbt\bin;C:\Program Files\Amazon\AWSCLIV2\;C:\Program Files\Amazon\SessionManagerPlugin\bin\;C:\Program Files\Amazon\AWSSAMCLI\bin\;C:\Program Files\Microsoft SQL Server\130\Tools\Binn\;C:\Program Files\mongosh\;C:\Program Files\LLVM\bin;C:\Program Files (x86)\LLVM\bin;C:\Users\runneradmin\.dotnet\tools;C:\Users\runneradmin\.cargo\bin;C:\Users\runneradmin\AppData\Local\Microsoft\WindowsApps;C:\Program Files (x86)\Microsoft Visual Studio\Installer
windows	UNKNOWN STEP	2026-10-05T14:05:50.7719451Z   CACHE_ON_FAILURE: false
windows	UNKNOWN STEP	2026-10-05T14:05:50.7719638Z   LIBCLANG_PATH: C:\Program Files\LLVM\bin
windows	UNKNOWN STEP	2026-10-05T14:05:50.7719848Z ##[endgroup]
windows	UNKNOWN STEP	2026-10-05T14:05:53.0595247Z (node:4448) [DEP0040] DeprecationWarning: The `punycode` module is deprecated. Please use a userland alternative instead.
windows	UNKNOWN STEP	2026-10-05T14:05:53.0596185Z (Use `node --trace-deprecation ...` to show where the warning was created)
windows	UNKNOWN STEP	2026-10-05T14:05:53.1874478Z Multiple search paths detected. Calculating the least common ancestor of all paths
windows	UNKNOWN STEP	2026-10-05T14:05:53.1877362Z The least common ancestor is D:\a\_temp. This will be the root directory of the artifact
windows	UNKNOWN STEP	2026-10-05T14:05:53.1877942Z With the provided path, there will be 241 files uploaded
windows	UNKNOWN STEP	2026-10-05T14:05:53.1882361Z Artifact name is valid!
windows	UNKNOWN STEP	2026-10-05T14:05:53.1883457Z Root directory input is valid!
windows	UNKNOWN STEP	2026-10-05T14:05:53.7923357Z Beginning upload of artifact content to blob storage
windows	UNKNOWN STEP	2026-10-05T14:05:54.1090777Z (node:4448) [DEP0169] DeprecationWarning: `url.parse()` behavior is not standardized and prone to errors that have security implications. Use the WHATWG URL API instead. CVEs are not issued for `url.parse()` vulnerabilities.
windows	UNKNOWN STEP	2026-10-05T14:05:54.5620944Z Uploaded bytes 251296
windows	UNKNOWN STEP	2026-10-05T14:05:54.6226822Z Finished uploading artifact content to blob storage!
windows	UNKNOWN STEP	2026-10-05T14:05:54.6227857Z SHA256 digest of uploaded artifact zip is e40aa47bfb060c04a15f3839c0702f452210f87b894d34f32fc03b55aca6222b
windows	UNKNOWN STEP	2026-10-05T14:05:54.6228896Z Finalizing artifact upload
windows	UNKNOWN STEP	2026-10-05T14:05:54.8965756Z Artifact windows-runtime-evidence.zip successfully finalized. Artifact ID 11350541827
windows	UNKNOWN STEP	2026-10-05T14:05:54.8966540Z Artifact windows-runtime-evidence has been successfully uploaded! Final size is 251296 bytes. Artifact ID is 11350541827
windows	UNKNOWN STEP	2026-10-05T14:05:54.8990294Z Artifact download URL: https://github.com/gogolumo/PlaySparse/actions/runs/37321274058/artifacts/11350541827
windows	UNKNOWN STEP	2026-10-05T14:05:54.9780676Z Post job cleanup.
windows	UNKNOWN STEP	2026-10-05T14:05:55.2990903Z Cache up-to-date.
windows	UNKNOWN STEP	2026-10-05T14:05:55.3621092Z Post job cleanup.
windows	UNKNOWN STEP	2026-10-05T14:05:55.5556993Z [command]"C:\Program Files\Git\bin\git.exe" version
windows	UNKNOWN STEP	2026-10-05T14:05:55.5985812Z git version 2.55.0.windows.5
windows	UNKNOWN STEP	2026-10-05T14:05:55.6049688Z Temporarily overriding HOME='D:\a\_temp\6480f738-901d-43ab-a543-1d7ca837c148' before making global git config changes
windows	UNKNOWN STEP	2026-10-05T14:05:55.6050570Z Adding repository directory to the temporary git global config as a safe directory
windows	UNKNOWN STEP	2026-10-05T14:05:55.6061704Z [command]"C:\Program Files\Git\bin\git.exe" config --global --add safe.directory D:\a\PlaySparse\PlaySparse
windows	UNKNOWN STEP	2026-10-05T14:05:55.6516052Z [command]"C:\Program Files\Git\bin\git.exe" config --local --name-only --get-regexp core\.sshCommand
windows	UNKNOWN STEP	2026-10-05T14:05:55.6789970Z [command]"C:\Program Files\Git\bin\git.exe" submodule foreach --recursive "sh -c \"git config --local --name-only --get-regexp 'core\.sshCommand' && git config --local --unset-all 'core.sshCommand' || :\""
windows	UNKNOWN STEP	2026-10-05T14:05:56.4943387Z [command]"C:\Program Files\Git\bin\git.exe" config --local --name-only --get-regexp http\.https\:\/\/github\.com\/\.extraheader
windows	UNKNOWN STEP	2026-10-05T14:05:56.5194873Z http.https://github.com/.extraheader
windows	UNKNOWN STEP	2026-10-05T14:05:56.5240864Z [command]"C:\Program Files\Git\bin\git.exe" config --local --unset-all http.https://github.com/.extraheader
windows	UNKNOWN STEP	2026-10-05T14:05:56.5514616Z [command]"C:\Program Files\Git\bin\git.exe" submodule foreach --recursive "sh -c \"git config --local --name-only --get-regexp 'http\.https\:\/\/github\.com\/\.extraheader' && git config --local --unset-all 'http.https://github.com/.extraheader' || :\""
windows	UNKNOWN STEP	2026-10-05T14:05:57.0398129Z [command]"C:\Program Files\Git\bin\git.exe" config --local --name-only --get-regexp ^includeIf\.gitdir:
windows	UNKNOWN STEP	2026-10-05T14:05:57.0673135Z [command]"C:\Program Files\Git\bin\git.exe" submodule foreach --recursive "git config --local --show-origin --name-only --get-regexp remote.origin.url"
windows	UNKNOWN STEP	2026-10-05T14:05:57.6333602Z Cleaning up orphan processes
windows	UNKNOWN STEP	2026-10-05T14:05:57.7649071Z Terminate orphan process: pid (9348) (vctip)
windows	UNKNOWN STEP	2026-10-05T14:05:57.8075938Z ##[warning]Node.js 20 is deprecated. The following actions target Node.js 20 but are being forced to run on Node.js 24: actions/checkout@v4, actions/upload-artifact@v4, ilammy/msvc-dev-cmd@v1. For more information see: https://github.blog/changelog/2025-09-19-deprecation-of-node-20-on-github-actions-runners/
macos-sdk	UNKNOWN STEP	﻿2026-10-05T14:00:57.0301430Z Current runner version: '2.337.0'
macos-sdk	UNKNOWN STEP	2026-10-05T14:00:57.0320220Z ##[group]Runner Image Provisioner
macos-sdk	UNKNOWN STEP	2026-10-05T14:00:57.0320920Z Hosted Compute Agent
macos-sdk	UNKNOWN STEP	2026-10-05T14:00:57.0321330Z Version: 20260828.587
macos-sdk	UNKNOWN STEP	2026-10-05T14:00:57.0321760Z Commit: abac92662cab4cc7352de4f9f9d2e2419aad9c29
macos-sdk	UNKNOWN STEP	2026-10-05T14:00:57.0322440Z Build Date: 2026-08-28T16:44:25Z
macos-sdk	UNKNOWN STEP	2026-10-05T14:00:57.0322930Z Worker ID: {914e611c-7f52-467f-b775-f25e20a8dac1}
macos-sdk	UNKNOWN STEP	2026-10-05T14:00:57.0323590Z Azure Region: westus
macos-sdk	UNKNOWN STEP	2026-10-05T14:00:57.0324120Z ##[endgroup]
macos-sdk	UNKNOWN STEP	2026-10-05T14:00:57.0325170Z ##[group]Operating System
macos-sdk	UNKNOWN STEP	2026-10-05T14:00:57.0325610Z macOS
macos-sdk	UNKNOWN STEP	2026-10-05T14:00:57.0325960Z 26.6.2
macos-sdk	UNKNOWN STEP	2026-10-05T14:00:57.0326320Z 25G83
macos-sdk	UNKNOWN STEP	2026-10-05T14:00:57.0326670Z ##[endgroup]
macos-sdk	UNKNOWN STEP	2026-10-05T14:00:57.0327050Z ##[group]Runner Image
macos-sdk	UNKNOWN STEP	2026-10-05T14:00:57.0327470Z Image: macos-26-arm64
macos-sdk	UNKNOWN STEP	2026-10-05T14:00:57.0327870Z Version: 20260907.0351.1
macos-sdk	UNKNOWN STEP	2026-10-05T14:00:57.0329050Z Included Software: https://github.com/actions/runner-images/blob/macos-26-arm64/20260907.0351/images/macos/macos-26-arm64-Readme.md
macos-sdk	UNKNOWN STEP	2026-10-05T14:00:57.0330390Z Image Release: https://github.com/actions/runner-images/releases/tag/macos-26-arm64%2F20260907.0351
macos-sdk	UNKNOWN STEP	2026-10-05T14:00:57.0331160Z ##[endgroup]
macos-sdk	UNKNOWN STEP	2026-10-05T14:00:57.0331970Z ##[group]GITHUB_TOKEN Permissions
macos-sdk	UNKNOWN STEP	2026-10-05T14:00:57.0333410Z Contents: read
macos-sdk	UNKNOWN STEP	2026-10-05T14:00:57.0333840Z Metadata: read
macos-sdk	UNKNOWN STEP	2026-10-05T14:00:57.0334290Z ##[endgroup]
macos-sdk	UNKNOWN STEP	2026-10-05T14:00:57.0335940Z Secret source: Actions
macos-sdk	UNKNOWN STEP	2026-10-05T14:00:57.0336560Z Cache mode: write
macos-sdk	UNKNOWN STEP	2026-10-05T14:00:57.0337050Z Prepare workflow directory
macos-sdk	UNKNOWN STEP	2026-10-05T14:00:57.0813160Z Prepare all required actions
macos-sdk	UNKNOWN STEP	2026-10-05T14:00:57.0914160Z Getting action download info
macos-sdk	UNKNOWN STEP	2026-10-05T14:00:57.4794480Z Download action repository 'actions/checkout@v4' (SHA:11d5960a326750d5838078e36cf38b85af677262)
macos-sdk	UNKNOWN STEP	2026-10-05T14:00:58.1663470Z Download action repository 'dtolnay/rust-toolchain@master' (SHA:7e38f4b43b4db5c8dd498af069a4f6196df1d067)
macos-sdk	UNKNOWN STEP	2026-10-05T14:00:58.6344600Z Download action repository 'Swatinem/rust-cache@v2' (SHA:6323deb102c322ba6fcbdcafc7e3dddab59af2b6)
macos-sdk	UNKNOWN STEP	2026-10-05T14:00:59.5687750Z Download action repository 'actions/upload-artifact@v4' (SHA:ea165f8d65b6e75b540449e92b4886f43607fa02)
macos-sdk	UNKNOWN STEP	2026-10-05T14:01:00.0064920Z Complete job name: macos-sdk
macos-sdk	UNKNOWN STEP	2026-10-05T14:01:00.1631830Z ##[group]Run actions/checkout@v4
macos-sdk	UNKNOWN STEP	2026-10-05T14:01:00.1634660Z with:
macos-sdk	UNKNOWN STEP	2026-10-05T14:01:00.1635420Z   repository: gogolumo/PlaySparse
macos-sdk	UNKNOWN STEP	2026-10-05T14:01:00.1642270Z   token: ***
macos-sdk	UNKNOWN STEP	2026-10-05T14:01:00.1642930Z   ssh-strict: true
macos-sdk	UNKNOWN STEP	2026-10-05T14:01:00.1643570Z   ssh-user: git
macos-sdk	UNKNOWN STEP	2026-10-05T14:01:00.1644230Z   persist-credentials: true
macos-sdk	UNKNOWN STEP	2026-10-05T14:01:00.1645000Z   clean: true
macos-sdk	UNKNOWN STEP	2026-10-05T14:01:00.1645670Z   sparse-checkout-cone-mode: true
macos-sdk	UNKNOWN STEP	2026-10-05T14:01:00.1646430Z   fetch-depth: 1
macos-sdk	UNKNOWN STEP	2026-10-05T14:01:00.1647140Z   fetch-tags: false
macos-sdk	UNKNOWN STEP	2026-10-05T14:01:00.1647810Z   show-progress: true
macos-sdk	UNKNOWN STEP	2026-10-05T14:01:00.1648500Z   lfs: false
macos-sdk	UNKNOWN STEP	2026-10-05T14:01:00.1649120Z   submodules: false
macos-sdk	UNKNOWN STEP	2026-10-05T14:01:00.1649830Z   set-safe-directory: true
macos-sdk	UNKNOWN STEP	2026-10-05T14:01:00.1650570Z   allow-unsafe-pr-checkout: false
macos-sdk	UNKNOWN STEP	2026-10-05T14:01:00.1654400Z ##[endgroup]
macos-sdk	UNKNOWN STEP	2026-10-05T14:01:00.9236440Z Syncing repository: gogolumo/PlaySparse
macos-sdk	UNKNOWN STEP	2026-10-05T14:01:00.9238990Z ##[group]Getting Git version info
macos-sdk	UNKNOWN STEP	2026-10-05T14:01:00.9241010Z Working directory is '/Users/runner/work/PlaySparse/PlaySparse'
macos-sdk	UNKNOWN STEP	2026-10-05T14:01:00.9243970Z [command]/opt/homebrew/bin/git version
macos-sdk	UNKNOWN STEP	2026-10-05T14:01:00.9986920Z git version 2.55.0
macos-sdk	UNKNOWN STEP	2026-10-05T14:01:01.0014960Z ##[endgroup]
macos-sdk	UNKNOWN STEP	2026-10-05T14:01:01.0029590Z Copying '/Users/runner/.gitconfig' to '/Users/runner/work/_temp/8cd3c265-68d9-440c-84bc-5eff0df0ee8a/.gitconfig'
macos-sdk	UNKNOWN STEP	2026-10-05T14:01:01.0035960Z Temporarily overriding HOME='/Users/runner/work/_temp/8cd3c265-68d9-440c-84bc-5eff0df0ee8a' before making global git config changes
macos-sdk	UNKNOWN STEP	2026-10-05T14:01:01.0038410Z Adding repository directory to the temporary git global config as a safe directory
macos-sdk	UNKNOWN STEP	2026-10-05T14:01:01.0045160Z [command]/opt/homebrew/bin/git config --global --add safe.directory /Users/runner/work/PlaySparse/PlaySparse
macos-sdk	UNKNOWN STEP	2026-10-05T14:01:01.0226490Z Deleting the contents of '/Users/runner/work/PlaySparse/PlaySparse'
macos-sdk	UNKNOWN STEP	2026-10-05T14:01:01.0234110Z ##[group]Initializing the repository
macos-sdk	UNKNOWN STEP	2026-10-05T14:01:01.0242800Z [command]/opt/homebrew/bin/git init /Users/runner/work/PlaySparse/PlaySparse
macos-sdk	UNKNOWN STEP	2026-10-05T14:01:01.0698870Z hint: Using 'master' as the name for the initial branch. This default branch name
macos-sdk	UNKNOWN STEP	2026-10-05T14:01:01.0711950Z hint: will change to "main" in Git 3.0. To configure the initial branch name
macos-sdk	UNKNOWN STEP	2026-10-05T14:01:01.0712740Z hint: to use in all of your new repositories, which will suppress this warning,
macos-sdk	UNKNOWN STEP	2026-10-05T14:01:01.0713230Z hint: call:
macos-sdk	UNKNOWN STEP	2026-10-05T14:01:01.0713530Z hint:
macos-sdk	UNKNOWN STEP	2026-10-05T14:01:01.0714000Z hint: 	git config --global init.defaultBranch <name>
macos-sdk	UNKNOWN STEP	2026-10-05T14:01:01.0714460Z hint:
macos-sdk	UNKNOWN STEP	2026-10-05T14:01:01.0714860Z hint: Names commonly chosen instead of 'master' are 'main', 'trunk' and
macos-sdk	UNKNOWN STEP	2026-10-05T14:01:01.0715590Z hint: 'development'. The just-created branch can be renamed via this command:
macos-sdk	UNKNOWN STEP	2026-10-05T14:01:01.0717430Z hint:
macos-sdk	UNKNOWN STEP	2026-10-05T14:01:01.0721060Z hint: 	git branch -m <name>
macos-sdk	UNKNOWN STEP	2026-10-05T14:01:01.0787140Z hint:
macos-sdk	UNKNOWN STEP	2026-10-05T14:01:01.0790430Z hint: Disable this message with "git config set advice.defaultBranchName false"
macos-sdk	UNKNOWN STEP	2026-10-05T14:01:01.0793960Z Initialized empty Git repository in /Users/runner/work/PlaySparse/PlaySparse/.git/
macos-sdk	UNKNOWN STEP	2026-10-05T14:01:01.0798430Z [command]/opt/homebrew/bin/git remote add origin https://github.com/gogolumo/PlaySparse
macos-sdk	UNKNOWN STEP	2026-10-05T14:01:01.0889270Z ##[endgroup]
macos-sdk	UNKNOWN STEP	2026-10-05T14:01:01.0890370Z ##[group]Disabling automatic garbage collection
macos-sdk	UNKNOWN STEP	2026-10-05T14:01:01.0899230Z [command]/opt/homebrew/bin/git config --local gc.auto 0
macos-sdk	UNKNOWN STEP	2026-10-05T14:01:01.1078620Z ##[endgroup]
macos-sdk	UNKNOWN STEP	2026-10-05T14:01:01.1152930Z ##[group]Setting up auth
macos-sdk	UNKNOWN STEP	2026-10-05T14:01:01.1154060Z [command]/opt/homebrew/bin/git config --local --name-only --get-regexp core\.sshCommand
macos-sdk	UNKNOWN STEP	2026-10-05T14:01:01.1181750Z [command]/opt/homebrew/bin/git submodule foreach --recursive sh -c "git config --local --name-only --get-regexp 'core\.sshCommand' && git config --local --unset-all 'core.sshCommand' || :"
macos-sdk	UNKNOWN STEP	2026-10-05T14:01:01.3071070Z [command]/opt/homebrew/bin/git config --local --name-only --get-regexp http\.https\:\/\/github\.com\/\.extraheader
macos-sdk	UNKNOWN STEP	2026-10-05T14:01:01.3198370Z [command]/opt/homebrew/bin/git submodule foreach --recursive sh -c "git config --local --name-only --get-regexp 'http\.https\:\/\/github\.com\/\.extraheader' && git config --local --unset-all 'http.https://github.com/.extraheader' || :"
macos-sdk	UNKNOWN STEP	2026-10-05T14:01:01.5529540Z [command]/opt/homebrew/bin/git config --local --name-only --get-regexp ^includeIf\.gitdir:
macos-sdk	UNKNOWN STEP	2026-10-05T14:01:01.5617390Z [command]/opt/homebrew/bin/git submodule foreach --recursive git config --local --show-origin --name-only --get-regexp remote.origin.url
macos-sdk	UNKNOWN STEP	2026-10-05T14:01:01.7524130Z [command]/opt/homebrew/bin/git config --local http.https://github.com/.extraheader AUTHORIZATION: basic ***
macos-sdk	UNKNOWN STEP	2026-10-05T14:01:01.7667730Z ##[endgroup]
macos-sdk	UNKNOWN STEP	2026-10-05T14:01:01.7676470Z ##[group]Fetching the repository
macos-sdk	UNKNOWN STEP	2026-10-05T14:01:01.7790940Z [command]/opt/homebrew/bin/git -c protocol.version=2 fetch --no-tags --prune --no-recurse-submodules --depth=1 origin +4952845f6546fd68f2951970c7ffd63fdf461829:refs/remotes/origin/feat/game-aware-storage
macos-sdk	UNKNOWN STEP	2026-10-05T14:01:02.5887780Z From https://github.com/gogolumo/PlaySparse
macos-sdk	UNKNOWN STEP	2026-10-05T14:01:02.5899740Z  * [new ref]         4952845f6546fd68f2951970c7ffd63fdf461829 -> origin/feat/game-aware-storage
macos-sdk	UNKNOWN STEP	2026-10-05T14:01:02.5974680Z ##[endgroup]
macos-sdk	UNKNOWN STEP	2026-10-05T14:01:02.5976790Z ##[group]Determining the checkout info
macos-sdk	UNKNOWN STEP	2026-10-05T14:01:02.5977740Z ##[endgroup]
macos-sdk	UNKNOWN STEP	2026-10-05T14:01:02.5978490Z [command]/opt/homebrew/bin/git sparse-checkout disable
macos-sdk	UNKNOWN STEP	2026-10-05T14:01:02.6155680Z [command]/opt/homebrew/bin/git config --local --unset-all extensions.worktreeConfig
macos-sdk	UNKNOWN STEP	2026-10-05T14:01:02.6328900Z ##[group]Checking out the ref
macos-sdk	UNKNOWN STEP	2026-10-05T14:01:02.6336360Z [command]/opt/homebrew/bin/git checkout --progress --force -B feat/game-aware-storage refs/remotes/origin/feat/game-aware-storage
macos-sdk	UNKNOWN STEP	2026-10-05T14:01:03.1126220Z Switched to a new branch 'feat/game-aware-storage'
macos-sdk	UNKNOWN STEP	2026-10-05T14:01:03.1221400Z branch 'feat/game-aware-storage' set up to track 'origin/feat/game-aware-storage'.
macos-sdk	UNKNOWN STEP	2026-10-05T14:01:03.1397040Z ##[endgroup]
macos-sdk	UNKNOWN STEP	2026-10-05T14:01:03.1463870Z [command]/opt/homebrew/bin/git log -1 --format=%H
macos-sdk	UNKNOWN STEP	2026-10-05T14:01:03.1592590Z 4952845f6546fd68f2951970c7ffd63fdf461829
macos-sdk	UNKNOWN STEP	2026-10-05T14:01:03.2321960Z ##[group]Run dtolnay/rust-toolchain@master
macos-sdk	UNKNOWN STEP	2026-10-05T14:01:03.2322400Z with:
macos-sdk	UNKNOWN STEP	2026-10-05T14:01:03.2322800Z   toolchain: 1.99.0
macos-sdk	UNKNOWN STEP	2026-10-05T14:01:03.2323050Z   components: rustfmt, clippy
macos-sdk	UNKNOWN STEP	2026-10-05T14:01:03.2323480Z ##[endgroup]
macos-sdk	UNKNOWN STEP	2026-10-05T14:01:03.2391230Z ##[start-action display=Parse toolchain version;id=__dtolnay_rust-toolchain.parse]
macos-sdk	UNKNOWN STEP	2026-10-05T14:01:03.2493700Z ##[group]Run if [[ -z $toolchain ]]; then
macos-sdk	UNKNOWN STEP	2026-10-05T14:01:03.2494230Z ^[[36;1mif [[ -z $toolchain ]]; then^[[0m
macos-sdk	UNKNOWN STEP	2026-10-05T14:01:03.2494770Z ^[[36;1m  # GitHub does not enforce `required: true` inputs itself. https://github.com/actions/runner/issues/1070^[[0m
macos-sdk	UNKNOWN STEP	2026-10-05T14:01:03.2495360Z ^[[36;1m  echo "'toolchain' is a required input" >&2^[[0m
macos-sdk	UNKNOWN STEP	2026-10-05T14:01:03.2495730Z ^[[36;1m  exit 1^[[0m
macos-sdk	UNKNOWN STEP	2026-10-05T14:01:03.2496110Z ^[[36;1melif [[ $toolchain =~ ^stable' '[0-9]+' '(year|month|week|day)s?' 'ago$ ]]; then^[[0m
macos-sdk	UNKNOWN STEP	2026-10-05T14:01:03.2496460Z ^[[36;1m  if [[ macOS == macOS ]]; then^[[0m
macos-sdk	UNKNOWN STEP	2026-10-05T14:01:03.2497160Z ^[[36;1m    echo "toolchain=1.$((($(date -v-$(sed 's/stable \([0-9]*\) \(.\).*/\1\2/' <<< $toolchain) +%s)/60/60/24-16569)/7/6))" >> $GITHUB_OUTPUT^[[0m
macos-sdk	UNKNOWN STEP	2026-10-05T14:01:03.2497690Z ^[[36;1m  else^[[0m
macos-sdk	UNKNOWN STEP	2026-10-05T14:01:03.2498160Z ^[[36;1m    echo "toolchain=1.$((($(date --date "${toolchain#stable }" +%s)/60/60/24-16569)/7/6))" >> $GITHUB_OUTPUT^[[0m
macos-sdk	UNKNOWN STEP	2026-10-05T14:01:03.2498650Z ^[[36;1m  fi^[[0m
macos-sdk	UNKNOWN STEP	2026-10-05T14:01:03.2499040Z ^[[36;1melif [[ $toolchain =~ ^stable' 'minus' '[0-9]+' 'releases?$ ]]; then^[[0m
macos-sdk	UNKNOWN STEP	2026-10-05T14:01:03.2499490Z ^[[36;1m  echo "toolchain=1.$((($(date +%s)/60/60/24-16569)/7/6-${toolchain//[^0-9]/}))" >> $GITHUB_OUTPUT^[[0m
macos-sdk	UNKNOWN STEP	2026-10-05T14:01:03.2500090Z ^[[36;1melif [[ $toolchain =~ ^1\.[0-9]+$ ]]; then^[[0m
macos-sdk	UNKNOWN STEP	2026-10-05T14:01:03.2500770Z ^[[36;1m  echo "toolchain=1.$((i=${toolchain#1.}, c=($(date +%s)/60/60/24-16569)/7/6, i+9*i*(10*i<=c)+90*i*(100*i<=c)))" >> $GITHUB_OUTPUT^[[0m
macos-sdk	UNKNOWN STEP	2026-10-05T14:01:03.2501330Z ^[[36;1melse^[[0m
macos-sdk	UNKNOWN STEP	2026-10-05T14:01:03.2501690Z ^[[36;1m  echo "toolchain=$toolchain" >> $GITHUB_OUTPUT^[[0m
macos-sdk	UNKNOWN STEP	2026-10-05T14:01:03.2502000Z ^[[36;1mfi^[[0m
macos-sdk	UNKNOWN STEP	2026-10-05T14:01:03.2600490Z shell: /bin/bash --noprofile --norc -e -o pipefail {0}
macos-sdk	UNKNOWN STEP	2026-10-05T14:01:03.2601010Z env:
macos-sdk	UNKNOWN STEP	2026-10-05T14:01:03.2601270Z   toolchain: 1.99.0
macos-sdk	UNKNOWN STEP	2026-10-05T14:01:03.2601620Z ##[endgroup]
macos-sdk	UNKNOWN STEP	2026-10-05T14:01:03.3775550Z ##[end-action id=__dtolnay_rust-toolchain.parse;outcome=success;conclusion=success;duration_ms=138]
macos-sdk	UNKNOWN STEP	2026-10-05T14:01:03.3794560Z ##[start-action display=Construct rustup command line;id=__dtolnay_rust-toolchain.flags]
macos-sdk	UNKNOWN STEP	2026-10-05T14:01:03.3862560Z ##[group]Run echo "targets=$(for t in ${targets//,/ }; do echo -n ' --target' $t; done)" >> $GITHUB_OUTPUT
macos-sdk	UNKNOWN STEP	2026-10-05T14:01:03.3864350Z ^[[36;1mecho "targets=$(for t in ${targets//,/ }; do echo -n ' --target' $t; done)" >> $GITHUB_OUTPUT^[[0m
macos-sdk	UNKNOWN STEP	2026-10-05T14:01:03.3866050Z ^[[36;1mecho "components=$(for c in ${components//,/ }; do echo -n ' --component' $c; done)" >> $GITHUB_OUTPUT^[[0m
macos-sdk	UNKNOWN STEP	2026-10-05T14:01:03.3866760Z ^[[36;1mecho "downgrade=" >> $GITHUB_OUTPUT^[[0m
macos-sdk	UNKNOWN STEP	2026-10-05T14:01:03.3942570Z shell: /bin/bash --noprofile --norc -e -o pipefail {0}
macos-sdk	UNKNOWN STEP	2026-10-05T14:01:03.3942910Z env:
macos-sdk	UNKNOWN STEP	2026-10-05T14:01:03.3943070Z   targets: 
macos-sdk	UNKNOWN STEP	2026-10-05T14:01:03.3943250Z   components: rustfmt, clippy
macos-sdk	UNKNOWN STEP	2026-10-05T14:01:03.3943440Z ##[endgroup]
macos-sdk	UNKNOWN STEP	2026-10-05T14:01:03.4765490Z ##[end-action id=__dtolnay_rust-toolchain.flags;outcome=success;conclusion=success;duration_ms=96]
macos-sdk	UNKNOWN STEP	2026-10-05T14:01:03.4768030Z ##[start-action display=Set $CARGO_HOME;id=__dtolnay_rust-toolchain.__run]
macos-sdk	UNKNOWN STEP	2026-10-05T14:01:03.4828650Z ##[group]Run echo CARGO_HOME=${CARGO_HOME:-"$HOME/.cargo"} >> $GITHUB_ENV
macos-sdk	UNKNOWN STEP	2026-10-05T14:01:03.4829150Z ^[[36;1mecho CARGO_HOME=${CARGO_HOME:-"$HOME/.cargo"} >> $GITHUB_ENV^[[0m
macos-sdk	UNKNOWN STEP	2026-10-05T14:01:03.4885910Z shell: /bin/bash --noprofile --norc -e -o pipefail {0}
macos-sdk	UNKNOWN STEP	2026-10-05T14:01:03.4886290Z ##[endgroup]
macos-sdk	UNKNOWN STEP	2026-10-05T14:01:03.5828840Z ##[end-action id=__dtolnay_rust-toolchain.__run;outcome=success;conclusion=success;duration_ms=105]
macos-sdk	UNKNOWN STEP	2026-10-05T14:01:03.5831850Z ##[start-action display=Install rustup if needed;id=__dtolnay_rust-toolchain.__run_2]
macos-sdk	UNKNOWN STEP	2026-10-05T14:01:03.5888720Z ##[group]Run if ! command -v rustup &>/dev/null; then
macos-sdk	UNKNOWN STEP	2026-10-05T14:01:03.5889140Z ^[[36;1mif ! command -v rustup &>/dev/null; then^[[0m
macos-sdk	UNKNOWN STEP	2026-10-05T14:01:03.5889800Z ^[[36;1m  curl --proto '=https' --tlsv1.2 --retry 10 --retry-connrefused --location --silent --show-error --fail https://sh.rustup.rs | sh -s -- --default-toolchain none -y^[[0m
macos-sdk	UNKNOWN STEP	2026-10-05T14:01:03.5890510Z ^[[36;1m  echo "$CARGO_HOME/bin" >> $GITHUB_PATH^[[0m
macos-sdk	UNKNOWN STEP	2026-10-05T14:01:03.5890770Z ^[[36;1mfi^[[0m
macos-sdk	UNKNOWN STEP	2026-10-05T14:01:03.5928420Z shell: /bin/bash --noprofile --norc -e -o pipefail {0}
macos-sdk	UNKNOWN STEP	2026-10-05T14:01:03.5928800Z env:
macos-sdk	UNKNOWN STEP	2026-10-05T14:01:03.5929000Z   CARGO_HOME: /Users/runner/.cargo
macos-sdk	UNKNOWN STEP	2026-10-05T14:01:03.5929220Z ##[endgroup]
macos-sdk	UNKNOWN STEP	2026-10-05T14:01:03.6903300Z ##[end-action id=__dtolnay_rust-toolchain.__run_2;outcome=success;conclusion=success;duration_ms=106]
macos-sdk	UNKNOWN STEP	2026-10-05T14:01:03.6910340Z ##[start-action display=Install rustup if needed on windows;id=__dtolnay_rust-toolchain.__run_3]
macos-sdk	UNKNOWN STEP	2026-10-05T14:01:03.6938470Z ##[end-action id=__dtolnay_rust-toolchain.__run_3;outcome=skipped;conclusion=skipped;duration_ms=0]
macos-sdk	UNKNOWN STEP	2026-10-05T14:01:03.7059360Z ##[start-action display=rustup toolchain install 1.99.0;id=__dtolnay_rust-toolchain.__run_4]
macos-sdk	UNKNOWN STEP	2026-10-05T14:01:03.7111470Z ##[group]Run log=$(mktemp)
macos-sdk	UNKNOWN STEP	2026-10-05T14:01:03.7111800Z ^[[36;1mlog=$(mktemp)^[[0m
macos-sdk	UNKNOWN STEP	2026-10-05T14:01:03.7112080Z ^[[36;1mtrap 'rm -f "$log"' EXIT^[[0m
macos-sdk	UNKNOWN STEP	2026-10-05T14:01:03.7112330Z ^[[36;1mfor attempt in 1 2 3 4 5; do^[[0m
macos-sdk	UNKNOWN STEP	2026-10-05T14:01:03.7112920Z ^[[36;1m  if rustup toolchain install 1.99.0 --component rustfmt --component clippy --profile minimal --no-self-update --force-non-host 2>&1 | tee "$log"; then^[[0m
macos-sdk	UNKNOWN STEP	2026-10-05T14:01:03.7113510Z ^[[36;1m    break^[[0m
macos-sdk	UNKNOWN STEP	2026-10-05T14:01:03.7113690Z ^[[36;1m  else^[[0m
macos-sdk	UNKNOWN STEP	2026-10-05T14:01:03.7113900Z ^[[36;1m    status=$?^[[0m
macos-sdk	UNKNOWN STEP	2026-10-05T14:01:03.7114130Z ^[[36;1m  fi^[[0m
macos-sdk	UNKNOWN STEP	2026-10-05T14:01:03.7114410Z ^[[36;1m  if [[ $attempt == 5 ]] || ! grep -Fq 'checksum failed for ' "$log" \^[[0m
macos-sdk	UNKNOWN STEP	2026-10-05T14:01:03.7114910Z ^[[36;1m      || ! grep -Fq 'this is likely due to an ongoing update of the official release server' "$log"; then^[[0m
macos-sdk	UNKNOWN STEP	2026-10-05T14:01:03.7115320Z ^[[36;1m    exit "$status"^[[0m
macos-sdk	UNKNOWN STEP	2026-10-05T14:01:03.7115490Z ^[[36;1m  fi^[[0m
macos-sdk	UNKNOWN STEP	2026-10-05T14:01:03.7115810Z ^[[36;1m  echo "Retrying rustup toolchain install in 30 seconds (retry $attempt of 4)" >&2^[[0m
macos-sdk	UNKNOWN STEP	2026-10-05T14:01:03.7116180Z ^[[36;1m  sleep 30^[[0m
macos-sdk	UNKNOWN STEP	2026-10-05T14:01:03.7116340Z ^[[36;1mdone^[[0m
macos-sdk	UNKNOWN STEP	2026-10-05T14:01:03.7231770Z shell: /bin/bash --noprofile --norc -e -o pipefail {0}
macos-sdk	UNKNOWN STEP	2026-10-05T14:01:03.7232130Z env:
macos-sdk	UNKNOWN STEP	2026-10-05T14:01:03.7232380Z   CARGO_HOME: /Users/runner/.cargo
macos-sdk	UNKNOWN STEP	2026-10-05T14:01:03.7232700Z   RUSTUP_PERMIT_COPY_RENAME: 1
macos-sdk	UNKNOWN STEP	2026-10-05T14:01:03.7232950Z ##[endgroup]
macos-sdk	UNKNOWN STEP	2026-10-05T14:01:03.9159550Z info: syncing channel updates for 1.99.0-aarch64-apple-darwin
macos-sdk	UNKNOWN STEP	2026-10-05T14:01:04.1579190Z info: latest update on 2026-10-01 for version 1.99.0 (b940084d7 2026-09-28)
macos-sdk	UNKNOWN STEP	2026-10-05T14:01:04.1593370Z info: downloading 5 components
macos-sdk	UNKNOWN STEP	2026-10-05T14:01:13.2331860Z 
macos-sdk	UNKNOWN STEP	2026-10-05T14:01:13.4906100Z   1.99.0-aarch64-apple-darwin installed - rustc 1.99.0 (b940084d7 2026-09-28)
macos-sdk	UNKNOWN STEP	2026-10-05T14:01:13.4908760Z 
macos-sdk	UNKNOWN STEP	2026-10-05T14:01:13.4915370Z info: self-update is disabled for this build of rustup
macos-sdk	UNKNOWN STEP	2026-10-05T14:01:13.4931870Z info: any updates to rustup will need to be fetched with your system package manager
macos-sdk	UNKNOWN STEP	2026-10-05T14:01:13.5822730Z ##[end-action id=__dtolnay_rust-toolchain.__run_4;outcome=success;conclusion=success;duration_ms=9876]
macos-sdk	UNKNOWN STEP	2026-10-05T14:01:13.5838590Z ##[start-action display=rustup default 1.99.0;id=__dtolnay_rust-toolchain.__run_5]
macos-sdk	UNKNOWN STEP	2026-10-05T14:01:13.5996830Z ##[group]Run rustup default 1.99.0 --force-non-host
macos-sdk	UNKNOWN STEP	2026-10-05T14:01:13.6018840Z ^[[36;1mrustup default 1.99.0 --force-non-host^[[0m
macos-sdk	UNKNOWN STEP	2026-10-05T14:01:13.6086460Z shell: /bin/bash --noprofile --norc -e -o pipefail {0}
macos-sdk	UNKNOWN STEP	2026-10-05T14:01:13.6096560Z env:
macos-sdk	UNKNOWN STEP	2026-10-05T14:01:13.6096890Z   CARGO_HOME: /Users/runner/.cargo
macos-sdk	UNKNOWN STEP	2026-10-05T14:01:13.6097180Z ##[endgroup]
macos-sdk	UNKNOWN STEP	2026-10-05T14:01:13.8379640Z info: using existing install for 1.99.0-aarch64-apple-darwin
macos-sdk	UNKNOWN STEP	2026-10-05T14:01:13.8582870Z info: default toolchain set to 1.99.0-aarch64-apple-darwin
macos-sdk	UNKNOWN STEP	2026-10-05T14:01:13.8584350Z 
macos-sdk	UNKNOWN STEP	2026-10-05T14:01:13.8865790Z   1.99.0-aarch64-apple-darwin unchanged - rustc 1.99.0 (b940084d7 2026-09-28)
macos-sdk	UNKNOWN STEP	2026-10-05T14:01:13.8869150Z 
macos-sdk	UNKNOWN STEP	2026-10-05T14:01:13.8879420Z info: note that the toolchain '1.99.0-aarch64-apple-darwin' is currently in use (overridden by '/Users/runner/work/PlaySparse/PlaySparse/rust-toolchain.toml')
macos-sdk	UNKNOWN STEP	2026-10-05T14:01:13.9069590Z ##[end-action id=__dtolnay_rust-toolchain.__run_5;outcome=success;conclusion=success;duration_ms=322]
macos-sdk	UNKNOWN STEP	2026-10-05T14:01:13.9079510Z ##[start-action display=Create cachekey;id=__dtolnay_rust-toolchain.rustc-version]
macos-sdk	UNKNOWN STEP	2026-10-05T14:01:13.9206980Z ##[group]Run DATE=$(rustc +1.99.0 --version --verbose | sed -ne 's/^commit-date: \(20[0-9][0-9]\)-\([01][0-9]\)-\([0-3][0-9]\)$/\1\2\3/p')
macos-sdk	UNKNOWN STEP	2026-10-05T14:01:13.9209160Z ^[[36;1mDATE=$(rustc +1.99.0 --version --verbose | sed -ne 's/^commit-date: \(20[0-9][0-9]\)-\([01][0-9]\)-\([0-3][0-9]\)$/\1\2\3/p')^[[0m
macos-sdk	UNKNOWN STEP	2026-10-05T14:01:13.9210860Z ^[[36;1mHASH=$(rustc +1.99.0 --version --verbose | sed -ne 's/^commit-hash: //p')^[[0m
macos-sdk	UNKNOWN STEP	2026-10-05T14:01:13.9212060Z ^[[36;1mecho "cachekey=$(echo $DATE$HASH | head -c12)" >> $GITHUB_OUTPUT^[[0m
macos-sdk	UNKNOWN STEP	2026-10-05T14:01:13.9291420Z shell: /bin/bash --noprofile --norc -e -o pipefail {0}
macos-sdk	UNKNOWN STEP	2026-10-05T14:01:13.9291920Z env:
macos-sdk	UNKNOWN STEP	2026-10-05T14:01:13.9292180Z   CARGO_HOME: /Users/runner/.cargo
macos-sdk	UNKNOWN STEP	2026-10-05T14:01:13.9292540Z ##[endgroup]
macos-sdk	UNKNOWN STEP	2026-10-05T14:01:14.1955480Z ##[end-action id=__dtolnay_rust-toolchain.rustc-version;outcome=success;conclusion=success;duration_ms=287]
macos-sdk	UNKNOWN STEP	2026-10-05T14:01:14.2011640Z ##[start-action display=Disable incremental compilation;id=__dtolnay_rust-toolchain.__run_6]
macos-sdk	UNKNOWN STEP	2026-10-05T14:01:14.2070540Z ##[group]Run if [ -z "${CARGO_INCREMENTAL+set}" ]; then
macos-sdk	UNKNOWN STEP	2026-10-05T14:01:14.2071120Z ^[[36;1mif [ -z "${CARGO_INCREMENTAL+set}" ]; then^[[0m
macos-sdk	UNKNOWN STEP	2026-10-05T14:01:14.2071530Z ^[[36;1m  echo CARGO_INCREMENTAL=0 >> $GITHUB_ENV^[[0m
macos-sdk	UNKNOWN STEP	2026-10-05T14:01:14.2071820Z ^[[36;1mfi^[[0m
macos-sdk	UNKNOWN STEP	2026-10-05T14:01:14.2115500Z shell: /bin/bash --noprofile --norc -e -o pipefail {0}
macos-sdk	UNKNOWN STEP	2026-10-05T14:01:14.2116450Z env:
macos-sdk	UNKNOWN STEP	2026-10-05T14:01:14.2116980Z   CARGO_HOME: /Users/runner/.cargo
macos-sdk	UNKNOWN STEP	2026-10-05T14:01:14.2117740Z ##[endgroup]
macos-sdk	UNKNOWN STEP	2026-10-05T14:01:14.3165610Z ##[end-action id=__dtolnay_rust-toolchain.__run_6;outcome=success;conclusion=success;duration_ms=115]
macos-sdk	UNKNOWN STEP	2026-10-05T14:01:14.3168860Z ##[start-action display=Enable colors in Cargo output;id=__dtolnay_rust-toolchain.__run_7]
macos-sdk	UNKNOWN STEP	2026-10-05T14:01:14.3199060Z ##[group]Run if [ -z "${CARGO_TERM_COLOR+set}" ]; then
macos-sdk	UNKNOWN STEP	2026-10-05T14:01:14.3199990Z ^[[36;1mif [ -z "${CARGO_TERM_COLOR+set}" ]; then^[[0m
macos-sdk	UNKNOWN STEP	2026-10-05T14:01:14.3209630Z ^[[36;1m  echo CARGO_TERM_COLOR=always >> $GITHUB_ENV^[[0m
macos-sdk	UNKNOWN STEP	2026-10-05T14:01:14.3209910Z ^[[36;1mfi^[[0m
macos-sdk	UNKNOWN STEP	2026-10-05T14:01:14.3301260Z shell: /bin/bash --noprofile --norc -e -o pipefail {0}
macos-sdk	UNKNOWN STEP	2026-10-05T14:01:14.3301690Z env:
macos-sdk	UNKNOWN STEP	2026-10-05T14:01:14.3301920Z   CARGO_HOME: /Users/runner/.cargo
macos-sdk	UNKNOWN STEP	2026-10-05T14:01:14.3302130Z   CARGO_INCREMENTAL: 0
macos-sdk	UNKNOWN STEP	2026-10-05T14:01:14.3302330Z ##[endgroup]
macos-sdk	UNKNOWN STEP	2026-10-05T14:01:14.4194620Z ##[end-action id=__dtolnay_rust-toolchain.__run_7;outcome=success;conclusion=success;duration_ms=102]
macos-sdk	UNKNOWN STEP	2026-10-05T14:01:14.4196870Z ##[start-action display=Enable Cargo sparse registry;id=__dtolnay_rust-toolchain.__run_8]
macos-sdk	UNKNOWN STEP	2026-10-05T14:01:14.4299750Z ##[group]Run # implemented in 1.66, stabilized in 1.68, made default in 1.70
macos-sdk	UNKNOWN STEP	2026-10-05T14:01:14.4300240Z ^[[36;1m# implemented in 1.66, stabilized in 1.68, made default in 1.70^[[0m
macos-sdk	UNKNOWN STEP	2026-10-05T14:01:14.4300860Z ^[[36;1mif [ -z "${CARGO_REGISTRIES_CRATES_IO_PROTOCOL+set}" -o -f "/Users/runner/work/_temp"/.implicit_cargo_registries_crates_io_protocol ]; then^[[0m
macos-sdk	UNKNOWN STEP	2026-10-05T14:01:14.4301490Z ^[[36;1m  if rustc +1.99.0 --version --verbose | grep -q '^release: 1\.6[89]\.'; then^[[0m
macos-sdk	UNKNOWN STEP	2026-10-05T14:01:14.4302000Z ^[[36;1m    touch "/Users/runner/work/_temp"/.implicit_cargo_registries_crates_io_protocol || true^[[0m
macos-sdk	UNKNOWN STEP	2026-10-05T14:01:14.4302860Z ^[[36;1m    echo CARGO_REGISTRIES_CRATES_IO_PROTOCOL=sparse >> $GITHUB_ENV^[[0m
macos-sdk	UNKNOWN STEP	2026-10-05T14:01:14.4303500Z ^[[36;1m  elif rustc +1.99.0 --version --verbose | grep -q '^release: 1\.6[67]\.'; then^[[0m
macos-sdk	UNKNOWN STEP	2026-10-05T14:01:14.4304020Z ^[[36;1m    touch "/Users/runner/work/_temp"/.implicit_cargo_registries_crates_io_protocol || true^[[0m
macos-sdk	UNKNOWN STEP	2026-10-05T14:01:14.4304480Z ^[[36;1m    echo CARGO_REGISTRIES_CRATES_IO_PROTOCOL=git >> $GITHUB_ENV^[[0m
macos-sdk	UNKNOWN STEP	2026-10-05T14:01:14.4304810Z ^[[36;1m  fi^[[0m
macos-sdk	UNKNOWN STEP	2026-10-05T14:01:14.4304960Z ^[[36;1mfi^[[0m
macos-sdk	UNKNOWN STEP	2026-10-05T14:01:14.4371100Z shell: /bin/bash --noprofile --norc -e -o pipefail {0}
macos-sdk	UNKNOWN STEP	2026-10-05T14:01:14.4371430Z env:
macos-sdk	UNKNOWN STEP	2026-10-05T14:01:14.4371620Z   CARGO_HOME: /Users/runner/.cargo
macos-sdk	UNKNOWN STEP	2026-10-05T14:01:14.4371840Z   CARGO_INCREMENTAL: 0
macos-sdk	UNKNOWN STEP	2026-10-05T14:01:14.4372040Z   CARGO_TERM_COLOR: always
macos-sdk	UNKNOWN STEP	2026-10-05T14:01:14.4372250Z ##[endgroup]
macos-sdk	UNKNOWN STEP	2026-10-05T14:01:14.6604790Z ##[end-action id=__dtolnay_rust-toolchain.__run_8;outcome=success;conclusion=success;duration_ms=240]
macos-sdk	UNKNOWN STEP	2026-10-05T14:01:14.6607610Z ##[start-action display=Work around spurious network errors in curl 8.0;id=__dtolnay_rust-toolchain.__run_9]
macos-sdk	UNKNOWN STEP	2026-10-05T14:01:14.6628570Z ##[group]Run # https://rust-lang.zulipchat.com/#narrow/stream/246057-t-cargo/topic/timeout.20investigation
macos-sdk	UNKNOWN STEP	2026-10-05T14:01:14.6629290Z ^[[36;1m# https://rust-lang.zulipchat.com/#narrow/stream/246057-t-cargo/topic/timeout.20investigation^[[0m
macos-sdk	UNKNOWN STEP	2026-10-05T14:01:14.6630060Z ^[[36;1mif rustc +1.99.0 --version --verbose | grep -q '^release: 1\.7[01]\.'; then^[[0m
macos-sdk	UNKNOWN STEP	2026-10-05T14:01:14.6630460Z ^[[36;1m  echo CARGO_HTTP_MULTIPLEXING=false >> $GITHUB_ENV^[[0m
macos-sdk	UNKNOWN STEP	2026-10-05T14:01:14.6630790Z ^[[36;1mfi^[[0m
macos-sdk	UNKNOWN STEP	2026-10-05T14:01:14.6670480Z shell: /bin/bash --noprofile --norc -e -o pipefail {0}
macos-sdk	UNKNOWN STEP	2026-10-05T14:01:14.6670780Z env:
macos-sdk	UNKNOWN STEP	2026-10-05T14:01:14.6671100Z   CARGO_HOME: /Users/runner/.cargo
macos-sdk	UNKNOWN STEP	2026-10-05T14:01:14.6687350Z   CARGO_INCREMENTAL: 0
macos-sdk	UNKNOWN STEP	2026-10-05T14:01:14.6687880Z   CARGO_TERM_COLOR: always
macos-sdk	UNKNOWN STEP	2026-10-05T14:01:14.6688440Z ##[endgroup]
macos-sdk	UNKNOWN STEP	2026-10-05T14:01:14.8280610Z ##[end-action id=__dtolnay_rust-toolchain.__run_9;outcome=success;conclusion=success;duration_ms=163]
macos-sdk	UNKNOWN STEP	2026-10-05T14:01:14.8285910Z ##[start-action display=rustc +1.99.0 --version --verbose;id=__dtolnay_rust-toolchain.__run_10]
macos-sdk	UNKNOWN STEP	2026-10-05T14:01:14.8350860Z ##[group]Run rustc +1.99.0 --version --verbose
macos-sdk	UNKNOWN STEP	2026-10-05T14:01:14.8351220Z ^[[36;1mrustc +1.99.0 --version --verbose^[[0m
macos-sdk	UNKNOWN STEP	2026-10-05T14:01:14.8433910Z shell: /bin/bash --noprofile --norc -e -o pipefail {0}
macos-sdk	UNKNOWN STEP	2026-10-05T14:01:14.8435370Z env:
macos-sdk	UNKNOWN STEP	2026-10-05T14:01:14.8436000Z   CARGO_HOME: /Users/runner/.cargo
macos-sdk	UNKNOWN STEP	2026-10-05T14:01:14.8436970Z   CARGO_INCREMENTAL: 0
macos-sdk	UNKNOWN STEP	2026-10-05T14:01:14.8437720Z   CARGO_TERM_COLOR: always
macos-sdk	UNKNOWN STEP	2026-10-05T14:01:14.8439050Z ##[endgroup]
macos-sdk	UNKNOWN STEP	2026-10-05T14:01:14.9674520Z rustc 1.99.0 (b940084d7 2026-09-28)
macos-sdk	UNKNOWN STEP	2026-10-05T14:01:14.9674850Z binary: rustc
macos-sdk	UNKNOWN STEP	2026-10-05T14:01:14.9675750Z commit-hash: b940084d7eb6a299eb4bfeb8e34901bc051e7ac4
macos-sdk	UNKNOWN STEP	2026-10-05T14:01:14.9677340Z commit-date: 2026-09-28
macos-sdk	UNKNOWN STEP	2026-10-05T14:01:14.9677760Z host: aarch64-apple-darwin
macos-sdk	UNKNOWN STEP	2026-10-05T14:01:14.9678050Z release: 1.99.0
macos-sdk	UNKNOWN STEP	2026-10-05T14:01:14.9678360Z LLVM version: 23.1.1
macos-sdk	UNKNOWN STEP	2026-10-05T14:01:14.9691380Z ##[end-action id=__dtolnay_rust-toolchain.__run_10;outcome=success;conclusion=success;duration_ms=140]
macos-sdk	UNKNOWN STEP	2026-10-05T14:01:14.9898750Z ##[group]Run Swatinem/rust-cache@v2
macos-sdk	UNKNOWN STEP	2026-10-05T14:01:14.9899080Z with:
macos-sdk	UNKNOWN STEP	2026-10-05T14:01:14.9899410Z   prefix-key: v0-rust
macos-sdk	UNKNOWN STEP	2026-10-05T14:01:14.9899710Z   add-job-id-key: true
macos-sdk	UNKNOWN STEP	2026-10-05T14:01:14.9899970Z   add-rust-environment-hash-key: true
macos-sdk	UNKNOWN STEP	2026-10-05T14:01:14.9900210Z   cache-targets: true
macos-sdk	UNKNOWN STEP	2026-10-05T14:01:14.9900420Z   cache-all-crates: false
macos-sdk	UNKNOWN STEP	2026-10-05T14:01:14.9900630Z   cache-workspace-crates: false
macos-sdk	UNKNOWN STEP	2026-10-05T14:01:14.9900850Z   save-if: true
macos-sdk	UNKNOWN STEP	2026-10-05T14:01:14.9901020Z   cache-provider: github
macos-sdk	UNKNOWN STEP	2026-10-05T14:01:14.9901230Z   cache-bin: true
macos-sdk	UNKNOWN STEP	2026-10-05T14:01:14.9901390Z   lookup-only: false
macos-sdk	UNKNOWN STEP	2026-10-05T14:01:14.9901570Z   cmd-format: {0}
macos-sdk	UNKNOWN STEP	2026-10-05T14:01:14.9901750Z env:
macos-sdk	UNKNOWN STEP	2026-10-05T14:01:14.9901910Z   CARGO_HOME: /Users/runner/.cargo
macos-sdk	UNKNOWN STEP	2026-10-05T14:01:14.9907110Z   CARGO_INCREMENTAL: 0
macos-sdk	UNKNOWN STEP	2026-10-05T14:01:14.9908120Z   CARGO_TERM_COLOR: always
macos-sdk	UNKNOWN STEP	2026-10-05T14:01:14.9908430Z ##[endgroup]
macos-sdk	UNKNOWN STEP	2026-10-05T14:01:16.7514220Z ##[group]Cache Configuration
macos-sdk	UNKNOWN STEP	2026-10-05T14:01:16.7515810Z Cache Provider:
macos-sdk	UNKNOWN STEP	2026-10-05T14:01:16.7516900Z     github
macos-sdk	UNKNOWN STEP	2026-10-05T14:01:16.7517720Z Workspaces:
macos-sdk	UNKNOWN STEP	2026-10-05T14:01:16.7518610Z     /Users/runner/work/PlaySparse/PlaySparse
macos-sdk	UNKNOWN STEP	2026-10-05T14:01:16.7520700Z Cache Paths:
macos-sdk	UNKNOWN STEP	2026-10-05T14:01:16.7521310Z     /Users/runner/.cargo/bin
macos-sdk	UNKNOWN STEP	2026-10-05T14:01:16.7521940Z     /Users/runner/.cargo/.crates.toml
macos-sdk	UNKNOWN STEP	2026-10-05T14:01:16.7522710Z     /Users/runner/.cargo/.crates2.json
macos-sdk	UNKNOWN STEP	2026-10-05T14:01:16.7523380Z     /Users/runner/.cargo/registry
macos-sdk	UNKNOWN STEP	2026-10-05T14:01:16.7524090Z     /Users/runner/.cargo/git
macos-sdk	UNKNOWN STEP	2026-10-05T14:01:16.7524770Z     /Users/runner/work/PlaySparse/PlaySparse/target
macos-sdk	UNKNOWN STEP	2026-10-05T14:01:16.7525620Z Restore Key:
macos-sdk	UNKNOWN STEP	2026-10-05T14:01:16.7526190Z     v0-rust-macos-sdk-Darwin-arm64-ff44c5d7
macos-sdk	UNKNOWN STEP	2026-10-05T14:01:16.7526980Z Cache Key:
macos-sdk	UNKNOWN STEP	2026-10-05T14:01:16.7528040Z     v0-rust-macos-sdk-Darwin-arm64-ff44c5d7-55e17a5c
macos-sdk	UNKNOWN STEP	2026-10-05T14:01:16.7528860Z .. Prefix:
macos-sdk	UNKNOWN STEP	2026-10-05T14:01:16.7529420Z   - v0-rust-macos-sdk-Darwin-arm64
macos-sdk	UNKNOWN STEP	2026-10-05T14:01:16.7530090Z .. Environment considered:
macos-sdk	UNKNOWN STEP	2026-10-05T14:01:16.7530780Z   - Rust Versions:
macos-sdk	UNKNOWN STEP	2026-10-05T14:01:16.7531540Z     - 1.98.1 aarch64-apple-darwin 48a229ceaefd4985c50990b14116b6d856af0985
macos-sdk	UNKNOWN STEP	2026-10-05T14:01:16.7532600Z     - 1.99.0 aarch64-apple-darwin b940084d7eb6a299eb4bfeb8e34901bc051e7ac4
macos-sdk	UNKNOWN STEP	2026-10-05T14:01:16.7533490Z   - CARGO_HOME
macos-sdk	UNKNOWN STEP	2026-10-05T14:01:16.7534080Z   - CARGO_INCREMENTAL
macos-sdk	UNKNOWN STEP	2026-10-05T14:01:16.7534630Z   - CARGO_TERM_COLOR
macos-sdk	UNKNOWN STEP	2026-10-05T14:01:16.7535250Z .. Lockfiles considered:
macos-sdk	UNKNOWN STEP	2026-10-05T14:01:16.7535900Z   - /Users/runner/work/PlaySparse/PlaySparse/Cargo.lock
macos-sdk	UNKNOWN STEP	2026-10-05T14:01:16.7537030Z   - /Users/runner/work/PlaySparse/PlaySparse/crates/playsparse-cache/Cargo.toml
macos-sdk	UNKNOWN STEP	2026-10-05T14:01:16.7538590Z   - /Users/runner/work/PlaySparse/PlaySparse/crates/playsparse-cli/Cargo.toml
macos-sdk	UNKNOWN STEP	2026-10-05T14:01:16.7539870Z   - /Users/runner/work/PlaySparse/PlaySparse/crates/playsparse-core/Cargo.toml
macos-sdk	UNKNOWN STEP	2026-10-05T14:01:16.7541490Z   - /Users/runner/work/PlaySparse/PlaySparse/crates/playsparse-game/Cargo.toml
macos-sdk	UNKNOWN STEP	2026-10-05T14:01:16.7542780Z   - /Users/runner/work/PlaySparse/PlaySparse/crates/playsparse-overlay/Cargo.toml
macos-sdk	UNKNOWN STEP	2026-10-05T14:01:16.7544130Z   - /Users/runner/work/PlaySparse/PlaySparse/crates/playsparse-policy/Cargo.toml
macos-sdk	UNKNOWN STEP	2026-10-05T14:01:16.7545780Z   - /Users/runner/work/PlaySparse/PlaySparse/crates/playsparse-range/Cargo.toml
macos-sdk	UNKNOWN STEP	2026-10-05T14:01:16.7547100Z   - /Users/runner/work/PlaySparse/PlaySparse/crates/playsparse-store/Cargo.toml
macos-sdk	UNKNOWN STEP	2026-10-05T14:01:16.7548670Z   - /Users/runner/work/PlaySparse/PlaySparse/crates/playsparse-trace/Cargo.toml
macos-sdk	UNKNOWN STEP	2026-10-05T14:01:16.7549950Z   - /Users/runner/work/PlaySparse/PlaySparse/crates/playsparse-vfs-fuse/Cargo.toml
macos-sdk	UNKNOWN STEP	2026-10-05T14:01:16.7551590Z   - /Users/runner/work/PlaySparse/PlaySparse/crates/playsparse-vfs-win/Cargo.toml
macos-sdk	UNKNOWN STEP	2026-10-05T14:01:16.7552860Z   - /Users/runner/work/PlaySparse/PlaySparse/rust-toolchain.toml
macos-sdk	UNKNOWN STEP	2026-10-05T14:01:16.7554880Z   - /Users/runner/work/PlaySparse/PlaySparse/tools/io-probe/Cargo.toml
macos-sdk	UNKNOWN STEP	2026-10-05T14:01:16.7556390Z ##[endgroup]
macos-sdk	UNKNOWN STEP	2026-10-05T14:01:16.7556690Z 
macos-sdk	UNKNOWN STEP	2026-10-05T14:01:16.7557330Z ... Restoring cache ...
macos-sdk	UNKNOWN STEP	2026-10-05T14:01:16.9787750Z Cache hit for: v0-rust-macos-sdk-Darwin-arm64-ff44c5d7-55e17a5c
macos-sdk	UNKNOWN STEP	2026-10-05T14:01:18.1640570Z Received 33554432 of 52950288 (63.4%), 31.9 MBs/sec
macos-sdk	UNKNOWN STEP	2026-10-05T14:01:18.3803230Z Received 52950288 of 52950288 (100.0%), 41.4 MBs/sec
macos-sdk	UNKNOWN STEP	2026-10-05T14:01:18.3808640Z Cache Size: ~50 MB (52950288 B)
macos-sdk	UNKNOWN STEP	2026-10-05T14:01:18.3913020Z [command]/opt/homebrew/bin/gtar -xf /Users/runner/work/_temp/9d995e56-0009-4696-8612-33442621f804/cache.tzst -P -C /Users/runner/work/PlaySparse/PlaySparse --delay-directory-restore --use-compress-program unzstd
macos-sdk	UNKNOWN STEP	2026-10-05T14:01:19.2747410Z Cache restored successfully
macos-sdk	UNKNOWN STEP	2026-10-05T14:01:19.2765310Z Restored from cache key "v0-rust-macos-sdk-Darwin-arm64-ff44c5d7-55e17a5c" full match: true.
macos-sdk	UNKNOWN STEP	2026-10-05T14:01:19.3029820Z ##[group]Run brew install pkgconf
macos-sdk	UNKNOWN STEP	2026-10-05T14:01:19.3039580Z ^[[36;1mbrew install pkgconf^[[0m
macos-sdk	UNKNOWN STEP	2026-10-05T14:01:19.3207160Z shell: /bin/bash -e {0}
macos-sdk	UNKNOWN STEP	2026-10-05T14:01:19.3207700Z env:
macos-sdk	UNKNOWN STEP	2026-10-05T14:01:19.3208200Z   CARGO_HOME: /Users/runner/.cargo
macos-sdk	UNKNOWN STEP	2026-10-05T14:01:19.3208790Z   CARGO_INCREMENTAL: 0
macos-sdk	UNKNOWN STEP	2026-10-05T14:01:19.3209150Z   CARGO_TERM_COLOR: always
macos-sdk	UNKNOWN STEP	2026-10-05T14:01:19.3209650Z   CACHE_ON_FAILURE: false
macos-sdk	UNKNOWN STEP	2026-10-05T14:01:19.3210130Z ##[endgroup]
macos-sdk	UNKNOWN STEP	2026-10-05T14:01:22.1409530Z ^[[33mWarning:^[[0m pkgconf 3.0.7 is already installed and up-to-date.
macos-sdk	UNKNOWN STEP	2026-10-05T14:01:22.1411360Z To reinstall 3.0.7, run:
macos-sdk	UNKNOWN STEP	2026-10-05T14:01:22.1412130Z   brew reinstall pkgconf
macos-sdk	UNKNOWN STEP	2026-10-05T14:01:22.1561770Z ##[group]Run python3 tools/macos-sdk-check.py --work "$RUNNER_TEMP/playsparse-macos-sdk"
macos-sdk	UNKNOWN STEP	2026-10-05T14:01:22.1562530Z ^[[36;1mpython3 tools/macos-sdk-check.py --work "$RUNNER_TEMP/playsparse-macos-sdk"^[[0m
macos-sdk	UNKNOWN STEP	2026-10-05T14:01:22.1605490Z shell: /bin/bash -e {0}
macos-sdk	UNKNOWN STEP	2026-10-05T14:01:22.1605870Z env:
macos-sdk	UNKNOWN STEP	2026-10-05T14:01:22.1606190Z   CARGO_HOME: /Users/runner/.cargo
macos-sdk	UNKNOWN STEP	2026-10-05T14:01:22.1606750Z   CARGO_INCREMENTAL: 0
macos-sdk	UNKNOWN STEP	2026-10-05T14:01:22.1607020Z   CARGO_TERM_COLOR: always
macos-sdk	UNKNOWN STEP	2026-10-05T14:01:22.1607420Z   CACHE_ON_FAILURE: false
macos-sdk	UNKNOWN STEP	2026-10-05T14:01:22.1607770Z ##[endgroup]
macos-sdk	UNKNOWN STEP	2026-10-05T14:01:24.6956210Z attach: 0
macos-sdk	UNKNOWN STEP	2026-10-05T14:01:25.3912460Z signature: 0
macos-sdk	UNKNOWN STEP	2026-10-05T14:01:25.7614610Z extract: 0
macos-sdk	UNKNOWN STEP	2026-10-05T14:01:26.2558770Z fmt: 0
macos-sdk	UNKNOWN STEP	2026-10-05T14:02:14.8316370Z clippy: 0
macos-sdk	UNKNOWN STEP	2026-10-05T14:03:13.7733120Z tests: 0
macos-sdk	UNKNOWN STEP	2026-10-05T14:04:59.1149530Z release: 0
macos-sdk	UNKNOWN STEP	2026-10-05T14:05:09.9514460Z detach: 0
macos-sdk	UNKNOWN STEP	2026-10-05T14:05:10.7427490Z {
macos-sdk	UNKNOWN STEP	2026-10-05T14:05:10.7438640Z   "status": "PASS",
macos-sdk	UNKNOWN STEP	2026-10-05T14:05:10.7449000Z   "evidence": "/Users/runner/work/_temp/playsparse-macos-sdk",
macos-sdk	UNKNOWN STEP	2026-10-05T14:05:10.7450410Z   "mount_validation": "NOT RUN"
macos-sdk	UNKNOWN STEP	2026-10-05T14:05:10.7450820Z }
macos-sdk	UNKNOWN STEP	2026-10-05T14:05:10.8253960Z ##[group]Run actions/upload-artifact@v4
macos-sdk	UNKNOWN STEP	2026-10-05T14:05:10.8254990Z with:
macos-sdk	UNKNOWN STEP	2026-10-05T14:05:10.8255680Z   name: macos-sdk-evidence
macos-sdk	UNKNOWN STEP	2026-10-05T14:05:10.8257040Z   path: /Users/runner/work/_temp/playsparse-macos-sdk/result.json
macos-sdk	UNKNOWN STEP	/Users/runner/work/_temp/playsparse-macos-sdk/*.log
macos-sdk	UNKNOWN STEP	
macos-sdk	UNKNOWN STEP	2026-10-05T14:05:10.8259320Z   if-no-files-found: warn
macos-sdk	UNKNOWN STEP	2026-10-05T14:05:10.8259980Z   compression-level: 6
macos-sdk	UNKNOWN STEP	2026-10-05T14:05:10.8260850Z   overwrite: false
macos-sdk	UNKNOWN STEP	2026-10-05T14:05:10.8261520Z   include-hidden-files: false
macos-sdk	UNKNOWN STEP	2026-10-05T14:05:10.8262130Z env:
macos-sdk	UNKNOWN STEP	2026-10-05T14:05:10.8262810Z   CARGO_HOME: /Users/runner/.cargo
macos-sdk	UNKNOWN STEP	2026-10-05T14:05:10.8263570Z   CARGO_INCREMENTAL: 0
macos-sdk	UNKNOWN STEP	2026-10-05T14:05:10.8264280Z   CARGO_TERM_COLOR: always
macos-sdk	UNKNOWN STEP	2026-10-05T14:05:10.8265170Z   CACHE_ON_FAILURE: false
macos-sdk	UNKNOWN STEP	2026-10-05T14:05:10.8266130Z ##[endgroup]
macos-sdk	UNKNOWN STEP	2026-10-05T14:05:12.1863770Z (node:9867) [DEP0040] DeprecationWarning: The `punycode` module is deprecated. Please use a userland alternative instead.
macos-sdk	UNKNOWN STEP	2026-10-05T14:05:12.1865690Z (Use `node --trace-deprecation ...` to show where the warning was created)
macos-sdk	UNKNOWN STEP	2026-10-05T14:05:12.2274550Z With the provided path, there will be 17 files uploaded
macos-sdk	UNKNOWN STEP	2026-10-05T14:05:12.2369620Z Artifact name is valid!
macos-sdk	UNKNOWN STEP	2026-10-05T14:05:12.2370290Z Root directory input is valid!
macos-sdk	UNKNOWN STEP	2026-10-05T14:05:12.5755870Z Beginning upload of artifact content to blob storage
macos-sdk	UNKNOWN STEP	2026-10-05T14:05:12.6345360Z (node:9867) [DEP0169] DeprecationWarning: `url.parse()` behavior is not standardized and prone to errors that have security implications. Use the WHATWG URL API instead. CVEs are not issued for `url.parse()` vulnerabilities.
macos-sdk	UNKNOWN STEP	2026-10-05T14:05:12.7779430Z Uploaded bytes 12009
macos-sdk	UNKNOWN STEP	2026-10-05T14:05:12.8210230Z Finished uploading artifact content to blob storage!
macos-sdk	UNKNOWN STEP	2026-10-05T14:05:12.8211920Z SHA256 digest of uploaded artifact zip is 71b568ebae664b0ecb5aff38580236648d4d06297e8dfe7383a4f391fcd64e3f
macos-sdk	UNKNOWN STEP	2026-10-05T14:05:12.8212480Z Finalizing artifact upload
macos-sdk	UNKNOWN STEP	2026-10-05T14:05:13.0893340Z Artifact macos-sdk-evidence.zip successfully finalized. Artifact ID 11350797074
macos-sdk	UNKNOWN STEP	2026-10-05T14:05:13.0895070Z Artifact macos-sdk-evidence has been successfully uploaded! Final size is 12009 bytes. Artifact ID is 11350797074
macos-sdk	UNKNOWN STEP	2026-10-05T14:05:13.0905810Z Artifact download URL: https://github.com/gogolumo/PlaySparse/actions/runs/37321274058/artifacts/11350797074
macos-sdk	UNKNOWN STEP	2026-10-05T14:05:13.1475980Z Post job cleanup.
macos-sdk	UNKNOWN STEP	2026-10-05T14:05:13.4049370Z Cache up-to-date.
macos-sdk	UNKNOWN STEP	2026-10-05T14:05:13.4225630Z Post job cleanup.
macos-sdk	UNKNOWN STEP	2026-10-05T14:05:13.6514610Z [command]/opt/homebrew/bin/git version
macos-sdk	UNKNOWN STEP	2026-10-05T14:05:13.6853440Z git version 2.55.0
macos-sdk	UNKNOWN STEP	2026-10-05T14:05:13.6899720Z Copying '/Users/runner/.gitconfig' to '/Users/runner/work/_temp/205c7473-e73c-4f2c-84a4-29a6dcd70124/.gitconfig'
macos-sdk	UNKNOWN STEP	2026-10-05T14:05:13.6923090Z Temporarily overriding HOME='/Users/runner/work/_temp/205c7473-e73c-4f2c-84a4-29a6dcd70124' before making global git config changes
macos-sdk	UNKNOWN STEP	2026-10-05T14:05:13.6925490Z Adding repository directory to the temporary git global config as a safe directory
macos-sdk	UNKNOWN STEP	2026-10-05T14:05:13.6930720Z [command]/opt/homebrew/bin/git config --global --add safe.directory /Users/runner/work/PlaySparse/PlaySparse
macos-sdk	UNKNOWN STEP	2026-10-05T14:05:13.7074630Z [command]/opt/homebrew/bin/git config --local --name-only --get-regexp core\.sshCommand
macos-sdk	UNKNOWN STEP	2026-10-05T14:05:13.7241180Z [command]/opt/homebrew/bin/git submodule foreach --recursive sh -c "git config --local --name-only --get-regexp 'core\.sshCommand' && git config --local --unset-all 'core.sshCommand' || :"
macos-sdk	UNKNOWN STEP	2026-10-05T14:05:13.9153090Z [command]/opt/homebrew/bin/git config --local --name-only --get-regexp http\.https\:\/\/github\.com\/\.extraheader
macos-sdk	UNKNOWN STEP	2026-10-05T14:05:13.9225500Z http.https://github.com/.extraheader
macos-sdk	UNKNOWN STEP	2026-10-05T14:05:13.9243000Z [command]/opt/homebrew/bin/git config --local --unset-all http.https://github.com/.extraheader
macos-sdk	UNKNOWN STEP	2026-10-05T14:05:13.9436220Z [command]/opt/homebrew/bin/git submodule foreach --recursive sh -c "git config --local --name-only --get-regexp 'http\.https\:\/\/github\.com\/\.extraheader' && git config --local --unset-all 'http.https://github.com/.extraheader' || :"
macos-sdk	UNKNOWN STEP	2026-10-05T14:05:14.0809710Z [command]/opt/homebrew/bin/git config --local --name-only --get-regexp ^includeIf\.gitdir:
macos-sdk	UNKNOWN STEP	2026-10-05T14:05:14.0920430Z [command]/opt/homebrew/bin/git submodule foreach --recursive git config --local --show-origin --name-only --get-regexp remote.origin.url
macos-sdk	UNKNOWN STEP	2026-10-05T14:05:14.3558030Z Cleaning up orphan processes
macos-sdk	UNKNOWN STEP	2026-10-05T14:05:17.3551750Z ##[warning]Node.js 20 is deprecated. The following actions target Node.js 20 but are being forced to run on Node.js 24: actions/checkout@v4, actions/upload-artifact@v4. For more information see: https://github.blog/changelog/2025-09-19-deprecation-of-node-20-on-github-actions-runners/
